Nom de l'établissement;Adresse;Site Web;Status
Hôtel Kyriad Le Mans;345 Av. Bollée 72000 Le Mans France;https://le-mans-est.kyriad.com/fr-fr/?utm_content=partoo&utm_medium=seo-bgp&utm_source=google;Traité
Hôtel Kyriad Limoges Feytiat;PA DU PONTEIX Ponteix 87220 Feytiat France;https://limoges-sud-feytiat.kyriad.com/fr-fr/?utm_content=partoo&utm_medium=seo-bgp&utm_source=google;Traité
Hôtel Kyriad Meaux Sud - Nanteuil-lès-Meaux;23 Av. de la Foulée 77100 Nanteuil-lès-Meaux France;https://meaux-sud-nanteuil-les-meaux.kyriad.com/fr-fr/?utm_content=partoo&utm_medium=seo-bgp&utm_source=google;Traité
Hôtel Kyriad Nancy Ludres;338 Rue Bertholet 54710 Ludres France;https://nancy-sud-ludres.kyriad.com/fr-fr/?utm_content=partoo&utm_medium=seo-bgp&utm_source=google;Traité
Hôtel Kyriad Prestige - Sarrebourg Les Terrasses;ZAC les Terrasses de la Sarre 57400 Sarrebourg France;https://prestige-sarrebourg-les-terrasses.kyriad.com/;Traité
Hôtel Kyriad Saint Chély d'Apcher - Aire de la Lozère;Aire de la Garde A 75 sortie 32 - Aire de la Lozère 48200 La Garde France;http://www.kyriad.com/fr/hotels/kyriad-saint-chely-dapcher-aire-de-la-lozere;Traité
Hôtel l' Appollu;Sotto alla Chiesa 20237 La Porta France;https://www.lappollu.com/;Traité
Hôtel L’ange de la vallée (Bellignat/ Oyonnax);54 Av. d'Oyonnax 01100 Bellignat France;http://www.hotellangedelavallee.com/;Traité
Hôtel La Bastide de Boulbon;Rue de L Hôtel de ville 13150 Boulbon France;http://www.labastidedeboulbon.com/;Traité
Hôtel La Bastide de Saint-Tropez;Rte des Carles 83990 Saint-Tropez France;http://www.bastide-saint-tropez.com/;Traité
Hôtel La Bastide d'Eygalières;765 Chem. de Pestelade 13810 Eygalières France;http://www.hotellabastide.com/;Traité
Hôtel LA BASTIDE D'IRIS;280 Route de Barjac 07150 Vagnas France;https://www.labastidediris.com/;Traité
Hôtel La Bastide Gourmande;660 Rte de Cagnes 06480 La Colle-sur-Loup France;http://www.labastidehotel.fr/;Traité
Hôtel La Bastide Saint Georges;Route de Banon 04300 Forcalquier France;https://www.bastidesaintgeorges.com/?utm_source=gmb;Traité
Hôtel La Belle Etoile et Chalets Faverot;111 Av. de la Muzelle 38860 Les Deux Alpes France;https://www.belleetoile-faverot.com/;Traité
Hôtel La Bergerie;103 Rte du Téléphérique 74110 Morzine France;http://www.hotel-bergerie.com/;Traité
Hôtel La Buissonnière;36 Av. Saint-Jean 58800 Corbigny France;http://www.hotel-buissonniere.com/;Traité
Hôtel La Calanque;20 Av. de la Calanque 83240 Cavalaire-sur-Mer France;https://hoteldelacalanque.com/;Traité
HÔTEL LA CAPELLE MILLAU;Pl. de la Capelle 12100 Millau France;http://www.hotel-millau-capelle.com/;Traité
Hôtel La Chapelle - 4 étoiles à Annecy;9 Av. de Cran 74000 Annecy France;https://www.lachapelle-annecy.com/;Traité
Hôtel La Chartreuse du Val Saint Esprit;1 Rue de Fouquières 62199 Gosnay France;https://www.lachartreuse.com/;Traité
Hôtel La Chataigneraie;RD 84- Lieu dit 84 Rimpianata 20126 Évisa France;https://lachataigneraieinevisa.fr/;Traité
Hôtel La Chaudanne;88 Rue des Jeux Olympiques 73550 Les Allues France;https://www.chaudanne.com/?utm_source=google&utm_medium=organic&utm_campaign=mybusiness;Traité
Hôtel la Chaumette;Bd de la Chaumette 07000 Privas France;https://la-chaumette.worhot.com/;Traité
Hôtel La Chaumière;2 Rue Paul Lasnier 18700 Aubigny-sur-Nère France;http://hotel-restaurant-la-chaumiere.com/;Traité
Hôtel La Chouette;3 Rue des Creux de Chagny 21190 Puligny-Montrachet France;http://www.la-chouette.fr/;Traité
Hôtel La Clef des Champs;40 Taille de mas du Chateau Av. de Joux Plane 74110 Morzine France;https://www.clefdeschamps.com/;Traité
Hôtel la Clef des Châteaux - Hôtel & Restaurant;14 Rue de Chambord 41250 Maslives France;https://www.hotel-la-clef-des-chateaux.fr/;Traité
Hôtel La Colombière;4 Rte de Clermont 15500 Massiac France;http://www.hotel-lacolombiere.com/;Traité
Hôtel la crémaillere coté jardin;28A Av. de la Combattante 14470 Courseulles-sur-Mer France;https://www.la-cremaillere.com/;Traité
Hôtel La Découverte;Route de Boutières 43150 Les Estables France;http://www.decouverte-estables.com/;Traité
Hôtel La Demeure Guingamp;5 Rue du Général de Gaulle 22200 Guingamp France;https://lademeure.bzh/;Traité
Hôtel La Désirade;847 Le Petit Cosquet - Bangor 56360 Belle-ile-en-mer France;http://www.hotel-la-desirade.com/;Traité
Hôtel La Dimora;Route de Saint-Florent 20232 Oletta France;http://www.ladimora.fr/;Traité
Hôtel La Fantaisie;24 Rue Cadet 75009 Paris France;https://www.lafantaisie.com/;Traité
Hôtel La Ferme d'Augustin;979 Rte de Tahiti 83350 Ramatuelle France;http://www.fermeaugustin.com/;Traité
HÔTEL LA FERME DE BOURRAN - RODEZ (parking gratuit, soirée étape). Les meilleurs prix sont sur notre Site Web.;4 Rue de Berlin 12000 Rodez France;https://www.secure-hotel-booking.com/touch/Hotel-Ferme-de-Bourran/2L1E/fr#/;Traité
Hôtel La Ferme du Lac Thyez;550 Av. Louis Coppel 74300 Thyez France;https://www.fermedulac.com/;Traité
Hôtel La Finca;44 Bd Richard-Lenoir 75011 Paris France;http://www.casalafinca.com/;Traité
Hôtel La Fontaine;5 Pass. de la Fontaine 65100 Lourdes France;http://www.hotellafontainelourdes.jimdofree.com/;Traité
Hôtel la Forêt;22 Rue de Verdun 28250 Senonches France;http://www.logishotels.com/fr/hotel/-2886?partid=661;Traité
Hôtel La Fraîchette;Chem. de Crémanville 14600 La Rivière-Saint-Sauveur France;http://www.lafraichette.com/;Traité
Hôtel la Garenne;Place du Jumelage 07120 Labeaume France;http://www.hotel-ardechesud.com/;Traité
Hôtel La Glycine;11 Pl. du Commando N 4 14970 Bénouville France;http://www.la-glycine.com/?utm_source=gmb;Traité
Hôtel la Guimbarde;10 Pl. Carnot 25500 Morteau France;https://www.la-guimbarde.com/;Traité
hôtel la haie des granges;voie communale n°47 lieu dit la haie des granges 27120 Ménilles France;http://www.lahaiedesgranges.fr/;Traité
Hôtel La Maison d'Aix;25 Rue du 4 Septembre 13100 Aix-en-Provence France;http://www.lamaisondaix.com/;Traité
Hôtel la Maison des Dunes;14 Rue de l'Océan 56410 Erdeven France;https://lamaisondesdunes.com/;Traité
Hôtel La Marianne;5 Av. du Travail 97400 Sevran France;;
Hôtel la Marine;11 Rue de Paris 50270 Barneville-Carteret France;http://www.hotelmarine.com/;Traité
Hôtel La Matelote;70 Bd Sainte-Beuve 62200 Boulogne-sur-Mer France;https://www.la-matelote.com/hotel-restaurant-cote-dopale/hotel/;Traité
Hôtel La Ménado;148 All. de la Plage 83240 Cavalaire-sur-Mer France;https://lamenado.com/;Traité
Hôtel La Métairie;444 ROUTE DE LABORDE 81170 Cordes-sur-Ciel France;https://www.hotellametairie.fr/;Traité
Hôtel La Métairie;Lieu dit 24150 Mauzac-et-Grand-Castang France;http://www.la-metairie.com/;Traité
Hôtel La Nouvelle République;9 Rue Marguerite Moret 75011 Paris France;https://www.hotel-la-nouvelle-republique.paris/;Traité
Hôtel La Perna;1777 Chem. des Coudoulets 84210 Pernes-les-Fontaines France;https://hotel-la-perna.com/;Traité
Hôtel La Pinède;7 Chem. des Lentisques 20000 Ajaccio France;http://www.la-pinede.com/;Traité
Hôtel La Ramade Avranches;2 Rue de la Côté 50300 Avranches France;https://laramade.fr/;Traité
Hôtel La Rencluse;HOTEL LA RENCLUSE 4 avenue de Gascogne 31110 Saint-Mamet France;https://www.hotel-larencluse.com/;Traité
Hôtel La Réserve de Beaulieu;5 Bd du Maréchal Leclerc 06310 Beaulieu-sur-Mer France;https://www.reservebeaulieu.com/;Traité
Hôtel La Réserve de Brive;1 Pl. Maréchal de Lattre de Tassigny 19100 Brive-la-Gaillarde France;https://www.hotel-reserve-brive.com/;Traité
Hôtel la Rivière;60 Av. du Pont de Truyère 12140 Entraygues-sur-Truyère France;http://hotellariviere.com/fr/index.php;Traité
Hôtel La Roche;34 Av. du Capitaine Bulle 73270 Beaufort France;https://www.hotellaroche.fr/;Traité
Hôtel La Route d'Argent à Bozouls - Océane et Loïc;1 Rte d'Espalion 12340 Bozouls France;http://www.laroutedargent.com/#hotel;Traité
Hôtel La Signoria;Route De La Foret De Bonifato 20260 Calvi France;https://www.hotel-la-signoria.com/;Traité
Hôtel La Sivolière;Rue des Chenus 73120 Courchevel France;http://www.hotel-la-sivoliere.com/;Traité
Hôtel La Tartane Saint Tropez;Chem. des Salins 83990 Saint-Tropez France;https://www.latartane-hotel.com/;Traité
Hôtel la Tonnellerie;12 Rue des Eaux Bleues 45190 Tavers France;https://www.latonnelleriehotel.com/;Traité
Hôtel la Tour des Anglais;13 bis Pl. Juhel 53100 Mayenne France;http://www.latourdesanglais.com/;Traité
Hôtel La Tour des Lys;89 Rte de Mons 59600 Mairieux France;https://www.latoursdeslys.com/;Traité
Hôtel La Tour Romaine Haguenau Strasbourg Nord;7 Imp. Hutmatt 67590 Schweighouse-sur-Moder France;https://travellinglogan.com/restaurant-la-tour-romaine-france;Traité
Hôtel La Truite Dorée;Rue de la Barre 46090 St Géry-Vers France;https://www.latruitedoree.fr/;Traité
Hôtel La Vague de Saint Paul - Hôtel et Restaurant;Chem. des Salettes 06570 Saint-Paul-de-Vence France;https://www.vaguesaintpaul.com/fr/;Traité
Hôtel La Vanoise;Lieu dit Plan Peisey - PEISEY-VALLANDRY 73210 PEISEY VALLANDRY France;http://www.hotel-la-vanoise.com/;Traité
Hôtel la Venise Verte;11 Rte de Joinville 10200 Soulaines-Dhuys France;https://www.logishotels.com/fr/hotel/-461832?partid=1535;Traité
Hôtel La Vigneraie;82 Rte de Saint-Blaise 06670 Levens France;https://lavigneraielevens.com/;Traité
Hôtel La Villa des Ternes;97 Av. des Ternes 75017 Paris France;https://www.paris-hotel-ternes.com/;Traité
Hôtel La Villa en l'Île;38 Av. de la Victoire 85330 Noirmoutier-en-l'Île France;http://www.lavillaenlile.com/;Traité
Hôtel La Voie Lactée;22 Av. du Tourmalet 65200 Bagnères-de-Bigorre France;https://hotel-lavoielactee.fr/;Traité
Hôtel La Zoologie;151 Cr de la Marne 33800 Bordeaux France;https://www.hotelzoologie.com/fr/;Traité
Hôtel L'Abbaye d'Alspach;2 Rue du Maréchal Foch 68240 Kaysersberg Vignoble France;http://www.hotel-abbaye-alspach.com/?utm_source=google&utm_medium=my_business;Traité
Hôtel Laborderie;8 Pl. Paul Delmond 24620 Tamniès France;https://hotel-laborderie.com/;Traité
Hôtel Labrador;101 Rte du Golf 74400 Chamonix-Mont-Blanc France;https://hotel-labrador.com/;Traité
Hôtel l'Abreuvoir Nantes Nord - HERIC;La Croix Blanche 44810 Héric France;https://www.hotel-abreuvoir.fr/;Traité
Hôtel l'Agape;897 Moliade 65230 Thermes-Magnoac France;https://www.hotel-agape.fr/;Traité
Hôtel l'Aiglière;Clôt de Saint-Romain 05290 Puy-Saint-Vincent France;http://www.hotel-aigliere.com/;Traité
Hôtel l'Aiguille Verte;683 Rue Joseph Vallot 74400 Chamonix-Mont-Blanc France;https://www.aiguilleverte-chamonix.com/;Traité
Hôtel Lancaster Paris Champs Elysées;7 Rue de Berri 75008 Paris France;http://www.hotel-lancaster.com/;Traité
Hôtel L'Antoine;10-12 Rue de Charonne 75011 Paris France;https://www.hotelantoineparis.com/?utm_source=google&utm_medium=organic&utm_campaign=Knowledge_Graph;Traité
Hôtel L'Arboisie;483 Rte du Gollet 74120 Megève France;https://arboisie-megeve.com/;Traité
Hôtel Lastiry;Place Du Village 64310 Sare France;http://www.hotel-lastiry-sare.com/;Traité
Hôtel L'Auberge Campagnarde;4 Place J.M. Jacquemet 01230 Évosges France;http://www.auberge-campagnarde.com/;Traité
Hôtel Lazare Nomade;23 Rue d'Athènes 75009 Paris France;https://lazarenomade.com/;Traité
Hôtel le 15 - Périgueux - Coulounieix - Sortie 15 - Autoroute A89;l'Export Créavalleé Nord Rue Frida Kahlo - Rue de 24660 Coulounieix-Chamiers France;https://hotel-le15-dordogne.com/;Traité
Hôtel Le 19-21 - Leucate;19 Av. Francis Vals 11370 Leucate France;https://www.hotel19-21.com/?utm_source=google&utm_medium=organic&utm_campaign=gmb;Traité
Hôtel Le 37 Bis;37 Bis Av. du Roule 92200 Neuilly-sur-Seine France;https://le37bishotel-paris.com/;Traité
Hôtel Le 6 Tiquetonne;6 Rue Tiquetonne 75002 Paris France;https://le6tiquetonnehotel-paris.com/;Traité
Hôtel Le Bailli de Suffren;15 Av. des Américains 83820 Rayol-Canadel-sur-Mer France;https://www.lebaillidesuffren.com/;Traité
Hôtel Le Bayonne;1 Av. Jean Rostand 64100 Bayonne France;http://www.hotel-le-bayonne.com/;Traité
Hôtel Le Beau Rivage;Rue A Marina 20220 Algajola France;https://www.hotel-beau-rivage.com/;Traité
Hôtel Le Belmont;30 Rue de Bassano 75116 Paris France;http://www.belmont-paris-hotel.com/;Traité
Hôtel Le Blizzard;Av. Olympique 73150 Val-d'Isère France;https://hotelblizzard.com/?utm_source=google&utm_medium=organic&utm_campaign=fiche;Traité
Hôtel Le Bois d'Imbert;Lieu dit Le Route de Lacave Bois d'Imbert 46500 Rocamadour France;http://leboisdimbert.com/;Traité
Hôtel Le Bois Joli & Restaurant La Table d'Oche;210 Rte du Chenay 74500 Saint-Paul-en-Chablais France;http://www.hotel-bois-joli.fr/;Traité
Hôtel Le Bugatti;3 Rte Ecospace 67120 Molsheim France;https://www.hotel-le-bugatti.com/?utm_source=MyBusiness;Traité
Hôtel Le Cadran;5 Rue du Temple 86400 Civray France;https://hotel-le-cadran.odoo.com/;Traité
Hôtel le Cantou 354;5 Pl. du Foirail 46130 Loubressac France;https://www.hotel-lecantou354.com/?utm_source=google&utm_medium=organic&utm_campaign=fiche;Traité
Hôtel Le Cardinal - Sauzon;503 Chem. de Port Bellec 56360 Sauzon France;http://www.hotel-cardinal.fr/;Traité
Hôtel Le Cardinal Paris;3 Rue du Cardinal Mercier 75009 Paris France;https://www.lecardinal.fr/;Traité
Hôtel le Castelet;Av. Michel Bertrand 63240 Mont-Dore France;http://www.hotel-castelet.com/;Traité
Hôtel Le Castel-Moor - Le Croisic;12 Av. du Castouillet 44490 Le Croisic France;http://www.castel-moor.com/;Traité
Hôtel le Catinat Fleuri;100 Chem. d'Eygliers 05600 Guillestre France;http://www.catinat-fleuri.com/;Traité
Hôtel Le Central;5/7 Rue des Bains 14360 Trouville-sur-Mer France;https://hotel-central-trouville.com/;Traité
Hôtel le Cep;27 Rue Maufoux 21200 Beaune France;https://www.hotel-cep-beaune.com/?utm_source=gmb;Traité
Hôtel Le Chalet;20276 Asco France;http://www.hotel-lechalet-asco.com/hotel-asco-corse/;Traité
Hôtel Le Chalet Blanc;26 Rue de Serre Thibaud 05100 Montgenèvre France;http://www.hotellechaletblanc.com/;Traité
Hôtel le Chamois d'Or;4080 Rte de Cordon 74700 Cordon France;http://www.hotel-chamoisdor.com/;Traité
Hôtel Le Chardon Bleu;7 Trav. des Lauriers Roses 83120 Sainte-Maxime France;http://www.aubergeduchardonbleu.com/;Traité
Hôtel Le Chardon Bleu Risoul;Secteur de Chérine 05600 Risoul France;http://lechardonbleurisoul.fr/?utm_source=gmb;Traité
Hôtel Le Chat Botté;place de l'Eglise 43 Rue de la Boulangerie 17590 Saint-Clément-des-Baleines France;http://www.hotelchatbotte.com/;Traité
Hôtel Le Chat Noir;68 Bd de Clichy 75018 Paris France;https://hotelchatnoir.com/;Traité
Hôtel Le Château de Sable;38 Rue de l'Europe 29840 Porspoder France;https://www.lechateaudesablehotel.fr/;Traité
Hôtel Le Château Fort;Porte des Princes 08200 Sedan France;http://hotel-lechateaufort.fr/;Traité
Hôtel le Chêne Doré;12 Pl. de l'Hôtel de Ville 28240 La Loupe France;http://www.logishotels.com/fr/hotel/-157101?partid=661;Traité
Hôtel Le Cheval Blanc;8 Av. Gambetta 79400 Saint-Maixent-l'École France;https://hotel-le-cheval-blanc.com/;Traité
Hôtel Le Cheval Blanc Honfleur;2 Quai des Passagers 14600 Honfleur France;http://www.hotel-honfleur.com/;Traité
Hôtel Le Christiania;593 Rte de Notre Dame de la Gorge 74170 Les Contamines-Montjoie France;http://www.lechristiania-hotel.com/;Traité
Hôtel Le Christiania Villard de Lans;220 Av. du Professeur Nobécourt 38250 Villard-de-Lans France;https://www.hotel-villard.com/;Traité
Hôtel Le Cinq Codet;5 Rue Louis Codet 75007 Paris France;https://2lcollection.com/cinq-codet.html;Traité
Hôtel Le Clos Albert;6 Rue de la sous Préfecture 86200 Loudun France;https://www.leclosalbert.fr/fr;Traité
Hôtel le Clos Badan;49 B Rue de Cîteaux 21700 Agencourt France;https://www.le-clos-badan.fr/;Traité
Hôtel Le Clos Médicis;56 Rue Monsieur le Prince 75006 Paris France;http://www.closmedicis.com/;Traité
Hôtel le Clos St Jacques;12 Av. du Général de Gaulle 77160 Provins France;;
Hôtel Le Colombier;166 Rte de la Palud 04360 Moustiers-Sainte-Marie France;https://www.hotelcolombier.com/;Traité
Hôtel Le Corbusson Laval Ouest;Hôtel le Corbusson Rue du Corbusson 53940 Saint-Berthevin France;http://www.domaine-le-corbusson.com/?utm_source=google&utm_medium=wix_google_business_profile&utm_campaign=3508862066494006132;Traité
Hôtel Le Coucou Méribel;464 Rte du Belvédère 73550 Les Allues France;https://www.lecoucoumeribel.com/fr/;Traité
Hôtel Le Diamond Rock;Rte du Rosset 73320 Tignes France;http://www.diamond-rock.fr/?utm_source=Google&utm_medium=Fiche&utm_campaign=My-Business;Traité
Hôtel Le Domaine de Montmorency;7 Bd des Briffaults 95160 Montmorency France;;
Hôtel Le Domaine Des Vignes;41 route Taquière Route Nationale 86 69420 Ampuis France;http://domaine-des-vignes.com/?utm_source=gmb;Traité
Hôtel Le Dormeur;9 Rue des Remparts 67120 Dorlisheim France;http://www.hotel-ledormeur.com/;Traité
Hôtel Le Dormeur du Val;32 bis Rue de la Gravière 08000 Charleville-Mézières France;http://hotel-dormeur-du-val.com/;Traité
Hôtel Le Dormeux;5 Rue Henri Boulard 18500 Mehun-sur-Yèvre France;https://hotelmehunledormeux.fr/;Traité
Hôtel Le Fer à Cheval;11 Rue Victor Hugo 14360 Trouville-sur-Mer France;http://www.feracheval-trouville.com/;Traité
Hôtel Le Fer à Cheval;d'Arbois 36 Rte du Crêt 74120 Megève France;https://www.feracheval-megeve.com/;Traité
Hôtel Le Floréal;Sainte-Eugénie 66270 Le Soler France;https://www.lefloreal-lesoler.fr/;Traité
Hôtel Le Forestia;290 Rue des Frênes 45700 Pannes France;https://www.hotelforestia.fr/;Traité
Hôtel Le France;5 Pl. de L Hôtel de ville 80400 Ham France;;
Hôtel Le Galambre;3115 Rue de Générac 30900 Nîmes France;https://legalambre.fr/;Traité
Hôtel Le gaudence;2 Rue de Redon 56350 Allaire France;http://hotel-legaudence.com/;Traité
Hôtel Le Général;5-7 Rue Rampon 75011 Paris France;http://www.legeneralhotel.com/;Traité
Hôtel Le Grand Bec;291 Av. de la Grande Casse 73710 Pralognan-la-Vanoise France;http://hoteldugrandbec.fr/;Traité
Hôtel Le Grand Cap;173 Av. de la Plage 06190 Roquebrune-Cap-Martin France;https://www.hotel-roquebrune-cap-martin.fr/;Traité
Hôtel Le Grand Cerf;30 Pl. Isaac Benserade 27480 Lyons-la-Forêt France;http://www.grandcerf.fr/;Traité
Hôtel Le Grand Large - Ile de Ré - Face à la plage;154 Av. des Dunes 17940 Rivedoux-Plage France;https://www.hoteldugrandlarge.com/;Traité
Hôtel Le Grand Large Belle-Île-en-Mer;Goulphar 56360 Bangor France;https://hotelgrandlarge.com/;Traité
Hôtel le Grand Puech;8 Rue Saint-Sébastien 13105 Mimet France;https://www.legrandpuech.fr/;Traité
Hôtel Le Grand Tétras;14 Av. Emmanuel Brousse 66120 Font-Romeu-Odeillo-Via France;https://www.hotelgrandtetras.fr/fr/?utm_source=MyBusiness;Traité
Hôtel Le Grecale;Vanghina Lieu-dit 20131 Pianottoli-Caldarello France;http://www.legrecale.com/;Traité
Hôtel Le Green des Impressionnistes;4 Rue du Parc 95300 Ennery France;https://green-des-impressionnistes.com/;Traité
Hôtel Le Griffon d'Or;10 Rue du 4 Septembre 01000 Bourg-en-Bresse France;https://www.hotelgriffondor.fr/;Traité
Hôtel Le Jas de Joucas;255 chemin de la haute pinede Route de murs 84220 Joucas France;http://www.lejasdejoucas.com/;Traité
Hôtel Le K2 Altitude;356 Rue de l'Altiport 73120 Courchevel France;https://www.lek2altitude.com/?utm_source=google-my-business&utm_medium=mybusiness;Traité
Hôtel Le Kaïla;124 Rue des Jeux Olympiques 73550 Les Allues France;https://www.lekaila.com/fr/hotel-luxe-meribel-savoie;Traité
Hôtel Le Kennedy, The Originals Relais;17 Bd Edgar Quinet 63100 Clermont-Ferrand France;https://www.le-kennedy.fr/;Traité
Hôtel Le Labrador;266 Rte du Léry 74260 Les Gets France;http://www.labrador-hotel.com/;Traité
Hôtel Le Lac;65 Grande Rue 25160 Malbuisson France;https://www.complexe-le-lac.fr/hotel-le-lac;Traité
Hôtel Le Lavoisier;21 Rue Lavoisier 75008 Paris France;https://lelavoisier.com/?utm_source=gmb&utm_medium=organic&utm_campaign=gmb_lavoisier;Traité
Hôtel Le Lichen;4 Rte de la Govelle 44740 Batz-sur-Mer France;https://www.le-lichen.com/;Traité
Hôtel Le Lion Verd;2 Pl. de L Hôtel de ville 61210 Putanges-le-Lac France;http://www.hotellelionverd.com/;Traité
Hôtel Le Lyon Vert;30 bis Rue Lavoisier 03600 Commentry France;https://www.lelyonvert.fr/;Traité
Hôtel Le Lys;2 Rue de la Féria 65110 Cauterets France;https://www.hotel-le-lys.com/;Traité
Hôtel Le Magnifique Paris;20bis Rue de la Gaité 75014 Paris France;https://www.hotelmagnifiqueparis.com/;Traité
Hôtel le Magny;Rte de Tonnerre D 452 10340 Les Riceys France;http://www.hotel-lemagny.com/;Traité
Hôtel Le Mandelberg;Mandelberg 68630 Mittelwihr France;http://www.hotelmandelberg.fr/?utm_source=google&utm_medium=organic&utm_campaign=mybusiness;Traité
Hôtel Le Manoir Au Lac | Gérardmer;59 Chem. de la Droite du Lac 88400 Gérardmer France;https://www.manoiraulac.com/;Traité
Hôtel Le Mas Des Amandiers;112 Imp. des Amandiers 13690 Graveson France;http://www.hotel-des-amandiers.com/;Traité
Hôtel le Mas des Quintrands;2360 route de Volx 300 mètres après AUCHAN direction Volx 04100 Manosque France;https://lemasdesquintrands.fr/;Traité
Hôtel Le Mas Du Colombier;22 Rte de Pertuis 84160 Cadenet France;https://lemasducolombier.com/;Traité
Hôtel le Mas Trilles;Pont de Reynes 66400 Céret France;http://www.le-mas-trilles.com/fr/;Traité
Hôtel le Mathurin;35 Rue de l'Arcade 75008 Paris France;http://www.le-mathurin.com/;Traité
Hôtel Le Méditerranée;Chem. du Pass. de las Baques 66700 Argelès-sur-Mer France;https://www.lemediterranee-argeles.fr/fr/hotel;Traité
Hôtel le Mirval;Hôtel 3 Rue Saint-Vincent Ferrier 06430 La Brigue France;https://lemirval.com/;Traité
Hôtel le Mont Barral;Hameau des 1 Route du Sapet Les Nonières 26410 Châtillon-en-Diois France;http://www.hotelmontbarral-vercors.com/;Traité
Hôtel le Morillon;135 Rte de Samoëns 74440 Morillon France;http://www.hotellemorillon.com/;Traité
Hôtel Le Moulin;7 Rue du Moulin 67110 Gundershoffen France;https://lecrindumoulin.com/;Traité
Hôtel le Moulin de la Sorinière;Le Moulin de la Sorinière 79250 Nueil-les-Aubiers France;;
Hôtel Le Moulin De Lily;80 Rue Léon Bourgeois 91120 Palaiseau France;https://www.lemoulindelily.com/;Traité
Hôtel Le Mouton Bleu;241 Rte du Port 74290 Talloires-Montmin France;https://www.hotelmoutonbleu.com/;Traité
Hôtel Le Nessay;Bd du Bechay 35800 Saint-Briac-sur-Mer France;https://www.lenessay.com/;Traité
Hôtel Le Niobel;Lieu dit Rimessa 20226 Belgodère France;https://www.leniobel.com/;Traité
Hôtel Le Normandie Bagnoles de L'Orne;2 Av. du Dr Paul Lemuet 61140 Bagnoles de l'Orne Normandie France;https://www.hotel-le-normandie.com/;Traité
Hôtel le Normandy;1 Av. Pierre Mendès France 27200 Vernon France;http://www.normandy-hotel.fr/;Traité
Hôtel Le Nouveau Monde;64 Chau. du Sillon 35400 Saint-Malo France;https://www.hotel-le-nouveau-monde.fr/;Traité
Hôtel Le Palais Gallien;144 Rue Abbé de l'Épée 33000 Bordeaux France;https://hotel-palais-gallien-bordeaux.com/;Traité
Hôtel Le Parc;29 Grande Rue 78160 Marly-le-Roi France;https://leparcmarly.fr/;Traité
Hôtel le Parc;1 Pl. Moreau 52210 Arc-en-Barrois France;http://www.logishotels.com/fr/hotel/-3520?partid=661;Traité
Hôtel le Parc Fétan;17 Rue de Berder 56870 Larmor-Baden France;https://www.hotel-parcfetan.com/;Traité
Hôtel Le Pélican;20 Rue des Marquisats 74000 Annecy France;https://www.hotel-lepelican.fr/;Traité
Hôtel Le Perigord;1008 Rte des Résistants 24250 La Roque-Gageac France;http://www.hotel-leperigord.com/;Traité
Hôtel le Petit Dru;289 Rte des Putheys 74110 Morzine France;http://www.lepetitdru.com/fr/;Traité
Hôtel Le Petit Létraz;410 All. de la Plage 74410 Duingt France;http://www.lepetitletraz.com/;Traité
Hôtel LE PETIT MONDE;54 Rue du Quatre Septembre 24290 Montignac-Lascaux France;http://www.hotel-montignac.fr/;Traité
Hôtel Le Petit Perier - 3 étoiles - Laval;4 Pl. du Gast 53000 Laval France;https://www.hotel-lepetitperier.fr/;Traité
Hôtel Le Pic Blanc;Rue du Rif Briant 38750 Huez France;http://www.hotel-picblanc-alpes.com/;Traité
Hôtel Le Pigonnet 5 étoiles - Esprit de France;5 Av. du Pigonnet 13090 Aix-en-Provence France;https://www.esprit-de-france.com/fr/hotels/hotel-le-pigonnet?utm_source=google&utm_medium=gmb&utm_campaign=fiche;Traité
Hôtel Le Pinarello;Sainte-Lucie-de 3662 Strada Di Pinareddu Pinarello Plage de 20144 Porto-Vecchio France;http://www.lepinarello.com/;Traité
Hôtel Le Pradey - Paris - 1e arrondissement;5 Rue Saint-Roch 75001 Paris France;https://www.lepradey.com/?utm_source=gmb&utm_medium=organic&utm_campaign=gmb_pradey;Traité
Hôtel Le Pré de la Mer;143 Chem. des Salins 83990 Saint-Tropez France;https://www.lepredelamer.fr/;Traité
Hôtel le Pré Serroux;4 Av. du Général Brosset 70290 Champagney France;http://www.logishotels.com/fr/hotel/-3163?partid=661;Traité
Hôtel Le Prieuré;8 Av. Jean-Paul II 71600 Paray-le-Monial France;http://www.hotelprieure.fr/;Traité
Hôtel Le Provençal Giens;113 Pl. Saint-Pierre 83400 Hyères France;https://www.provencalhotel.com/fr/?utm_source=google-business-profile;Traité
Hôtel Le Puy-Ferrand, Restaurant La Table de L'Ours. Meilleur prix Garanti sur notre site;41 RUE DIEUDONNE COSTES 63240 Mont-Dore France;https://www.hotel-puy-ferrand.com/;Traité
Hôtel Le Rayon Vert;1 Rue Général Leclerc 76790 Étretat France;https://hotelrayonvertetretat.com/?utm_source=gmb;Traité
Hôtel Le Refuge;117 Prom. des Tovieres 73320 Tignes France;http://www.refuge-tignes.com/;Traité
Hôtel Le Refuge des Sources;36 Av. des Thermes 04000 Digne-les-Bains France;https://www.lerefugedessources.com/?utm_source=GMB;Traité
Hôtel Le Régina - Le Puy en Velay;34 Bd Maréchal Fayolle 43000 Le Puy-en-Velay France;http://www.hotelrestregina.com/;Traité
Hôtel Le Relais - Fleurance;32 Av. Charles de Gaulle 32500 Fleurance France;https://www.hotel-le-relais-fleurance.fr/;Traité
Hôtel Le Relais de Voisins;Av. du Grand Pré 78960 Voisins-le-Bretonneux France;http://www.lerelaisdevoisins.com/;Traité
Hôtel Le Relais des Chartreuses;106 Av. d'en Carbouner 66160 Le Boulou France;https://relais-des-chartreuses.fr/;Traité
Hôtel Le Relais des Lacs Restaurant;70 avenue François Mitterrand 58230 Planchez France;https://lerelaisdeslacs.com/;Traité
Hôtel le Relais du Bastidou;quartier 32160 Beaumarchés France;https://www.logishotels.com/fr/hotel/-5190?partid=1535;Traité
Hôtel le Relais du Haut Limousin;2 Bd Karl Marx 87120 Eymoutiers France;http://www.relaisduhautlimousin.com/;Traité
Hôtel le Relais du Val d'Orbieu;372 La Rougeante RD 24 11200 Ornaisons France;http://www.relaisduvaldorbieu.com/;Traité
Hôtel Le Relax Périgueux Boulazac;44 Rte de Lyon 24750 Boulazac Isle Manoire France;https://www.hotel-le-relax.com/;Traité
Hôtel Le Richebourg;Rle du Pont 21700 Vosne-Romanée France;http://www.hotel-lerichebourg.com/;Traité
Hôtel le Richevaux Rest. le Romain;74 Av. Président Kennedy 88300 Neufchâteau France;http://www.logishotels.com/fr/hotel/-200114?partid=661;Traité
Hôtel Le Riviera;16 Av. Charles de Gaulle 73100 Aix-les-Bains France;https://www.rivieraaixlesbains.com/fr/?utm_source=google-business-profile;Traité
Hôtel Le Rocher Du Cerf;Station 4 Rte du Rocher du Cerf 15300 Laveissière France;http://www.lerocherducerf.com/;Traité
Hôtel le Roosevelt;14 Quai des Remparts 08600 Givet France;;
Hôtel Le Roquebrune;100 Av. Jean Jaurès 06190 Roquebrune-Cap-Martin France;https://www.le-roquebrune.com/;Traité
Hôtel le Royal;68 Rue d'Hesdin 62130 Saint-Pol-sur-Ternoise France;https://sites.google.com/view/leroyalhotelsaintpol/accueil;Traité
Hôtel Le Saint Aubin;2 Rue de la Cavalcade 72350 Chevillé France;http://www.hotellestaubin.com/;Traité
Hôtel Le Saint Joseph;Rue Park City 73120 Courchevel France;http://lesaintjoseph.com/;Traité
Hôtel Le Saint Martin;33 Rue d'Erve 72300 Sablé-sur-Sarthe France;https://www.vallee-de-la-sarthe.com/offres/hotel-le-saint-martin-sable-sur-sarthe-fr-2705895/#tariffs;Traité
Hôtel Le Saint Paul;86 Rue Grande 06570 Saint-Paul-de-Vence France;https://www.lesaintpaul.com/;Traité
Hôtel le Sainte Mère;8 Rue de Richedoux 50480 Sainte-Mère-Église France;http://www.hotel-sainte-mere.com/;Traité
Hôtel Le Samoyède;9 Pl. de l'Office du Tourisme 74110 Morzine France;http://www.hotel-lesamoyede.com/;Traité
Hôtel Le Sauvage;6 Rue du Chapitre 25000 Besançon France;https://lesauvage-besancon.fr/;Traité
Hôtel Le Savoie;Av. Olympique 73150 Val-d'Isère France;https://www.neilson.co.uk/ski/france/val-disere/neilson-hotel-spa-le-savoie;Traité
Hôtel Le Savoy Méribel;435 Rue des Jeux Olympiques 73550 Les Allues France;https://www.hotel-savoy-meribel.com/;Traité
Hôtel Le Siècle;18 Pl. des Terreaux 84380 Mazan France;http://www.le-siecle.com/;Traité
Hôtel Le Six;14 Rue Stanislas 75006 Paris France;http://www.hotel-le-six.com/en/?utm_source=google&utm_medium=organic&utm_campaign=Knowledge_Graph;Traité
Hôtel Le Sporting;34 Rte des Nants 74110 Morzine France;http://www.hotelsporting-morzine.com/;Traité
Hôtel Le St Amand;80 Rue Fradet 18200 Saint-Amand-Montrond France;https://le-saint-amand.com/;Traité
Hôtel Le Taos;Rte du Rosset 73320 Tignes France;https://www.hotel-le-taos.com/;Traité
Hôtel Le Thouarsais - Chez PYLO'GIS;10 Pl. Hublin 37140 Bourgueil France;https://www.hotelpylogis.com/;Traité
Hôtel Le Tremplin Gourette;Pl. du Sarrière 64440 Eaux-Bonnes France;http://www.hotel-tremplin-gourette.com/;Traité
Hôtel Le Troubadour Rocamadour;Belveyre 46500 Rocamadour France;https://www.hotel-troubadour.com/;Traité
Hôtel Le Tuc de l'Etang;Station du Mourtis 31440 BOUTX LE MOURTIS France;http://www.tucdeletang-mourtis.com/;Traité
Hôtel Le V de Vaujany;469 place du Rissiou 38114 Vaujany France;https://hotel-vdevaujany.fr/;Traité
Hôtel Le Val d'Isère;Place Jacques Mouflier 73150 Val-d'Isère France;http://www.hotel-valdisere.com/;Traité
Hôtel le Val Moret;Rue du Maréchal Leclerc 10110 Magnant France;https://le-val-moret.com/fr/;Traité
Hôtel Le Valéran;3 Rue de l'Église 55500 Ligny-en-Barrois France;https://hotel-levaleran.top/;Traité
Hôtel Le Vascon;15 Pl. de la Font Chaude 40100 Dax France;https://hotel-levascon-dax.fr/;Traité
Hôtel Le Vauban;7 Rue Sebline 50500 Carentan-les-Marais France;https://www.levauban-hotel.fr/;Traité
Hôtel le Vauban;8 Rte de Cabourg 14810 Merville-Franceville-Plage France;http://www.hotel-levauban.com/;Traité
Hôtel Le Verdon;43 Av. du Colombier 04800 Gréoux-les-Bains France;https://www.hotel-le-verdon.fr/;Traité
Hôtel Le Verseau;Rue du 8 Mai 1945 73570 Brides-les-Bains France;http://www.hotel-le-verseau.com/;Traité
Hôtel Le Vieux Castillon;10 Rue Turion Sabatier 30210 Castillon-du-Gard France;https://www.vieuxcastillon.fr/?utm_source=google&utm_medium=organique&utm_campaign=gmb;Traité
Hôtel Le Vintage;20 Rue Brémond d'Ars 29300 Quimperlé France;http://www.hotelvintage.fr/;Traité
Hôtel Le Vulcain;L 1 Rue du Puits Gillier 42152 L'Horme France;http://www.hotel-vulcain.com/;Traité
Hôtel Le Ya'Tis;Parc du tésan 30126 Saint-Laurent-des-Arbres France;https://leyatis.fr/;Traité
Hôtel L'Ecrin Vert;1 Rue Haute du Rempart 68240 Kaysersberg Vignoble France;https://www.ecrinvert.com/;Traité
Hôtel L'Edelweiss;12 Chem. du Col de la Louza 73710 Pralognan-la-Vanoise France;http://www.hotel-edelweiss-pralognan.com/;Traité
Hôtel l'Élysée Val d'Europe;7 Cr du Danube 77700 Serris France;http://www.hotelelysee.com/fr/;Traité
Hôtel L'Empereur;320 Avenue St Alexandre Sauli 20270 Aléria France;http://www.hotel-empereur.fr/;Traité
Hôtel L'Erguillère;Port Racine 50440 La Hague France;http://www.hotel-lerguillere.com/;Traité
Hôtel Les 3 Lieux - La nuit, La Table, Le Bistrot;10 Port des Noues 49130 Les Ponts-de-Cé France;https://www.les3lieux.com/;Traité
Hôtel Les Acacias;21 Rue de l'Égalité 30240 Le Grau-du-Roi France;http://www.hotel-les-acacias.com/;Traité
Hôtel Les Aiglons Chamonix;270 Av. de Courmayeur 74400 Chamonix-Mont-Blanc France;https://aiglons.com/?utm_medium=organic&utm_source=google&utm_campaign=gmb-main;Traité
Hôtel les Alizés;9 Rue des Vosges 67640 Lipsheim France;http://www.hotel-les-alizes.com/;Traité
Hôtel Les Arcades - Le Lion d'Or;7 Pl. du Marché 26170 Buis-les-Baronnies France;https://www.hotel-les-arcades.fr/;Traité
Hôtel Les Atlantes;2 Rte de Saujon 17600 Médis France;http://www.atlantes-hotel-royan.com/;Traité
Hôtel Les Augustines;18 Rte de la Plage 80120 Quend France;https://www.hotellesaugustines.fr/;Traité
Hôtel Les Bains;Rue Joseph Fontanet 73570 Brides-les-Bains France;https://www.hotel-lesbains.fr/;Traité
Hôtel les Bains;15 Pl. du Marché 76460 Saint-Valery-en-Caux France;http://www.lesbains76.com/;Traité
Hôtel Les Bains de Mer;11 Rue Kerguélen 29950 Bénodet France;http://www.lesbainsdemer.com/;Traité
Hôtel Les Balcons;1 chemin du grand Lognan 73210 La Plagne Tarentaise France;https://hotel-les-balcons.com/;Traité
Hôtel les Barmes de l'Ours;Mnt de Bellevarde 73150 Val-d'Isère France;http://www.hotellesbarmes.com/;Traité
Hôtel Les Bergeronnettes;Village de l'Eglise 73240 Champagneux France;http://www.hotel-bergeronnettes.com/;Traité
Hôtel Les Campanules by Les Etincelles;197 Bcle du Rosset 73320 Tignes France;https://etincelles.com/hotel/hotel-les-campanules/;Traité
Hôtel Les Cardinaux;Le Bourg 56170 Hœdic France;http://www.hoedic-hotel.com/;Traité
Hôtel les Caves de Stanislas – Hébergement touristique & chambres à Nancy;61 Rue Saint-Dizier 54000 Nancy France;https://www.lescavesdestanislas.com/;Traité
Hôtel Les Chalets;17 Av. du Comte Greyfié de Bellecombe 73571 Brides-les-Bains France;http://www.brideslesbains.com/;Traité
Hôtel les Chalets de la Serraz;3862 Rte du Col des Aravis 74220 La Clusaz France;http://www.laserraz.com/;Traité
Hôtel Les Cimes Bleues - La Baule;10 Bis Av. de la Mer 44500 La Baule-Escoublac France;https://www.cimesbleues.com/;Traité
Hôtel Les Comtes De Pardiac;28 Pl. de l'Hôtel de ville 32230 Marciac France;http://www.hotel-marciac.com/;Traité
Hôtel Les Corallines;615 All. de la Plage 34280 La Grande-Motte France;https://www.thalasso-grandemotte.com/content/25-hotel-les-corallines-la-grande-motte;Traité
Hôtel Les Côtes;265 Chem. de la Salle 74110 Morzine France;https://www.hotel-lescotes.com/;Traité
Hôtel Les Deux Chèvres Gevrey-Chambertin;23 Rue de l'Église 21220 Gevrey-Chambertin France;http://www.lesdeuxchevres.com/;Traité
Hôtel les Dunes;48 Rte nationale 62231 Sangatte France;http://www.logishotels.com/fr/hotel/-902?partid=661;Traité
Hôtel Les Embruns;Rte de Saint-Nudec 44740 Batz-sur-Mer France;http://hotel-les-embruns44.fr/?utm_source=gmb;Traité
Hôtel les Eucalyptus Cavalaire;72 Av. des Eucalyptus 83240 Cavalaire-sur-Mer France;https://www.hotel-eucalyptus.com/;Traité
Hôtel Les Feuilles d'Acanthe-Pampaillet;5 Rue de l'Eglise- 6 Rue Carnot 3 Rue de l'Église 33490 Saint-Macaire France;;
Hôtel Les Galets;24 Rue du Onze Novembre 76910 Criel-sur-Mer France;https://www.hotel-les-galets.com/;Traité
Hôtel Les Grands Chênes;32 impasse des Grands Chênes 89170 Saint-Fargeau France;http://www.hotellesgrandschenes.com/;Traité
Hôtel les Granges de Bigose;Lieu-dit Bigose 9 Chem. de Compostelle 48200 Rimeize France;https://www.grangesbigose.com/;Traité
Hôtel Les Griffons;Le Bourg 24310 Bourdeilles France;http://www.griffons.fr/;Traité
Hôtel Les Iris;8-10 Rue Georges Clemenceau 27700 Les Andelys France;http://www.hotellesiris.fr/fr;Traité
Hôtel Les Jardins d'Adalric;19 Rue du Maréchal Koenig 67210 Obernai France;http://www.lesjardinsadalric.com/;Traité
Hôtel Les Jardins de Bormes;5478 Av. lou Mistraou 83230 Bormes-les-Mimosas France;https://www.les-jardins-de-bormes.com/fr;Traité
Hôtel Les Jardins de Cassis;Av. Auguste Favier 13260 Cassis France;https://www.hotel-lesjardinsde-cassis.com/;Traité
Hôtel Les Jardins de Deauville;670 Route de Pont L'Eveque 14130 Saint-Martin-aux-Chartrains France;http://www.lesjardinsdedeauville.com/;Traité
Hôtel les Jardins de la Glacière;Zurmulu Vallée de la Restonica 20250 Corte France;https://www.lesjardinsdelaglaciere.com/;Traité
Hôtel Les Jardins de la Villa;5 Rue Belidor 75017 Paris France;https://www.jardinsdelavilla.com/;Traité
Hôtel Les Jardins De Sainte Maxime;Parc des Myrtes Chem. des 2 Ruisseaux 83120 Sainte-Maxime France;http://www.hotel-lesjardins.fr/;Traité
Hôtel les Lanchers;1459 Rte des Praz 74400 Chamonix-Mont-Blanc France;https://www.lanchers.com/;Traité
Hôtel Les Maritonnes;513 Rte de Fleurie D32 71570 Romanèche-Thorins France;https://www.lesmaritonnes.com/fr/?utm_source=google&utm_medium=my_business;Traité
Hôtel Les Mélèzes Valloire;Rue de Tigny 73450 Valloire France;http://www.hotel-les-melezes.com/;Traité
Hôtel Les Montagnards;7 Bis Pl. Carnot 25500 Morteau France;http://www.hotel-les-montagnards.com/;Traité
Hôtel Les Monts d'Amara. Eco-Gite, Eco Lodge en Aveyron, Jacuzzi. Accueil pèlerins GR65.;9 Place called Les Monts 12580 Campuac France;http://lesmontsdamara.fr/;Traité
Hôtel Les Mouettes;9 Cr Lucien Bonaparte 20000 Ajaccio France;https://www.hotellesmouettes.fr/;Traité
Hôtel Les Oliviers;2 Rue André Escoffier 26110 Nyons France;https://ha-tel-restaurant-les-oliviers.worhot.com/;Traité
Hôtel Les Orangeries;12 Av. du Dr Dupont 86320 Lussac-les-Châteaux France;http://www.lesorangeries.fr/;Traité
Hôtel les Paturelles;40 Rte d'Etroeungt 59440 Avesnelles France;https://www.hotelpaturelles.fr/;Traité
Hôtel Les Peupliers;119 Rue du Lac 73120 Courchevel France;https://www.lespeupliers.com/fr/;Traité
Hôtel Les Pieux - Cotentin;67 Rue Centrale 50340 Les Pieux France;http://www.hotellespieux.com/;Traité
Hôtel Les Pléiades - La Baule;28 Bd René Dubois 44500 La Baule-Escoublac France;https://www.les-pleiades.com/?utm_source=google&utm_medium=uberall;Traité
Hôtel les Portes de la Vallée;29 Rue Romaine 68230 Turckheim France;http://www.hotelturckheim.com/fr/index.php;Traité
Hôtel LES QUATRE ECLUSES;5 Chem. du Halage 27600 Gaillon France;http://www.ecluses.fr/;Traité
Hôtel Les Remparts;3 Rue de l'Agriculture 39250 Nozeroy France;https://www.hotel-nozeroy.com/;Traité
Hôtel Les Rêveries du clos derrière St Jean-Meilleur tarif garanti sur notre site;1 Rue des Poutures 21630 Pommard France;https://reveriesduclos-hotel-pommard.fr/;Traité
Hôtel Les Roches Blanches;9 Av. des Calanques 13260 Cassis France;https://www.roches-blanches-cassis.com/;Traité
Hôtel Les Sherpas;779 Rue du Jardin Alpin 73120 Courchevel France;http://www.hotel-les-sherpas.com/;Traité
Hôtel Les Sirènes;Le Boffard 73610 Lépin-le-Lac France;https://www.hotel-aiguebelette.com/;Traité
Hôtel Les Suites - Domaine de Crécy;Rte de Guérard 77580 Crécy-la-Chapelle France;https://www.domainedecrecy.com/hotel/;Traité
Hôtel Les Suites - Maison Bouvier;Le 73320 Tignes France;https://maison-bouvier.com/hotel-tignes-savoie/;Traité
Hôtel Les Suites du Lac;81 Rte de Saint-Innocent 73100 Aix-les-Bains France;https://www.lessuitesdulac.fr/;Traité
Hôtel Les Suites du Montana by Les Etincelles;441 Rue des Almes 73320 Tignes France;https://etincelles.com/hotel/hotel-les-suites-du-montana/;Traité
Hôtel Les Terrasses Anglet;153 Bd des Plages 64600 Anglet France;https://www.atlanthal.com/fr/content/7-hotel-les-terrasses-anglet;Traité
Hôtel Les Terrasses d'Èze;1138 Rte de la Turbie 06360 Èze France;http://www.hotel-terrasses-deze.com/;Traité
Hôtel Les Terrasses du Bailli;Le 18 Av. Capitaine Thorel 83820 Rayol-Canadel-sur-Mer France;https://www.hotel-terrasses-dubailli.com/;Traité
Hôtel Les Tilleuls;7 Pl. de la Pyrotechnie 18000 Bourges France;https://les-tilleuls.com/;Traité
Hôtel Les Trois Lys;2 Rue du Château 37190 Azay-le-Rideau France;http://www.hotel-lestroislys.com/;Traité
Hôtel Les Trois Vallées;1423 20 Route Nationale 20 45770 Saran France;http://3valleeshotel.fr/;Traité
Hôtel Les Trois Voiles;Port Napoleon ZI du Mazet 13230 Port-Saint-Louis-du-Rhône France;https://www.lestroisvoiles.com/;Traité
Hôtel Les Vieilles Tours Rocamadour;Lafage 46500 Rocamadour France;http://www.vtrocamadour.com/;Traité
Hôtel Les Vikings vue Mer Le Croisic;Plage de Port Lin 44490 Le Croisic France;http://www.hotel-les-vikings.com/;Traité
Hôtel Les Villas d'Arromanches;1 Rue du Lt Colonel Job 14117 Arromanches-les-Bains France;http://www.lesvillasdarromanches.com/;Traité
Hôtel Les Villas du Parc de la Chabotterie - Résidence Hôtelière **** Montaigu Vendée;Hotel - Résidence Hôtelière **** Parc de la Chabotterie 3 Le Fossé 85260 Montréverd France;https://www.lesvillasduparc-lachabotterie.fr/;Traité
Hôtel les Vosges;30 Rue Principale 67290 La Petite-Pierre France;http://www.logishotels.com/fr/hotel/-5152?partid=661;Traité
Hôtel l'Etape Gasconne;4 D211 47800 Allemans-du-Dropt France;http://www.letapegasconne-hotel.com/;Traité
Hôtel l'Etape Gourmande;champagne-ardenne 6 Rue Grande Rue 10130 Eaux-Puiseaux France;http://reservation-hotel.logishotels.com/reservit/reserhotel.php?action=fiche_htl&partid=661&hotelid=136791;Traité
Hôtel l'Evêché;11580 Alet-les-Bains France;http://www.logishotels.com/fr/hotel/-1924?partid=661;Traité
Hôtel L'Hélios;739 Rte de la Renarde 73550 Les Allues France;https://www.lhelios.com/;Traité
Hôtel l'Hermitage Brides-les-Bains;32 Rue Emile Machet 73570 Brides-les-Bains France;https://www.hotel-hermitage-brides.fr/;Traité
Hôtel l'Horloge Gourmande;490 Rue de l'Enclos 26290 Donzère France;https://horlogegourmande.com/;Traité
Hôtel L'Ideal;Basse-Normandie 20 Bd Gilbert Longuet 14117 Arromanches-les-Bains France;http://www.hotelarromancheslideal.fr/;Traité
Hôtel Ligaro;74 Grand Rue 16200 Jarnac France;http://www.hotel-ligaro.com/;Traité
Hôtel Lily of the Valley;Colline Saint Michel Boulevard Abel Faivre Quartier de Gigaro 83420 La Croix-Valmer France;http://www.lilyofthevalley.com/;Traité
Hôtel Lilybloom;6 Rue Gustave Lennier 76600 Le Havre France;https://www.hotellilybloom.fr/;Traité
Hôtel Littéraire Stendhal;56 Pl. Mgr Ruch 54000 Nancy France;https://www.hotel-litteraire-stendhal.com/;Traité
Hôtel Locomo - Paris Gare de Lyon Bastille;6 bis Rue de Lyon 75012 Paris France;https://www.hotel-locomo-paris-gare-de-lyon.com/;Traité
Hôtel Lodge Park Megève;100 Rue d'Arly 74120 Megève France;http://www.lodgepark.com/;Traité
Hôtel Logis La Peyrade - Gîte étape - Restaurant;52 Rue Lapeyrade 46160 Cajarc France;http://www.hotel-gite-lapeyrade.fr/;Traité
Hôtel Logis Les fuchsias;20 Rue Maréchal Foch 50550 Saint-Vaast-la-Hougue France;https://www.hotel-fuchsias.com/;Traité
Hôtel Logis Murtel La Mure;450 Bd Fréjus Michon 38350 La Mure France;https://www.hotel-murtel.com/;Traité
Hôtel Lord Byron;5 Rue Chateaubriand 75008 Paris France;https://hotel-lordbyron.com/fr/?utm_source=mybusiness&utm_medium=organic&utm_id=mybusinessorganic;Traité
Hôtel L'Orée des Chênes, The Originals Relais;921 Route de Marcilly en Villette 45240 La Ferté-Saint-Aubin France;http://www.loreedeschenes.com/;Traité
Hôtel L'Ormaie;97 Rue Lauriston 75116 Paris France;https://hotelormaie.paris/?utm_source=gmb&utm_medium=organic&utm_campaign=gmb_ormaie;Traité
Hôtel Losset - Nouveaux Gérants;10 Pl. de l'Église 21640 Flagey-Echézeaux France;http://www.hotelflageyechezeaux.com/;Traité
Hôtel Lou Calen;1 Cr Gambetta 83570 Cotignac France;https://www.loucalen.com/;Traité
Hôtel Lou Pinet Saint-Tropez;70 Chem. du Pinet 83990 Saint-Tropez France;https://www.loupinet.com/;Traité
Hôtel Louise de la Vallière;11 Bd du Quatre Septembre 37330 Château-la-Vallière France;https://www.valdeloire-france.com/organiser/hebergements/hotels/hotel-louise-de-la-valliere;Traité
Hôtel L'Oustau de la Font;240 Montée du Village 26570 Reilhanette France;http://www.oustaudelafont.com/;Traité
Hôtel Louvre-Lens 4 étoiles - Esprit de France;168 Rue Paul Bert 62300 Lens France;https://www.esprit-de-france.com/fr/hotels/hotel-louvre-lens?utm_source=google&utm_medium=gmb&utm_campaign=fiche;Traité
Hôtel Lyon Métropole by Arteloge;85 Quai Joseph Gillet 69004 Lyon France;https://www.lyonmetropole.com/fr/?utm_source=google-my-business;Traité
Hôtel Lyon-Est - Logis;A42 A42 sortie n°5 01700 Saint-Maurice-de-Beynost France;https://www.hotel-lyon-est.com/;Traité
Hôtel Maas;Rte d'Avrecourt 52140 Val-de-Meuse France;http://hotelmaas.fr/index.php/fr/;Traité
Hôtel Madame Rêve;48 Rue du Louvre 75001 Paris France;https://madamereve.com/?utm_source=google&utm_medium=organic&utm_campaign=gbp;Traité
Hôtel mademoiselle;7 Rue des Petits Hôtels 75010 Paris France;http://www.hotel-mademoiselle-paris.com/;Traité
Hôtel Maison Chiberta;104 Bd des Plages 64600 Anglet France;https://www.hotelmaisonchiberta.com/;Traité
Hôtel Maquis & Mer;Via di u Commandanti Poli 20145 Sari-Solenzara France;http://www.hotelmaquisetmer.com/;Traité
Hôtel Marais HÔme;38 Bd du Temple 75011 Paris France;http://www.hotel-marais-home.fr/;Traité
Hôtel Margaux;7 Rue des Minimes 51200 Épernay France;https://www.hotelmargaux.fr/;Traité
Hôtel Mariana;Av. Santa Maria 20260 Calvi France;https://www.hotel-mariana.com/;Traité
Hôtel Marina di Lava - Grand Ajaccio;Golfe De Lava 20167 Appietto France;http://www.marinadilava.com/;Traité
Hôtel Marjolaine;1 All. des Glamots 16440 Roullet-Saint-Estèphe France;http://www.hotel-marjolaine.fr/;Traité
Hôtel Mas de la Grenouillère;571 Chem. Haut des Launes 13460 Saintes-Maries-de-la-Mer France;https://www.hotel-equitation-saintes-maries.fr/;Traité
Hôtel Mas Vidau Porte des Alpilles;5 Av. Notre Dame du Château 13103 Saint-Étienne-du-Grès France;https://www.hotel-mas-vidau.com/;Traité
Hôtel Massy Palaiseau;21 Av. des Alliés 91120 Palaiseau France;;
Hôtel Mendionde;Quartier Amotz 2012 Rte de Sare 64310 Saint-Pée-sur-Nivelle France;https://www.hotel-trinquet-mendionde.fr/fr/hotel-mendionde;Traité
Hôtel Mercure - Abbeville Centre;19 Pl. du Pilori 80100 Abbeville France;https://all.accor.com/lien_externe.svlt?goto=fiche_hotel&code_hotel=5440&merchantid=seo-maps-FR-5440&sourceid=aw-cen&utm_medium=seo%20maps&utm_source=google%20Maps&utm_campaign=seo%20maps;Traité
Hôtel Mercure Aix-les-Bains Domaine de Marlioz;111 Av. de Marlioz Cs 50146 73100 Aix-les-Bains France;https://all.accor.com/lien_externe.svlt?goto=fiche_hotel&code_hotel=2945&merchantid=seo-maps-FR-2945&sourceid=aw-cen&utm_medium=seo%20maps&utm_source=google%20Maps&utm_campaign=seo%20maps;Traité
Hôtel Mercure Annecy Sud;Av. d'Aix-les-Bains Bp 62 74600 Seynod Cedex 02 France;https://all.accor.com/lien_externe.svlt?goto=fiche_hotel&code_hotel=0340&merchantid=seo-maps-FR-0340&sourceid=aw-cen&utm_medium=seo%20maps&utm_source=google%20Maps&utm_campaign=seo%20maps;Traité
Hôtel Mercure Auxerre Autoroute Du Soleil;Lieu Dit Route Nationale 6 Le Chaumois 89000 Appoigny France;https://all.accor.com/lien_externe.svlt?goto=fiche_hotel&code_hotel=0348&merchantid=seo-maps-FR-0348&sourceid=aw-cen&utm_medium=seo%20maps&utm_source=google%20Maps&utm_campaign=seo%20maps;Traité
Hôtel Mercure Besançon Parc Micaud;3 Av. Edouard Droz 25000 Besançon France;https://all.accor.com/hotel/1220/index.fr.shtml;Traité
Hôtel Mercure Brignoles Golf de Barbaroux;Golf De Barbaroux Rte de Cabasse 83170 Brignoles France;https://all.accor.com/lien_externe.svlt?goto=fiche_hotel&code_hotel=8770&merchantid=seo-maps-FR-8770&sourceid=aw-cen&utm_medium=seo%20maps&utm_source=google%20Maps&utm_campaign=seo%20maps;Traité
Hôtel Mercure Caen Côte de Nacre;2 Pl. de Boston Citis 14200 Hérouville-Saint-Clair France;https://all.accor.com/lien_externe.svlt?goto=fiche_hotel&code_hotel=5712&merchantid=seo-maps-FR-5712&sourceid=aw-cen&utm_medium=seo%20maps&utm_source=google%20Maps&utm_campaign=seo%20maps;Traité
Hôtel Mercure Castres L'Occitan;201 Av. Charles de Gaulle 81100 Castres France;https://all.accor.com/lien_externe.svlt?goto=fiche_hotel&code_hotel=A4C2&merchantid=seo-maps-FR-A4C2&sourceid=aw-cen&utm_medium=seo%20maps&utm_source=google%20Maps&utm_campaign=seo%20maps;Traité
Hôtel Mercure Chantilly Resort & Conventions;4 Rte d'Apremont 60500 Vineuil-Saint-Firmin France;https://all.accor.com/lien_externe.svlt?goto=fiche_hotel&code_hotel=B4C3&merchantid=seo-maps-France-B4C3&sourceid=aw-cen&utm_medium=seo%20maps&utm_source=google%20Maps&utm_campaign=seo%20maps;Traité
Hôtel Mercure Chartres Barjouville;41 Rue des Pierres Missigault 28630 Barjouville France;;
Hôtel Mercure Cholet Centre;81 Pl. Travot 49300 Cholet France;https://www.hotel-mercure-cholet.com/;Traité
Hôtel Mercure Épinal Centre;13 Pl. Emile Stein Bp 242 88007 Épinal France;https://all.accor.com/lien_externe.svlt?goto=fiche_hotel&code_hotel=0831&merchantid=seo-maps-FR-0831&sourceid=aw-cen&utm_medium=seo%20maps&utm_source=google%20Maps&utm_campaign=seo%20maps;Traité
Hôtel Mercure Figeac Viguier du Roy;52 Rue Emile Zola 46100 Figeac France;https://www.mercure-viguierfigeac.com/;Traité
Hôtel Mercure Forbach;70 Rue Félix Barth 57600 Forbach France;https://all.accor.com/lien_externe.svlt?goto=fiche_hotel&code_hotel=1976&merchantid=seo-maps-FR-1976&sourceid=aw-cen&utm_medium=seo%20maps&utm_source=google%20Maps&utm_campaign=seo%20maps;Traité
Hôtel Mercure Grenoble Centre Porte des Alpes;11 Rue Général Mangin 38100 Grenoble France;https://all.accor.com/lien_externe.svlt?goto=fiche_hotel&code_hotel=2947&merchantid=seo-maps-FR-2947&sourceid=aw-cen&utm_medium=seo%20maps&utm_source=google%20Maps&utm_campaign=seo%20maps;Traité
Hôtel Mercure Grenoble Meylan;34 Av. de Verdun 38240 Meylan France;https://all.accor.com/hotel/2948/index.fr.shtml?goto=fiche_hotel&code_hotel=2948&merchantid=seo-maps-FR-2948&sourceid=aw-cen&utm_medium=seo%20maps&utm_source=google%20Maps&utm_campaign=seo%20maps;Traité
Hôtel Mercure Lyon Centre Beaux Arts;73-75 Rue du Président Édouard Herriot 69002 Lyon France;https://all.accor.com/lien_externe.svlt?goto=fiche_hotel&code_hotel=2949&merchantid=seo-maps-FR-2949&sourceid=aw-cen&utm_medium=seo%20maps&utm_source=google%20Maps&utm_campaign=seo%20maps;Traité
Hôtel Mercure Lyon Est Chaponnay;Zac Du Chapotin 565 Rue Tony Garnier 69970 Chaponnay France;https://all.accor.com/lien_externe.svlt?goto=fiche_hotel&code_hotel=5934&merchantid=seo-maps-FR-5934&sourceid=aw-cen&utm_medium=seo%20maps&utm_source=google%20Maps&utm_campaign=seo%20maps;Traité
Hôtel Mercure Mâcon Bord de Saône;26 Rue Pierre de Coubertin 71000 Mâcon France;https://all.accor.com/lien_externe.svlt?goto=fiche_hotel&code_hotel=9319&merchantid=seo-maps-FR-9319&sourceid=aw-cen&utm_medium=seo%20maps&utm_source=google%20Maps&utm_campaign=seo%20maps;Traité
Hôtel Mercure Marne la vallée Bussy St Georges;44 Bd Antoine Giroust 77600 Bussy-Saint-Georges France;https://all.accor.com/lien_externe.svlt?goto=fiche_hotel&code_hotel=A211&merchantid=seo-maps-FR-A211&sourceid=aw-cen&utm_medium=seo%20maps&utm_source=google%20Maps&utm_campaign=seo%20maps;Traité
Hôtel Mercure Mont-Saint-Michel;Rte du Mont Saint-Michel Bp 8 50170 Le Mont-Saint-Michel France;https://all.accor.com/lien_externe.svlt?goto=fiche_hotel&code_hotel=1263&merchantid=seo-maps-FR-1263&sourceid=aw-cen&utm_medium=seo%20maps&utm_source=google%20Maps&utm_campaign=seo%20maps;Traité
Hôtel Mercure Mulhouse Centre;4 Pl. du Général de Gaulle 68100 Mulhouse France;https://all.accor.com/lien_externe.svlt?goto=fiche_hotel&code_hotel=1264&merchantid=seo-maps-FR-1264&sourceid=aw-cen&utm_medium=seo%20maps&utm_source=google%20Maps&utm_campaign=seo%20maps;Traité
Hôtel Mercure Omaha Beach;Chem. du Colombier 14520 Port-en-Bessin-Huppain France;https://all.accor.com/lien_externe.svlt?goto=fiche_hotel&code_hotel=1215&merchantid=seo-maps-FR-1215&sourceid=aw-cen&utm_medium=seo%20maps&utm_source=google%20Maps&utm_campaign=seo%20maps;Traité
Hôtel Mercure Orléans Centre;44 Quai Barentin 45000 Orléans France;https://all.accor.com/lien_externe.svlt?goto=fiche_hotel&code_hotel=0581&merchantid=seo-maps-FR-0581&sourceid=aw-cen&utm_medium=seo%20maps&utm_source=google%20Maps&utm_campaign=seo%20maps;Traité
Hôtel Mercure Orléans Portes de Sologne;200 AlléE Des Quatre Vents All. de Limère Domaine De 45160 Ardon France;https://all.accor.com/lien_externe.svlt?goto=fiche_hotel&code_hotel=B1F0&merchantid=seo-maps-FR-B1F0&sourceid=aw-cen&utm_medium=seo%20maps&utm_source=google%20Maps&utm_campaign=seo%20maps;Traité
Hôtel Mercure Paris Ivry Quai de Seine;5 All. de la Seine 94200 Ivry-sur-Seine France;https://all.accor.com/lien_externe.svlt?goto=fiche_hotel&code_hotel=6357&merchantid=seo-maps-FR-6357&sourceid=aw-cen&utm_medium=seo%20maps&utm_source=google%20Maps&utm_campaign=seo%20maps;Traité
Hôtel Mercure Paris Le Bourget;2 Rue Jean Perrin 93150 Le Blanc-Mesnil France;https://all.accor.com/lien_externe.svlt?goto=fiche_hotel&code_hotel=0388&merchantid=seo-maps-FR-0388&sourceid=aw-cen&utm_medium=seo%20maps&utm_source=google%20Maps&utm_campaign=seo%20maps;Traité
Hôtel Mercure Paris Massy Gare TGV;21 Av. Carnot 91300 Massy France;https://all.accor.com/lien_externe.svlt?goto=fiche_hotel&code_hotel=1176&merchantid=seo-maps-FR-1176&sourceid=aw-cen&utm_medium=seo%20maps&utm_source=google%20Maps&utm_campaign=seo%20maps;Traité
Hôtel Mercure Paris Orly Rungis;20 Av. Charles Lindbergh 94150 Rungis France;https://all.accor.com/lien_externe.svlt?goto=fiche_hotel&code_hotel=1298&merchantid=seo-maps-FR-1298&sourceid=aw-cen&utm_medium=seo%20maps&utm_source=google%20Maps&utm_campaign=seo%20maps;Traité
Hôtel Mercure Paris Orly Tech Aéroport;12 Av. Jacqueline Auriol Orlytech 91550 Paray-Vieille-Poste France;https://all.accor.com/lien_externe.svlt?goto=fiche_hotel&code_hotel=1246&merchantid=seo-maps-FR-1246&sourceid=aw-cen&utm_medium=seo%20maps&utm_source=google%20Maps&utm_campaign=seo%20maps;Traité
Hôtel Mercure Paris Pont de Levallois Neuilly;19 Rue Paul Vaillant Couturier 92300 Levallois-Perret France;https://all.accor.com/lien_externe.svlt?goto=fiche_hotel&code_hotel=B132&merchantid=seo-maps-FR-B132&sourceid=aw-cen&utm_medium=seo+maps&utm_source=google+Maps&utm_campaign=seo+maps&y_source=1_MTUzNjAxNTgtNzE1LWxvY2F0aW9uLndlYnNpdGU=;Traité
Hôtel Mercure Paris Saint Cloud Hippodrome;43 Bd de la République 92210 Saint-Cloud France;https://all.accor.com/lien_externe.svlt?goto=fiche_hotel&code_hotel=A027&merchantid=seo-maps-FR-A027&sourceid=aw-cen&utm_medium=seo%20maps&utm_source=google%20Maps&utm_campaign=seo%20maps;Traité
Hôtel Mercure Paris Saint-Ouen;115 Av. Gabriel Péri 93400 Saint-Ouen-sur-Seine France;https://all.accor.com/lien_externe.svlt?goto=fiche_hotel&code_hotel=A780&merchantid=seo-maps-FR-A780&sourceid=aw-cen&utm_medium=seo%20maps&utm_source=google%20Maps&utm_campaign=seo%20maps;Traité
Hôtel Mercure Paris Sud Les Ulis Courtaboeuf;3 Rue Du Rio Salado Courtaboeuf 91940 Les Ulis France;https://all.accor.com/lien_externe.svlt?goto=fiche_hotel&code_hotel=0376&merchantid=seo-maps-FR-0376&sourceid=aw-cen&utm_medium=seo%20maps&utm_source=google%20Maps&utm_campaign=seo%20maps;Traité
Hôtel Mercure Paris-Val-de-Fontenay;20 Av. des Olympiades 94120 Fontenay-sous-Bois France;https://all.accor.com/lien_externe.svlt?goto=fiche_hotel&code_hotel=1037&merchantid=seo-maps-FR-1037&sourceid=aw-cen&utm_medium=seo%20maps&utm_source=google%20Maps&utm_campaign=seo%20maps;Traité
Hôtel Mercure Rouen Val de Reuil;7 Voie des Clouets 27100 Val-de-Reuil France;https://all.accor.com/lien_externe.svlt?goto=fiche_hotel&code_hotel=1251&merchantid=seo-maps-FR-1251&sourceid=aw-cen&utm_medium=seo%20maps&utm_source=google%20Maps&utm_campaign=seo%20maps;Traité
Hôtel Mercure Tours Sud;Parc Des Bretonnieres All. André Malraux 37300 Joué-lès-Tours France;https://all.accor.com/lien_externe.svlt?goto=fiche_hotel&code_hotel=1788&merchantid=seo-maps-France-1788&sourceid=aw-cen&utm_medium=seo%20maps&utm_source=google%20Maps&utm_campaign=seo%20maps;Traité
Hôtel Mercure Troyes Centre;11 Rue des Bas Trevois 10000 Troyes France;https://all.accor.com/lien_externe.svlt?goto=fiche_hotel&code_hotel=3168&merchantid=seo-maps-FR-3168&sourceid=aw-cen&utm_medium=seo%20maps&utm_source=google%20Maps&utm_campaign=seo%20maps;Traité
Hôtel Mercure Villeneuve-sur-Lot - Le Moulin de Madame;Rte Casseneuil 47300 Villeneuve-sur-Lot France;https://all.accor.com/lien_externe.svlt?goto=fiche_hotel&code_hotel=A6Q0&merchantid=seo-maps-FR-A6Q0&sourceid=aw-cen&utm_medium=seo+maps&utm_source=google+Maps&utm_campaign=seo+maps&y_source=1_MTUzNTkxMzgtNzE1LWxvY2F0aW9uLndlYnNpdGU=;Traité
Hôtel Mercure Zénith Nantes Saint-Herblain;Zac Ar Mor Espl. Ella Fitzgerald 44800 Saint-Herblain France;https://all.accor.com/lien_externe.svlt?goto=fiche_hotel&code_hotel=B262&merchantid=seo-maps-FR-B262&sourceid=aw-cen&utm_medium=seo%20maps&utm_source=google%20Maps&utm_campaign=seo%20maps;Traité
Hôtel Mermoz;104 Av. Jean Mermoz 93120 La Courneuve France;https://all.accor.com/lien_externe.svlt?goto=fiche_hotel&code_hotel=3438&merchantid=seo-maps-FR-3438&sourceid=aw-cen&utm_medium=seo%20maps&utm_source=google%20Maps&utm_campaign=seo%20maps;Traité
Hôtel Minvielle Les Oliviers;239 Rte de Lannux 32400 Ségos France;;
Hôtel Mistral;Route de Saint-Rémy 5 All. des Cigales 13103 Mas-Blanc-des-Alpilles France;http://www.hotelmistral.fr/;Traité
Hôtel Miura;5310 Rte de l'Aéroport 73420 Voglans France;http://www.hotel-miura.com/;Traité
Hôtel Moderne;28 Bis Av. Gambetta 94100 Saint-Maur-des-Fossés France;https://www.hotel-saintmaur.fr/?utm_medium=referral&utm_source=gmb&utm_campaign=lnk-gmb;Traité
Hôtel Molière;21 Rue Molière 75001 Paris France;http://www.hotel-moliere.fr/;Traité
Hôtel Môm'Art;42 Rue d'Orsel 75018 Paris France;https://www.hotelmomart.com/;Traité
Hôtel Monge;55 Rue Monge 75005 Paris France;http://www.hotelmonge.com/;Traité
Hôtel Monsieur Cadet by Collection Vesper;4 Rue Cadet 75009 Paris France;https://www.monsieurcadet.com/;Traité
Hôtel Mont Thabor Serre Chevalier;1879 Rte de Briançon 05240 La Salle-les-Alpes France;http://www.hotelmontthabor.com/;Traité
Hôtel Mont-Blanc;62 All. du Majestic 74400 Chamonix-Mont-Blanc France;http://www.hotelmontblancchamonix.com/;Traité
Hôtel Mont-Blanc Megève;29 Rue Ambroise Martin 74120 Megève France;http://www.hotelmontblanc.com/;Traité
Hôtel Monte Cristo;20-22 Rue Pascal 75005 Paris France;https://www.hotelmontecristoparis.com/;Traité
Hôtel Montespan;1 Av. de Ham-sous-Varsberg 86320 Lussac-les-Châteaux France;http://hotelmontespan.fr/;Traité
Hôtel Moulin de Larroque;Moulin de Larroque 47230 Barbaste France;;
Hôtel National;20 Rue Nationale 74500 Saint-Gingolph France;;
Hôtel National;1 Rue Saint-Félix 65100 Lourdes France;https://www.hotelnationallourdes.fr/;Traité
Hôtel National des Arts et Métiers;243 Rue Saint-Martin 75003 Paris France;http://www.hotelnational.paris/;Traité
Hôtel Negrecoste;33 Cr Mirabeau 13100 Aix-en-Provence France;https://hotelnegrecoste.com/fr/;Traité
Hôtel Némo Aéroport Pau;41 Rue du Bruscos 64230 Sauvagnon France;;
Hôtel Nestor;24 Av. Marc Urtin 26500 Bourg-lès-Valence France;https://hotelnestor.top/;Traité
Hôtel Névé;702 Rte de la Plagne 74110 Morzine France;https://www.neve.cool/;Traité
Hôtel Nice Beau Rivage;24 Rue Saint-François de Paule 06300 Nice France;https://www.hotelnicebeaurivage.com/;Traité
Hôtel Nice Riviera;45-47 Rue Pastorelli 06000 Nice France;http://www.hotel-nice-riviera.com/;Traité
Hôtel Niort;ZAC de Bessines Rue Pierre Mendès France 79000 Niort France;;
Hôtel Novalaise Plage CHANGEMENT DE PROPRIETAIRE;391 Rte des Plages 73470 Novalaise France;http://www.novalaise-plage.com/;Traité
Hôtel Novotel Avignon Nord;135 Av. Louis Pasteur 84700 Sorgues France;https://all.accor.com/lien_externe.svlt?goto=fiche_hotel&code_hotel=0550&merchantid=seo-maps-FR-0550&sourceid=aw-cen&utm_medium=seo%20maps&utm_source=google%20Maps&utm_campaign=seo%20maps;Traité
Hôtel Novotel Bourges;Zac Orchidee Cesar Route De Chateauroux 18570 Le Subdray France;https://all.accor.com/lien_externe.svlt?goto=fiche_hotel&code_hotel=1302&merchantid=seo-maps-FR-1302&sourceid=aw-cen&utm_medium=seo%20maps&utm_source=google%20Maps&utm_campaign=seo%20maps;Traité
HÔTEL NOVOTEL CAEN CÔTE DE NACRE;155 Rue de la Délivrande 14000 Caen France;https://all.accor.com/lien_externe.svlt?goto=fiche_hotel&code_hotel=0405&merchantid=seo-maps-FR-0405&sourceid=aw-cen&utm_medium=seo%20maps&utm_source=google%20Maps&utm_campaign=seo%20maps;Traité
Hôtel Novotel Chartres;5 Ter Av. Marcel Proust 28000 Chartres France;https://all.accor.com/lien_externe.svlt?goto=fiche_hotel&code_hotel=0413&merchantid=seo-maps-France-0413&sourceid=aw-cen&utm_medium=seo%20maps&utm_source=google%20Maps&utm_campaign=seo%20maps;Traité
Hôtel Novotel Clermont Ferrand;32-34 Rue Georges Besse Le Brezet 63100 Clermont-Ferrand France;https://all.accor.com/lien_externe.svlt?goto=fiche_hotel&code_hotel=1175&merchantid=seo-maps-FR-1175&sourceid=aw-cen&utm_medium=seo%20maps&utm_source=google%20Maps&utm_campaign=seo%20maps;Traité
Hôtel Novotel Marne La Vallée Collégien;Z.A.E Les Portes de la Forêt 2 All. des Portes de la Forêt 77090 Collégien France;https://all.accor.com/lien_externe.svlt?goto=fiche_hotel&code_hotel=0385&merchantid=seo-maps-FR-0385&sourceid=aw-cen&utm_medium=seo%20maps&utm_source=google%20Maps&utm_campaign=seo%20maps;Traité
Hôtel Novotel Marseille Est;184 Av. de Saint Menet 13011 Marseille France;https://all.accor.com/lien_externe.svlt?goto=fiche_hotel&code_hotel=0444&merchantid=seo-maps-FR-0444&sourceid=aw-cen&utm_medium=seo%20maps&utm_source=google%20Maps&utm_campaign=seo%20maps;Traité
Hôtel Novotel Metz Amnéville;16 Route De Maizieres Les Metz 57280 Hauconcourt France;https://all.accor.com/lien_externe.svlt?goto=fiche_hotel&code_hotel=0446&merchantid=seo-maps-FR-0446&sourceid=aw-cen&utm_medium=seo%20maps&utm_source=google%20Maps&utm_campaign=seo%20maps;Traité
Hôtel Novotel Orléans Saint Jean de Braye;145 Av. de Verdun 45800 Saint-Jean-de-Braye France;https://all.accor.com/lien_externe.svlt?goto=fiche_hotel&code_hotel=1075&merchantid=seo-maps-FR-1075&sourceid=aw-cen&utm_medium=seo%20maps&utm_source=google%20Maps&utm_campaign=seo%20maps;Traité
Hôtel Novotel Paris Centre Bercy;85 Rue de Bercy 75012 Paris France;https://all.accor.com/lien_externe.svlt?goto=fiche_hotel&code_hotel=0935&merchantid=seo-maps-FR-0935&sourceid=aw-cen&utm_medium=seo%20maps&utm_source=google%20Maps&utm_campaign=seo%20maps;Traité
Hôtel Novotel Paris Charles de Gaulle Aéroport;Roissypole Gare Rer 45 Rue de Paris 93290 Tremblay-en-France France;https://all.accor.com/lien_externe.svlt?goto=fiche_hotel&code_hotel=1014&merchantid=seo-maps-FR-1014&sourceid=aw-cen&utm_medium=seo%20maps&utm_source=google%20Maps&utm_campaign=seo%20maps;Traité
Hôtel Novotel Paris Créteil le Lac;Rue Jean Gabin Rn 186 94000 Créteil France;https://all.accor.com/lien_externe.svlt?goto=fiche_hotel&code_hotel=0382&merchantid=seo-maps-FR-0382&sourceid=aw-cen&utm_medium=seo%20maps&utm_source=google%20Maps&utm_campaign=seo%20maps;Traité
Hôtel Novotel Paris Gare de Lyon;2 Rue Hector Malot 75012 Paris France;https://all.accor.com/lien_externe.svlt?goto=fiche_hotel&code_hotel=1735&merchantid=seo-maps-FR-1735&sourceid=aw-cen&utm_medium=seo%20maps&utm_source=google%20Maps&utm_campaign=seo%20maps;Traité
Hôtel Novotel Paris Orly Rungis;1 Rue Du Pont Des Halles Bd du Delta Zone Du 94150 Rungis France;https://all.accor.com/lien_externe.svlt?goto=fiche_hotel&code_hotel=1628&merchantid=seo-maps-FR-1628&sourceid=aw-cen&utm_medium=seo%20maps&utm_source=google%20Maps&utm_campaign=seo%20maps;Traité
Hôtel Novotel Perpignan Rivesaltes;7 Rue Alfred Sauvy RN 9 Km 9 66600 Rivesaltes France;https://all.accor.com/lien_externe.svlt?goto=fiche_hotel&code_hotel=0424&merchantid=seo-maps-FR-0424&sourceid=aw-cen&utm_medium=seo%20maps&utm_source=google%20Maps&utm_campaign=seo%20maps;Traité
Hôtel Novotel Suites Rouen Normandie;Ilot Pasteur 10 Quai de Boisguilbert 76000 Rouen France;https://all.accor.com/lien_externe.svlt?goto=fiche_hotel&code_hotel=6342&merchantid=seo-maps-FR-6342&sourceid=aw-cen&utm_medium=seo%20maps&utm_source=google%20Maps&utm_campaign=seo%20maps;Traité
Hôtel Novotel Thalassa Le Touquet;Front de Mer Av. Louison Bobet 62520 Le Touquet-Paris-Plage France;https://all.accor.com/lien_externe.svlt?goto=fiche_hotel&code_hotel=0449&merchantid=seo-maps-FR-0449&sourceid=aw-cen&utm_medium=seo%20maps&utm_source=google%20Maps&utm_campaign=seo%20maps;Traité
Hôtel Novotel Toulouse Centre Wilson;15 Pl. du Président Thomas Wilson 31000 Toulouse France;https://all.accor.com/lien_externe.svlt?goto=fiche_hotel&code_hotel=8505&merchantid=seo-maps-FR-8505&sourceid=aw-cen&utm_medium=seo%20maps&utm_source=google%20Maps&utm_campaign=seo%20maps;Traité
Hôtel Oceania Brest Centre;82 Rue de Siam 29200 Brest France;https://www.oceaniahotels.com/oceania-brest-centre;Traité
Hôtel Oceania Clermont-Ferrand;82 Bd François Mitterrand 63000 Clermont-Ferrand France;https://www.oceaniahotels.com/oceania-clermont-ferrand;Traité
Hôtel Oceania Le Jura Dijon;14 Av. Maréchal Foch 21000 Dijon France;https://www.oceaniahotels.com/oceania-le-jura-dijon;Traité
Hôtel Oceania Le Métropole Montpellier;3 Rue du Clos René 34000 Montpellier France;https://www.oceaniahotels.com/oceania-le-metropole-montpellier;Traité
Hôtel Oceania Nantes Aéroport;aéroport nantes atlantique 1 Rue Pierre Latecoere 44340 Bouguenais France;https://www.oceaniahotels.com/oceania-nantes-aeroport;Traité
Hôtel Oceania Paris Porte de Versailles;52 Rue d'Oradour-sur-Glane 75015 Paris France;https://www.oceaniahotels.com/oceania-paris-porte-de-versailles;Traité
Hôtel Oceania Quimper;17 Rue du Poher 29000 Quimper France;https://www.oceaniahotels.com/oceania-quimper;Traité
Hôtel Oceania Roissy CDG;34 Rue de Paris 77990 Le Mesnil-Amelot France;https://www.oceaniahotels.com/oceania-paris-roissy-cdg;Traité
Hôtel Orchidées;Rue Robert Schumann 55100 Verdun France;https://www.orchidees-hotel.com/;Traité
Hôtel OSTORIA BW Signature Collection by BEST WESTERN Périgueux;8 Rue de la Borderie 24430 Marsac-sur-l'Isle France;https://ostoria.fr/;Traité
Hôtel Palais de la Méditerranée - The Unbound Collection by Hyatt;13 Prom. des Anglais 06000 Nice France;https://www.hyatt.com/unbound-collection/en-US/ncehr-hotel-palais-de-la-mediterranee?src=corp_lclb_google_seo_ncehr&utm_source=google&utm_medium=organic&utm_campaign=lmr;Traité
Hôtel Palazzu;Route du village 20245 Galéria France;http://www.palazzu.com/;Traité
Hôtel Panorama 360 Bourg-en-Bresse - Bar panoramique - Restaurant;22 Rue Gustave Léger 01000 Bourg-en-Bresse France;https://www.bourgenbresse-panorama360.com/;Traité
Hôtel Parc Azur;Parc Athéna 221 Imp. des Peupliers 83190 Ollioules France;https://www.hotelparcazur.com/;Traité
Hôtel Parc du Landreau;21 Rue Saint-Etienne 85500 Les Herbiers France;http://www.hotelparcdulandreau.fr/;Traité
Hôtel Paris France;1 Rue d'Emery 77184 Émerainville France;;
Hôtel Paris Louis Blanc - Gare du Nord, Paris 10;232 Rue du Faubourg Saint-Martin 75010 Paris France;https://www.hotel-paris-louis-blanc.com/;Traité
Hôtel Paris Neuilly;1 Avenue de Madrid 199 Av. Charles de Gaulle 92200 Neuilly-sur-Seine France;https://www.hotel-paris-neuilly.com/;Traité
Hôtel particulier de Digoine( Demeure d'hôtes);5 Quai Madier Montjau 07700 Bourg-Saint-Andéol France;http://www.digoine.com/;Traité
Hôtel Particulier Villa des Marais;Parc D'activités De Tournebride 4 Rue de la Guillauderie 44118 La Chevrolière France;http://www.villa-des-marais.com/;Traité
Hôtel Pashmina;Val Thorens 141 Rue des Dalles 73440 Les Belleville France;http://www.hotelpashmina.com/;Traité
Hôtel Paulette Rouen Centre Cathédrale;12 Rue de la Champmesle 76000 Rouen France;https://hotelcentrerouen.com/;Traité
Hôtel Père Benoît - Restaurant Steinkeller;34 Rte de Strasbourg 67960 Entzheim France;http://www.hotel-perebenoit.com/fr/;Traité
Hôtel Perle des Vosges;22 Rte du Gaschney 68380 Muhlbach-sur-Munster France;https://www.perledesvosges.net/;Traité
Hôtel Pierre Blanche;7 Av. de Lattre de Tassigny Avenue du 01200 Valserhône France;;
Hôtel Pilgrim - Quartier Latin;11 Rue de Poissy 75005 Paris France;https://hotelpilgrim.paris/?utm_source=gmb&utm_medium=organic&utm_campaign=gmb_pilgrim;Traité
Hôtel Plaza Madeleine à Sarlat;1 Pl. de la Petite Rigaudie 24200 Sarlat-la-Canéda France;https://www.plaza-madeleine.com/;Traité
Hôtel Point France;1 Rue Grenier 33120 Arcachon France;https://www.hotelpointfrance.com/;Traité
Hôtel Port Marine - Sète;30 Prom. Jean-Baptiste Marty 34200 Sète France;http://www.hotel-port-marine.com/;Traité
Hôtel Poste et Champanne;3 Av. Paul Chambriard 43100 Brioude France;https://www.hotel-de-la-poste-brioude.com/;Traité
Hôtel Première Classe Alès;1577 Chem. des Sports 30100 Alès France;https://www.premiereclasse.com/fr/hotels/premiere-classe-ales-anduze;Traité
Hôtel Première Classe Angers Beaucouzé;ZI de Beaucouzé 5 Av. Paul Prosper Guilhem 49070 Beaucouzé France;https://angers-ouest-beaucouze.premiereclasse.com/fr-fr/?utm_content=partoo&utm_medium=seo-bgp&utm_source=google;Traité
Hôtel Première Classe Angouleme La Couronne;10 Rte de Saint-Michel 16400 La Couronne France;https://www.premiereclasse.com/fr/hotels/premiere-classe-angouleme-sud-la-couronne/?utm_source=google&utm_medium=maps&utm_content=FRA22226&utm_campaign=Premi%C3%A8re%20Classe;Traité
Hôtel Première Classe Arras - Tilloy Les Mofflaines;27 Av. d'Immercourt 62217 Tilloy-lès-Mofflaines France;https://arras-tilloy-les-mofflaines.premiereclasse.com/fr-fr/?utm_content=partoo&utm_medium=seo-bgp&utm_source=google;Traité
Hôtel Première Classe Beauvais;Rue Gay Lussac 60000 Beauvais France;https://beauvais.premiereclasse.com/fr-fr/?utm_content=partoo&utm_medium=seo-bgp&utm_source=google;Traité
Hôtel Première Classe Biarritz;41 Rue Chapelet 64200 Biarritz France;https://biarritz.premiereclasse.com/fr-fr/?utm_content=partoo&utm_medium=seo-bgp&utm_source=google;Traité
Hôtel Première Classe Cambrai - Proville;75 Rue Jean d'Alembert 59267 Proville France;https://www.booking.com/hotel/fr/premiere-classe-cambrai-proville.fr.html?aid=2311236&label=fr-fr-booking-mobile-Va3OQ1XTlVSb2Y3bJ6tRdASM652796013969:pl:ta:p1:p2:ac:ap:neg:fi:tikwd-65526620:lp9056622:li:dem:dm&sid=d55111d5f06291be6ff1cf10f890a236&all_sr_blocks=5455501_94105883_2_2_0&checkin=2026-04-23&checkout=2026-04-24&dest_id=54555&dest_type=hotel&dist=0&group_adults=2&group_children=0&hapos=1&highlighted_blocks=5455501_94105883_2_2_0&hpos=1&matching_block_id=5455501_94105883_2_2_0&no_rooms=1&req_adults=2&req_children=0&room1=A,A&sb_price_type=total&sr_order=popularity&sr_pri_blocks=5455501_94105883_2_2_0__4403&srepoch=1776964455&srpvid=440f79321e530116&type=total&ucfs=1&;Traité
Hôtel Première Classe Chalon sur Saône;9 Rue Raoul Ponchon 71100 Chalon-sur-Saône France;https://chalon-sur-saone.premiereclasse.com/fr-fr/?utm_content=partoo&utm_medium=seo-bgp&utm_source=google;Traité
Hôtel Première Classe Deauville;1 Chem. du Roy 14800 Touques France;https://deauville-touques.premiereclasse.com/fr-fr/?utm_content=partoo&utm_medium=seo-bgp&utm_source=google;Traité
Hôtel Première Classe Dijon Marsannay;Zac Acti Sud 110 All. Olivier de la Marché 21160 Marsannay-la-Côte France;https://www.premiereclasse.com/fr/hotels/premiere-classe-dijon-sud-marsannay/?utm_source=google&utm_medium=maps&utm_content=FRA22167&utm_campaign=Premi%C3%A8re%20Classe;Traité
Hôtel Première Classe Dreux;40-46 Avenue Winston Churchill 28100 Dreux France;https://dreux.premiereclasse.com/fr-fr/?utm_content=partoo&utm_medium=seo-bgp&utm_source=google;Traité
Hôtel Première Classe Honfleur;Rue Des Quatre Francs Le Poudreux 14600 La Rivière-Saint-Sauveur France;https://honfleur.premiereclasse.com/fr-fr/?utm_content=partoo&utm_medium=seo-bgp&utm_source=google;Traité
Hôtel PREMIERE CLASSE LA VILLE DU BOIS;8 All. Saint-Fiacre 91620 La Ville-du-Bois France;https://la-ville-du-bois.premiereclasse.com/fr-fr/;Traité
Hôtel Première Classe Lille Seclin;Z.A.C DE L'EPINETTE RUE DE L'HOTELLERIE 59113 Seclin France;https://www.premiereclasse.com/fr/hotels/premiere-classe-lille-sud-seclin/?utm_source=google&utm_medium=maps&utm_content=FRA22182&utm_campaign=Premi%C3%A8re%20Classe;Traité
Hôtel Première Classe Martigues;Pl. de Croix Sainte ZAC de 13500 Martigues France;https://marseille-ouest-martigues.premiereclasse.com/fr-fr/?utm_content=partoo&utm_medium=seo-bgp&utm_source=google;Traité
Hôtel Première Classe Melun;270 Av. de l'Europe 77240 Vert-Saint-Denis France;https://melun-senart-vert-saint-denis.premiereclasse.com/fr-fr/?utm_content=partoo&utm_medium=seo-bgp&utm_source=google;Traité
Hôtel Première Classe Metz Jouy Aux Arches;Zone Actisud Saint-Jean 57130 Jouy-aux-Arches France;https://metz-sud-jouy-aux-arches.premiereclasse.com/fr-fr/?utm_content=partoo&utm_medium=seo-bgp&utm_source=google;Traité
Hôtel Première Classe Nantes Rezé Aéroport;4 Imp. Ordronneau 44400 Rezé France;https://www.premiereclasse.com/fr/hotels/premiere-classe-nantes-sud-reze-aeroport?utm_source=google&utm_medium=maps&utm_content=FRA22201&utm_campaign=Premi%C3%A8re+Classe;Traité
Hôtel Première Classe Saint Quentin;Zac De La Vallee 02100 Saint-Quentin France;https://saint-quentin.premiereclasse.com/fr-fr/?utm_content=partoo&utm_medium=seo-bgp&utm_source=google;Traité
Hôtel Première Classe Saumur;ZI ECOPARC 161 Rue de l'Oreau 49400 Saumur France;https://saumur.premiereclasse.com/fr-fr/?utm_content=partoo&utm_medium=seo-bgp&utm_source=google;Traité
Hôtel Premium;Av. Verrerie Sophie 57600 Forbach France;http://www.hotel-premium.com/;Traité
Hôtel Prince Monceau;9 Rue Tarbé 75017 Paris France;http://www.hotelprincemonceau.com/;Traité
Hôtel Promotel;1ère Avenue 06510 Carros France;http://www.hotel-promotel.com/;Traité
Hôtel Pullman Montpellier Centre;1 Rue des Pertuisanes 34000 Montpellier France;https://all.accor.com/lien_externe.svlt?goto=fiche_hotel&code_hotel=1294&merchantid=seo-maps-FR-1294&sourceid=aw-cen&utm_medium=seo%20maps&utm_source=google%20Maps&utm_campaign=seo%20maps;Traité
Hôtel Pullman Paris Montparnasse;19 Rue du Commandant René Mouchotte 75014 Paris France;https://all.accor.com/hotel/8189/index.en.shtml?goto=fiche_hotel&code_hotel=8189&merchantid=seo-maps-FR-8189&sourceid=aw-cen&utm_medium=seo%20maps&utm_source=google%20Maps&utm_campaign=seo%20maps;Traité
Hôtel Punta Lara;4 Rue de la Noure 85680 La Guérinière France;http://www.hotelpuntalara.com/;Traité
Hôtel Régent Contades by Stay Collection;8 Av. de la Liberté 67000 Strasbourg France;https://regent-contades.com/;Traité
Hôtel Regent's Garden - Astotel;6 Rue Pierre Demours 75017 Paris France;https://www.astotel.com/hotel/hotel-regents-garden/?utm_source=google&utm_medium=organic&utm_campaign=mybusiness_regents;Traité
Hôtel Relais Bosquet by Malone;19 Rue du Champ de Mars 75007 Paris France;https://hotel-paris-bosquet.com/;Traité
Hôtel Relais Des Brasseurs Aubagne;Zone Industrielle Les Paluds Centre Commercial 1125 Av. des Paluds 13400 Aubagne France;https://www.relaisdesbrasseurs.com/;Traité
Hôtel Relais du Loir Contact Hôtel;40 Prom. du Maréchal Foch 72200 La Flèche France;https://www.hotelrelaisduloir.com/;Traité
Hôtel Relais du Vivarais;31 Fbg des Sautelles 07220 Viviers France;http://www.relaisduvivarais.fr/;Traité
Hôtel Renaissance - Aix-en-Provence;256 Av. de Pérouse 13100 Aix-en-Provence France;https://www.marriott.com/en-us/hotels/mrsbr-renaissance-aix-en-provence-hotel/overview/?scid=f2ae0541-1279-4f24-b197-a979c79310b0;Traité
Hôtel Renaissance Castres;17 Rue Victor Hugo 81100 Castres France;https://hotel-renaissance.fr/;Traité
Hôtel Résidence Acqua Dolce;pisciattello saint jean 20117 Eccica-Suarella France;http://hotelacquadolce-corse.com/;Traité
Hôtel Résidence Henri IV;50 Rue des Bernardins 75005 Paris France;http://www.residencehenri4.com/;Traité
Hôtel Résidence La Pinède;2 Carrer del Pigot 66110 Amélie-les-Bains-Palalda France;https://htel-restaurant-la-pinde.meilleurhotel.top/;Traité
Hôtel Résidence Les Ducs de Chevreuse: Hébergement, Bureau, repas et Petit déj;7 Rte de Choisel 78460 Chevreuse France;http://www.lesducs.com/;Traité
Hôtel Résidence San Pellegrino;Route de la Plage 20213 Folelli France;http://www.hotel-sanpellegrino.com/;Traité
Hôtel Restaurant - auberge du canal;8 Rue d'Abainville 55130 Houdelaincourt France;http://aubergeducanal.com/;Traité
Hôtel Restaurant - Le Chambellan;170 Rue de Schoenau 24220 Coux et Bigaroque-Mouzens France;https://www.hotel-chambellan.fr/;Traité
"Hôtel Restaurant ""Les 4 Saisons""";3 Rue du Frenz 68820 Kruth France;http://www.hotel4saisons.com/;Traité
Hôtel Restaurant À L'ETOILE | Merkwiller-Pechelbronn;1 Rte de Wœrth 67250 Merkwiller-Pechelbronn France;https://www.hotelrestaurantetoilemerkwillerpechelbronn.fr/;Traité
Hôtel Restaurant AKENA Camiers-Le Touquet;80 Rue du Vieux Moulin 62176 Camiers France;https://akenahotels.com/hotel-camiers/;Traité
Hôtel Restaurant Akena Molinges - La Brocatelle;"ZI Chambouille 1 Lieu-dit ""A la côte des Faviers 39360 Chassal-Molinges France";https://labrocatelle.fr/;Traité
Hôtel Restaurant ALYSA;15 Rue Sadi Carnot 79200 Parthenay France;https://hotel-restaurant-alysa.fr/;Traité
Hôtel Restaurant Au Bois Le Sire;20 Rue Charles de Gaulle 68370 Orbey France;http://www.facebook.com/H%C3%B4tel-Restaurant-Au-bois-le-sire-376167025743/?utm_source=gmb;Traité
Hôtel Restaurant au Fil de l'eau;3 Quai du Rhône 74910 Seyssel France;http://www.hotelseyssel.fr/;Traité
Hôtel Restaurant Au Mastroquet;1 Av. Carnot 70100 Gray France;http://www.hotel-restaurant-mastroquet.com/;Traité
Hôtel Restaurant Auberge du Pays de Retz;Proche Aéroport Nantes-Atlantique Zone de Loisirs 6 Rue du Grand Pré 44710 Port-Saint-Père France;https://www.auberge-pays-retz.fr/;Traité
Hôtel Restaurant Aux Trois Roses - Logis;19 Rue Principale 67290 La Petite-Pierre France;https://www.aux-trois-roses.com/;Traité
Hôtel Restaurant Bar la Boule d'Or;9 Bd Gambetta 16300 Barbezieux-Saint-Hilaire France;http://www.labouledor.net/;Traité
Hôtel Restaurant Bar Le Grand Large;17 Rue de la Corderie 44760 La Bernerie-en-Retz France;https://www.hotel-legrandlarge.com/fr;Traité
Hôtel Restaurant Bel Air;7 Rte nationale 55600 Marville France;https://www.hotel-restaurant-bel-air-marville.fr/chambres-hotel-restaurant-marville-meuse;Traité
Hôtel Restaurant Bel Air Crevin - Axe Rennes Nantes, N137;4 Rte de Rennes 35320 Crevin France;https://www.belair-hotelrennes.fr/;Traité
Hôtel Restaurant Bellevue;Le Port Clos 22870 Île-de-Bréhat France;http://www.hotel-bellevue-brehat.fr/;Traité
Hôtel Restaurant Berthet;01260 Haut Valromey France;;
Hôtel Restaurant Bleu France Éragny Cergy;Rue des Pinsons 95610 Éragny France;http://www.hotel-bleu-france.com/;Traité
Hôtel Restaurant Boule de Neige;2 Chem. du Bois Noir 64440 Eaux-Bonnes France;http://www.hotel-bouledeneige.com/;Traité
Hôtel Restaurant Campanile Angers Ouest - Beaucouzé;Av. Paul Prosper Guilhem 49070 Beaucouzé France;https://angers-ouest-beaucouze.campanile.com/fr-fr/?utm_content=partoo&utm_medium=seo-bgp&utm_source=google;Traité
Hôtel Restaurant Campanile Conflans-Sainte-Honorine;91 Rue de Cergy 78700 Conflans-Sainte-Honorine France;https://conflans-sainte-honorine.campanile.com/fr-fr/?utm_content=partoo&utm_medium=seo-bgp&utm_source=google;Traité
Hôtel Restaurant Campanile Créteil - Bonneuil sur Marne;2 Av. des Bleuets 94380 Bonneuil-sur-Marne France;https://creteil-bonneuil-sur-marne.campanile.com/;Traité
Hôtel Restaurant Campanile Evry Ouest - Corbeil Essonnes;22 Av. Paul Maintenant 91100 Corbeil-Essonnes France;https://corbeil-essonnes-evry.campanile.com/fr-fr/?utm_content=partoo&utm_medium=seo-bgp&utm_source=google;Traité
Hôtel Restaurant Campanile Grenoble Nord;187 Rue des Étangs 38430 Moirans France;https://grenoble-nord-moirans.campanile.com/fr-fr/?utm_content=partoo&utm_medium=seo-bgp&utm_source=google;Traité
Hôtel Restaurant Campanile Le Mans Sud Arnage;Rue de la Gemerie 72230 Arnage France;https://le-mans-sud-arnage.campanile.com/;Traité
Hôtel Restaurant Campanile Roissy Le Mesnil-Amelot;2 Rue du Stade Sauvanet 77990 Le Mesnil-Amelot France;https://roissy-le-mesnil-amelot.campanile.com/fr-fr/?sr=SEAMKTPLATEFORM&hotelid=FRA23140&campaignid=22760960133&adgroupid=182436857735&gad_source=1&gad_campaignid=22760960133&gbraid=0AAAAAD2kzFWawKAtF9dRuYlh9uG1YHuLU&gclid=CjwKCAjwk7DFBhBAEiwAeYbJsaMD9aiXdXqrclDCxvWvis2tJPDI-8EPUKjtWB4zmN1xPFCV5C9HwhoCsOkQAvD_BwE;Traité
Hôtel Restaurant Campanile Thiers;ZI De Felet 63300 Thiers France;https://thiers.campanile.com/fr-fr/?utm_content=partoo&utm_medium=seo-bgp&utm_source=google;Traité
Hôtel Restaurant Castel d'Orcino;Baie de la Liscia 20111 Calcatoggio France;http://www.casteldorcino.com/;Traité
Hôtel restaurant CASTILLAN;19 route des grands cols 05320 La Grave France;http://www.le-castillan.com/;Traité
Hôtel Restaurant Chez Jean;3 Rue de la Gare 67700 Saverne France;http://www.chez-jean.com/;Traité
Hôtel Restaurant d'Alsace the Originals Boutique;187 Rte de Lyon 67400 Illkirch-Graffenstaden France;http://www.hotelalsace.com/;Traité
Hôtel Restaurant De France;2 Av. Frédéric Mistral 11400 Castelnaudary France;http://www.hdefrance.com/;Traité
Hôtel Restaurant de La Citadelle;126 Rue Saunerie 04200 Sisteron France;https://www.hotel-lacitadelle.com/;Traité
Hôtel Restaurant de la Hague;76 Rue de L'Église 50440 La Hague France;http://www.hotelrestauranthague.com/;Traité
Hôtel Restaurant de la Lagune Lucciana;Lot. California 20290 Lucciana France;https://www.hotel-la-lagune.com/fr/;Traité
Hôtel Restaurant de la Mare;69 Rue de la Jacquerie 60190 Avrigny France;http://residence-de-la-mare.org.es/;Traité
Hôtel Restaurant de la Paix;24 Av. des Thermes 32150 Cazaubon France;http://www.hotel-paix.fr/;Traité
Hôtel Restaurant de La Plage;21 Boulevard Emmanuel Brusq 21 Av. Manu Brusq 29770 Audierne France;http://www.hotel-finistere.com/;Traité
Hôtel Restaurant de la plage;21 Rue Gustave Danquin 62164 Audresselles France;https://www.hoteldelaplage-audresselles.com/;Traité
Hôtel Restaurant de la Pointe du Grouin;Pnte du Grouin 35260 Cancale France;http://www.hotelpointedugrouin.com/;Traité
Hôtel Restaurant De La Poste;12 Rue de Saint-Agrève bât Ax 314 43190 Tence France;http://www.logishotels.com/fr/hotel/logis-hotel-de-la-poste-3676?partid=661;Traité
Hôtel Restaurant de la Poste;Rue de Thiers 42430 Saint-Just-en-Chevalet France;https://www.hotel-la-poste-loire.com/;Traité
Hôtel Restaurant de la Poste;668 Av. Simone Veil 12230 La Cavalerie France;http://www.hotel-larzac.fr/;Traité
Hôtel Restaurant de la Poste le 1900;9 Rte des Alpes 25370 Jougne France;http://www.hotel-restaurant-laposte1900.fr/;Traité
Hôtel Restaurant de l'Abbaye;14 Ter Av. Charles de Gaulle 71250 Cluny France;https://hotelrestaurantabbaye-cluny.fr/;Traité
Hôtel Restaurant de l'Abbaye - Traiteur de vos événements;sur-Aube 19 Rte de Dijon Clairvaux 10310 Ville-sous-la-Ferté France;https://www.hotel-restaurant-abbaye.fr/;Traité
Hôtel Restaurant de l'Observatoire;Pl. de la Fontaine 04870 Saint-Michel-l'Observatoire France;;
Hôtel Restaurant des Deux Cols;37 Rte du Col d'Aspin 65710 Campan France;http://www.hotellesdeuxcols.com/restaurant-campan;Traité
Hôtel Restaurant des Gorges au Viaduc;12640 Rivière-sur-Tarn France;http://hotel-restaurant-des-gorges-au-viaduc.com.es/;Traité
Hôtel Restaurant des Grottes du Pech Merle;2342 Rte du Célé 46330 Cabrerets France;http://www.hoteldesgrottes.com/;Traité
Hôtel Restaurant des Remparts;16 Pl. Floquet 64220 Saint-Jean-Pied-de-Port France;https://www.hoteldesremparts.fr/;Traité
Hôtel Restaurant Dormy House;Rte du Havre 76790 Étretat France;http://www.dormy-house.com/;Traité
Hôtel Restaurant du Balcon Geissler;17 Gr Grande Rue 70150 Marnay France;https://gratuit-5278498.webadorsite.com/;Traité
Hôtel Restaurant du Donon;15 Donon 67130 Grandfontaine France;;
Hôtel Restaurant du Haut Allier;1 Avenue de La Gare 43580 Alleyras France;http://www.hotel-lehautallier.com/;Traité
Hôtel Restaurant Du Lac;2 Pl. Châteaubriand 35270 Combourg France;http://www.hotel-combourg.com/;Traité
Hôtel Restaurant du Lac à Graulhet;1 Rue Sirius 81300 Graulhet France;http://www.lhoteldulac.fr/;Traité
Hôtel Restaurant Du Parc, chambres à partir de 68€;141 Pl. de l'Église 42520 Maclas France;https://hotel-restaurant-du-parc.excursionsfrance.top/;Traité
Hôtel Restaurant du Pont Vieux;2 Rue du Barry 12360 Camarès France;http://www.pontvieuxcamares.com/;Traité
Hôtel restaurant du Vieux Pont;245 toute des berges de l'Aveyron Le Bourg Goutrens 12390 Belcastel France;http://www.hotelbelcastel.com/;Traité
Hôtel Restaurant Etoile Des Neiges;4 Rue du Village 25370 Métabief France;http://www.hoteletoiledesneiges.fr/?utm_source=gmb;Traité
Hôtel Restaurant Ibis Maisons Laffitte;6 Rue de Paris 78600 Maisons-Laffitte France;https://www.hotel-maisonslaffitte.com/;Traité
Hôtel Restaurant Kyriad de Sedan;1 All. du Château Titeux 08200 Sedan France;https://sedan.kyriad.com/fr-fr/?utm_content=partoo&utm_medium=seo-bgp&utm_source=google;Traité
Hôtel Restaurant Kyriad Digne-les-Bains;Quartier St Christophe Imp. Houdry 04000 Digne-les-Bains France;http://www.kyriad-digne-les-bains.fr/;Traité
Hôtel Restaurant Kyriad Issoudun;N151 36100 Issoudun France;https://issoudun.kyriad.com/fr-fr/?utm_content=partoo&utm_medium=seo-bgp&utm_source=google;Traité
Hôtel Restaurant La Cascade;4 Rte des Gorges de Nouailles 25920 Mouthier-Haute-Pierre France;http://www.hotel-lacascade.fr/;Traité
Hôtel Restaurant la Chaumière;25 Bd Charles de Gaulle 11500 Quillan France;http://www.pyren.fr/;Traité
Hôtel Restaurant La Co(o)rniche;46 Av. Louis Gaume 33115 La Teste-de-Buch France;https://lacoorniche.com/?utm_source=google&utm_medium=organic&utm_campaign=mybusiness;Traité
Hôtel restaurant La Couronne by K;13 Rue de Wimmenau 67340 Reipertswiller France;https://www.lacouronnebyk.fr/;Traité
Hôtel Restaurant La Couronne d'Or;9 Rue Principale 68290 Bourbach-le-Bas France;;
Hôtel Restaurant La Crêperie du Château à Craon;14 Av. de Champagne 53400 Craon France;http://www.hotel-restaurant-craon.com/;Traité
Hôtel Restaurant la ferme du Mée sur Seine;905 Av. de la Libération 77350 Le Mée-sur-Seine France;http://www.hotel-lafermedumeesurseine.com/;Traité
Hôtel Restaurant La Ferme LAMY : Havre de Paix 3 étoiles avec Piscine;305 Rte Lamy-Boyer 24220 Meyrals France;https://www.sarlat-dordogne-lamy.com/;Traité
Hôtel Restaurant La Madrague;Route de la Canonica RD 107 20290 Lucciana France;http://www.hotel-lamadrague.com/;Traité
Hôtel restaurant La maison du lac Chalain;806 Rue des 3 Lacs 39130 Doucier France;https://hotel-chalain.com/;Traité
Hôtel restaurant la Manse;Route de Vézelay 58530 Dornecy France;http://hotel-restaurant-la-manse.org.es/;Traité
Hôtel Restaurant la Parenthèse;481 Grande Rue 01340 Attignat France;https://laparenthese01340.fr/;Traité
Hôtel Restaurant la Promenade;1 Rte de Valence 86700 Valence-en-Poitou France;https://lapromenade.eatbu.com/?lang=fr;Traité
Hôtel Restaurant La Redoute Les Rousses Jura;357 Rte Blanche 39220 Les Rousses France;http://hotels-les-rousses.com/;Traité
Hôtel Restaurant La Roseraie;7 Rue Bretonneau 37150 Chenonceaux France;http://www.hotel-chenonceau.com/;Traité
Hôtel Restaurant La Source;RD1075 38390 Porcieu-Amblagnieu France;http://www.hotelrestaurantlasource.fr/;Traité
Hôtel restaurant La Table Des Bons Pères;Relais De Romainville 55300 Bislée France;http://www.relais-romainville.com/?utm_source=gmb;Traité
Hôtel Restaurant La Truffe Noire;22 Bd Anatole France 19100 Brive-la-Gaillarde France;https://la-truff-noire.com/;Traité
Hôtel Restaurant Le Bellevue;L'Hospitalet 46500 Rocamadour France;http://hotel-bellevue-rocamadour.com/;Traité
Hôtel Restaurant Le Bretagne;13 Pl. Aristide Briand 29690 Huelgoat France;http://www.le-bretagne-huelgoat.com/;Traité
Hôtel Restaurant Le Centenaire;2 Av. du Cinglé 24620 Les Eyzies France;http://www.hotelducentenaire.fr/;Traité
Hôtel Restaurant Le Central;4 Rue du Onze Novembre 23600 Boussac France;http://www.hotelcentral-creuse.com/;Traité
Hôtel Restaurant Le Chabi;397 Rte du Riz 74360 La Chapelle-d'Abondance France;http://www.lechabi.fr/;Traité
Hôtel Restaurant Le Clos d'Amboise;27 Rue Rabelais 37400 Amboise France;http://www.leclosdamboise.com/;Traité
Hôtel Restaurant Le Clos d'Arsac;125 Rte du Verdon 33460 Arsac France;;
Hôtel Restaurant Le Clos Grand;12 Rue des Claux Grands 46090 Pradines France;https://www.hotelclosgrand.fr/;Traité
Hôtel Restaurant Le Commerce;1 Pl. des Casernes 64190 Navarrenx France;https://www.hotellecommerce.fr/;Traité
Hôtel Restaurant Le Domaine de Baulieu, Singuliers Hôtels;822 Chem. de Lussan 32000 Auch France;https://ledomainedebaulieu.com/;Traité
Hôtel Restaurant Le Félicien;10 RUE DE BOIS MADAME 07410 Saint-Félicien France;https://www.hotel-le-felicien.fr/;Traité
Hôtel Restaurant Le Gibergeon;7 Pl. de l'Église 08460 Signy-l'Abbaye France;https://hotelrestaurant-legibergeon.top/;Traité
Hôtel Restaurant Le Guilazur;le Village 05350 Château-Ville-Vieille France;https://www.queyrashotelguilazur.com/;Traité
Hôtel Restaurant le Lac des Graves;JAULHAC 20 ROUTE DU VOLCAN 15590 Lascelle France;http://www.lacdesgraves.com/;Traité
Hôtel Restaurant Le Lion d'Or;Cité Médiévale 24 Rue Roland le Preux 46500 Rocamadour France;http://www.liondor-rocamadour.com/;Traité
Hôtel Restaurant Le Lutetia;54 Rue de Deauville 54260 Longuyon France;;
Hôtel Restaurant Le Mareuillais;1 Rue des Flandres Dunkerque 85320 Mareuil-sur-Lay-Dissais France;https://www.hotellemareuillais.com/;Traité
Hôtel Restaurant Le Mazagan;210 Bd du Front de Mer 11210 Port-la-Nouvelle France;https://lemazagan11.eatbu.com/;Traité
Hôtel Restaurant Le Mérilys;Le Rond Point des Pistes 73550 France;http://www.merilys.com/;Traité
Hôtel Restaurant Le Mitigana;16 Av. Roger Salengro 89400 Migennes France;http://www.hotel-lemitigana.fr/;Traité
Hôtel Restaurant le Mont Brouilly;139 Imp. des Quatre Mesures 69430 Quincié-en-Beaujolais France;http://www.hotelbrouilly.com/;Traité
Hôtel Restaurant Le NORMANDY;58 Rue du Marechal Foch 82500 Beaumont-de-Lomagne France;http://www.hotel-le-normandy.fr/;Traité
Hôtel Restaurant Le Paddock;9 Bardonnay 58470 Magny-Cours France;http://www.hotelpaddock.com/;Traité
Hôtel Restaurant Le Picardie;108 Av. Jean Jaurès 02300 Chauny France;https://picardie-hotel.fr/;Traité
Hôtel Restaurant Le Pont de l'Aube;12 Rue de Châlons 10700 Arcis-sur-Aube France;https://hotel-du-pont-de-l-aube.amenitiz.io/fr/booking/room?start_date=2026-06-20&end_date=2026-06-23&adults=3&children=0#RoomSelection-BE;Traité
Hôtel Restaurant Le Relais De Beaulieu;Rte de Beaulieu le Calvaire 44160 Pontchâteau France;http://www.hotel-restaurant-lerelaisdebeaulieu.fr/;Traité
Hôtel Restaurant Le Romantica;311 Chem. du Petit Paris 14600 Pennedepie France;https://www.hotelromanticahonfleur.fr/;Traité
Hôtel Restaurant Le Royal Picardie;138 Av. du Général Leclerc 80300 Albert France;https://royalpicardie.com/;Traité
Hôtel Restaurant Le Saint Jean;Hameau de 17 Rte des Moulins 20275 Ersa France;http://www.lesaintjean.net/;Traité
Hôtel Restaurant Le Saint-Antoine;7 Rte Napoléon 74310 Les Houches France;http://hotelsaintantoine.com/;Traité
Hôtel Restaurant Le Saint-Nazaire;1 Pl. de la Tour Poitevine 26190 Saint-Nazaire-en-Royans France;;
Hôtel Restaurant Le Torre Mare;2 Rte du Bord de Mer 20200 Santa-Maria-di-Lota France;https://www.corseweb.corsica/4872/bagnaja-grand-bastia/santa-maria-di-lota/hotel-restaurant-le-torre-mare-a-santa-maria-di-lota/;Traité
Hôtel Restaurant Le Vieux Logis;2 rue des terroz 74140 Yvoire France;http://www.levieuxlogis.com/;Traité
Hôtel Restaurant l'Ecluse;Rte de Limoges 24420 Antonne-et-Trigonant France;http://www.ecluse-perigord.com/;Traité
Hôtel Restaurant Les Boissières;708 Rte de Caussade 82800 Bioule France;http://lesboissieres.fr/;Traité
Hôtel Restaurant Les Cavalets;3100 D71 83630 Bauduen France;http://www.lescavalets.com/;Traité
Hôtel Restaurant Les Chalets de Philippe Chamonix;718 Rte du Chapeau 74400 Chamonix-Mont-Blanc France;https://chaletsphilippe.com/;Traité
Hôtel Restaurant Les Cols Verts;La 48 Rue de Verdun 85360 La Tranche-sur-Mer France;http://www.hotelcolsverts.com/;Traité
Hôtel Restaurant Les Coquelicots, The Originals Relais;D920 Lieu-dit La Croix de Fer 19270 Saint-Pardoux-l'Ortigier France;https://www.theoriginalshotels.com/hotels/brive-la-gaillarde-nord-les-coquelicots?utm_campaign=uberall&utm_medium=organic&utm_source=googlelisting;Traité
Hôtel Restaurant Les Cygnes;31 Rte des Brenets Lieu Dit 25130 Villers-le-Lac France;https://www.facebook.com/LES-Cygnes-973650106356787?utm_source=gmb;Traité
Hôtel Restaurant Les Jardins d'Epône;220 Av. de la Mauldre 78680 Épône France;http://www.hotel-jardins-epone.com/;Traité
Hôtel Restaurant Les Lodges du Lac;2929 Rte du Lac 73610 Saint-Alban-de-Montbel France;https://leslodgesdulac.com/;Traité
Hôtel Restaurant Les Marronniers;18 Pl. du Champ de Mars 07330 Thueyts France;http://www.hotel-les-marronniers.com/;Traité
Hôtel Restaurant les Peupliers;Chem. de Lesdier 05200 Baratier France;https://hotel-les-peupliers.secretbox.fr/?utm_source=gmb;Traité
Hôtel Restaurant les Sabots d'Or;10 Rue du Château 28310 Janville France;https://www.hotel-restaurant-janville.fr/;Traité
Hôtel Restaurant Les Sapins Wellness & Gourmet;6762 Rte du Col de la Croix Fry 74230 Manigod France;https://www.les-sapins.fr/;Traité
Hôtel Restaurant Les Soldanelles;La 106 Rue des Chasseurs Alpins 73300 Fontcouverte-la-Toussuire France;http://www.hotelsoldanelles.com/;Traité
Hôtel Restaurant Les Tilleuls;3 Rue Descourtives 89600 Saint-Florentin France;http://www.hotel-les-tilleuls.com/;Traité
Hôtel Restaurant l'Espadon;8 Av. de la Forêt 85160 Saint-Jean-de-Monts France;http://www.hotel-espadon.com/;Traité
Hôtel Restaurant L'Esturgeon.;6 Cr du 14 Juillet 78300 Poissy France;http://www.lesturgeon.com/;Traité
Hôtel Restaurant l'Etang des Reynats;15 Rte d'Angoulême 24650 Chancelade France;http://www.etangdesreynats.com/;Traité
Hôtel Restaurant L'Etape;45 route de Sisteron 04200 Les Omergues France;https://letape-les-omergues.eatbu.com/?lang=fr;Traité
Hôtel Restaurant LibéraCaen - Normandie;42 rue Nelson Mandela Chemin de Mondeville à Giberville 30 Rue Nelson Mandela 14460 Colombelles France;https://www.libera-hotel.com/;Traité
Hôtel Restaurant L'Océan vue Mer;PLAGE DE PORT-LIN 44490 Le Croisic France;https://www.hotelrestaurant-locean.com/;Traité
Hôtel Restaurant L'Ondine;7A Rue A Marina 20220 Algajola France;http://www.hotelondine.com/;Traité
Hôtel Restaurant l'Orée des Cimes;3 Rte de Luchon 65370 Siradan France;http://oreedescimes-siradan.fr/;Traité
Hôtel Restaurant Mon Auberge SARL;N113 34400 Lunel France;https://www.monauberge.com/fr/?utm_source=gmb;Traité
Hôtel Restaurant Muller;16 Av. de la Libération 67110 Niederbronn-les-Bains France;http://www.hotelmuller.com/fr?utm_source=gmb;Traité
Hôtel Restaurant Origines par Adrien Descouls;Rue du Clos de la Chaux 63500 Le Broc France;https://restaurant-origines.fr/fr/;Traité
Hôtel Restaurant Saint Roch;105 Montée de Saint Roch 05290 Puy-Saint-Vincent France;http://www.hotel-st-roch.com/fr;Traité
Hôtel Restaurant Saint-Hubert - Hambach Sarreguemines;30 Rue de la Forêt 57910 Hambach France;https://www.sainthubert-resort.eu/;Traité
Hôtel restaurant Saint-Pierre;12 Pl. de la République 50800 Villedieu-les-Poêles-Rouffigny France;https://www.st-pierre-hotel.com/;Traité
Hôtel Restaurant Santa Maria;Ceppo 20190 Santa-Maria-Siché France;https://santa-maria-hotel.com/;Traité
Hôtel Restaurant Santiago;15 Rue de Santiago 64700 Hendaye France;https://hotel-le-santiago.com/;Traité
Hôtel Restaurant Taillard;Rte de la Corniche 1 25470 Goumois France;http://www.hotel-taillard.fr/;Traité
Hôtel Restaurant U Ricordu;RD 80 Macinaggio 20248 France;http://www.hotel-uricordu.com/;Traité
Hôtel restaurant Val Baussenc;122 Av. de la Vall. des Baux 13520 Maussane-les-Alpilles France;http://www.valbaussenc.com/;Traité
Hôtel Restaurant Vent d'Eden;40 Rue des Mésanges 85270 Saint-Hilaire-de-Riez France;http://www.vent-deden.com/;Traité
Hôtel Restaurant Volcan Sancy;117 impasse de la ribeyre 63210 Nébouzat France;https://www.hotelvolcanpuydedome.com/;Traité
Hôtel Riquet;92 Rue Pierre-Paul Riquet 31000 Toulouse France;https://hotelriquet.top/;Traité
Hôtel Rocabella;2 Rue Pontellole 20220 L'Île-Rousse France;https://www.hotel-rocabella.com/;Traité
Hôtel Rochechouart;55 Blvd Marguerite de Rochechouart 75009 Paris France;https://www.hotelrochechouart.com/fr/;Traité
Hôtel Rochester Champs Elysées;92 Rue La Boétie 75008 Paris France;http://www.hrochester.com/;Traité
Hôtel Roi Soleil Prestige Plaisir;1277 Av. du Pressoir 78370 Plaisir France;https://neho4you.com/hotel-roi-soleil-prestige-plaisir/;Traité
Hôtel romantique Nids d'Amour | Chambres avec jacuzzi privatif et séjours insolites;345 Chem. de l'Abri 13140 Miramas France;https://www.nidsdamour.com/home.php;Traité
Hôtel Rosalie;8 Bis Av. de la Soeur Rosalie 75013 Paris France;https://hotel-rosalie.com/;Traité
Hôtel Royal Albion;Plage 1 Rue de la Mer Mesnil Val 76910 Criel-sur-Mer France;https://www.hotels-mesnilvalplage.com/;Traité
Hôtel Royal, Evian Resort;960 Av. du Léman 74500 Évian-les-Bains France;https://hotel-royal.evianresort.com/fr?utm_source=gmb;Traité
Hôtel Royal-Riviera;3 Av. Jean Monnet 06230 Saint-Jean-Cap-Ferrat France;https://www.royal-riviera.com/;Traité
Hôtel Saint Christophe;5 Pl. de la Gare 58200 Cosne-Cours-sur-Loire France;https://www.hotel-saintchristophe58.fr/fr;Traité
Hôtel Saint Jacques;13 Av. du 114Eme Régiment d'Infanterie 79200 Parthenay France;https://www.hotel-saint-jacques.fr/;Traité
Hôtel Saint Joseph;1 Chem. de Ronde 20220 Algajola France;http://www.hotel-algajola.com/;Traité
Hôtel Saint Laurent;21 Rue des Fossés 10400 Nogent-sur-Seine France;http://www.hotel-saint-laurent.com/;Traité
Hôtel Saint Louis;10 Rue Amiral Courbet 30220 Aigues-Mortes France;https://www.lesaintlouis.fr/;Traité
Hôtel Saint Martin;Rue des Grangeraies 73440 Les Belleville France;http://www.hotel-stmartin.com/;Traité
Hôtel Saint Roch;Piste de bellecote 73120 Courchevel France;http://www.lesaintroch.com/;Traité
Hôtel Saint Roch;61 Strada Di a Torra 20217 Ogliastro France;https://www.hotelsaint-roch.fr/;Traité
Hôtel Sainte Catherine Tarif réduit;1 Rue Saint-Martin 36100 Issoudun France;https://www.hotelsaintecatherine.net/;Traité
Hôtel Sainte Rose;17 Rue Sainte-Marie 65100 Lourdes France;https://www.hotelsainterose.com/?utm_source=google&utm_medium=organic&utm_campaign=mybusiness;Traité
Hôtel Saint-Eloi;79 Bd Béranger 37000 Tours France;https://www.hotelsainteloi37.com/;Traité
Hôtel Saint-Georges - Relais & Châteaux;159 Rue Mgr Conseil 74120 Megève France;https://www.hotelsaintgeorges-megeve.com/;Traité
Hôtel Saint-Jean;1 Rue Georges Romain 62930 Wimereux France;http://www.hotel-saint-jean.fr/;Traité
Hôtel Saint-Laurent, The Originals Relais;2 Pl. Lebreton 78490 Montfort-l'Amaury France;http://www.hotelsaint-laurent.com/fr/?utm_campaign=uberall&utm_medium=organic&utm_source=googlelisting;Traité
Hôtel Saint-Martin - La Maison Younan;2 Le Pissot 79400 Saint-Maixent-l'École France;https://www.logis-saint-martin.com/;Traité
Hôtel Saint-Odilon;2 Chem. Georges Malere 71250 Cluny France;https://www.hotelsaintodilon.com/;Traité
Hôtel San Giovanni;Rte d'Arca 20137 Porto-Vecchio France;https://hotel-san-giovanni.com/;Traité
Hôtel Savary;2 Rue Alsace-Lorraine 17000 La Rochelle France;https://www.hotelsavary.com/;Traité
Hôtel Scopa Rossa;Scopa Rossa 20126 Évisa France;http://hotelscoparossa.com/;Traité
Hôtel Sedrez;14 Rue des Douves 35600 Redon France;http://sedrez.fr/;Traité
Hôtel Signature Saint Germain des Prés;5 Rue Chomel 75007 Paris France;http://www.signature-saintgermain.com/;Traité
Hôtel Sleeping Belle Paris - Paris Gare de Lyon Bastille;234 Rue de Bercy 75012 Paris France;https://www.hotelsleepingbelle.com/;Traité
Hôtel Snow Chill;hotel 05600 Risoul France;http://www.hotel-snowchill.com/;Traité
Hôtel Sofitel Lyon Bellecour;20 Quai du Dr Gailleton 69002 Lyon France;http://sofitel.accor.com/hotels/0553?merchantid=seo-maps-FR-0553&sourceid=aw-cen&utm_source=google+Maps&utm_medium=seo+maps&utm_campaign=seo+maps&utm_term=Sofitel-Launch;Traité
Hôtel Solana, Niort Est;144 Rue Copernic 79180 Chauray France;http://www.hotel-solana.com/?utm_campaign=uberall&utm_source=googlelisting&utm_medium=organic;Traité
Hôtel Sole e Monti;Quartier Monticello 20122 Quenza France;http://www.solemonti.com/;Traité
Hôtel Square;3 Rue de Boulainvilliers 75016 Paris France;http://www.hotelsquare.com/;Traité
Hôtel ste barbe;770 Rue Sainte-Barbe 29217 Le Conquet France;;
Hôtel Stella Mare - Algajola, Corse;Chem. Santa Lucia 20220 Algajola France;https://www.stellamarehotel.com/;Traité
Hôtel Stella Marina Galeria;338 strada di u portu 20245 Galéria France;http://stellamarina-galeria.com/;Traité
Hôtel Sud Alsace;37 Rue de Bâle 68730 Ranspach-le-Bas France;https://hotel-sud-alsace.com/;Traité
Hôtel Sud Bretagne;42 Bd de la République 44380 Pornichet France;https://hotelsudbretagne.fr/;Traité
Hôtel Suite Home Apt Luberon;517 Voie Domitienne 84400 Apt France;http://www.suitehome-apt.com/;Traité
Hôtel Suite-Home Orléans Nord - Saran;99 Imp. des Moulins 45770 Orléans France;https://www.suitehome-orleans-saran.com/;Traité
Hôtel Sully;Le Clos Couronnet 51 Rue des Viennes 28400 Nogent-le-Rotrou France;http://www.logishotels.com/fr/hotel/-6485?partid=661;Traité
Hôtel Taj-I Mah by Les Etincelles;294 Rte des Lanchettes;;
Hôtel Terminus;5 Av. Charles de Freycinet 46000 Cahors France;https://www.terminus-1911.fr/;Traité
Hôtel Terminus d'Albi;33 Av. Maréchal Joffre 81000 Albi France;http://www.hotel-terminus-albi.fr/;Traité
Hôtel Terra Vinum;35 Rue des Forgerons 68420 Gueberschwihr France;https://hotel-terravinum.com/;Traité
Hôtel Terrier de Santans;2 Rue Carnot 70150 Marnay France;;
Hôtel Tetras Lodge;74 Chem. de la Plage 73320 Tignes France;https://hoteltetras.com/;Traité
Hôtel Tettola;16 Tettola 20217 Saint-Florent France;http://www.hoteltettola.com/;Traité
Hôtel Thalassa;Strutta 20217 Saint-Florent France;http://www.thalassa-hotel.com/;Traité
Hôtel Thalassa;Hôtel Thalassa - Plage du Pero 20130 Cargèse France;https://www.corseweb.corsica/20969/louest-corse/cargese/hotel-thalassa-a-cargese/;Traité
Hôtel Thermal;17 Rue des Thermes 65400 Beaucens France;;
Hôtel Thermidor - Nevers;14 Rue Claude Tillier 58000 Nevers France;https://www.hotelthermidor.fr/;Traité
Hôtel Toujours - 4 étoiles - Paris 16e arrondissement;155 Av. de Malakoff 75116 Paris France;https://hoteltoujours.paris/?utm_source=gmb&utm_medium=organic&utm_campaign=gmb_toujours;Traité
Hôtel Touring;15 Av. de la Gare 01200 Valserhône France;https://www.touringhotel01.fr/;Traité
Hôtel Traiteur Les Ormes;13 Prom. J. Barbey d'Aurevilly 50270 Barneville-Carteret France;https://www.hotel-restaurant-les-ormes.fr/;Traité
Hôtel Trinquet;Quartier Amotz 2025 Rte de Sare 64310 Saint-Pée-sur-Nivelle France;http://www.hotel-trinquet.com/;Traité
Hôtel Trocadero la Tour;5bis Rue Massenet 75016 Paris France;http://www.trocaderolatour.com/;Traité
Hôtel Ty Mad Groix & Restaurant & Piscine, face au Port;56590 Groix France;http://www.tymad.com/;Traité
Hôtel U Capu Biancu;Lieu dit ricetti Domaine de Pozzoniello 20169 Bonifacio France;https://www.ucapubiancu.com/;Traité
Hôtel U Paese;20125 Soccia France;http://www.hotel-soccia.com/;Traité
Hôtel U Patriarcu;20228 Cagnano France;https://www.u-patriarcu.com/;Traité
Hôtel U San Daniellu;Marine de Farinole à 10 minutes de saint-florent 20253 Farinole France;https://www.location-villa-farinole.com/;Traité
Hôtel Uhainak;3 Bd de la Mer 64700 Hendaye France;https://www.hotel-uhainak.com/;Traité
Hôtel Val de Loire;50/52 Rue nationale 37190 Azay-le-Rideau France;http://valdeloire-hotel.fr/;Traité
Hôtel Val Vert;10 Rte d'Arnay 21320 Créancey France;https://www.hotelvalvert.com/;Traité
Hôtel Valdys - Beau rivage****;16 Rue Victor Hugo 29680 Roscoff France;https://www.hotels-valdys.fr/roscoff/hotel-valdys-beau-rivage;Traité
Hôtel Valdys – La Baie;42 bis Rue des Professeurs Curie 29100 Douarnenez France;https://www.hotels-valdys.fr/douarnenez/hotel-valdys-la-baie;Traité
Hôtel Valdys - les Pins;12 Av. des Pays de Monts 85160 Saint-Jean-de-Monts France;https://www.hotels-valdys.fr/saint-jean-de-monts/hotel-valdys-les-pins;Traité
Hôtel Valdys - l'Escale marine;42 bis Rue des Professeurs Curie 29100 Douarnenez France;https://www.hotels-valdys.fr/douarnenez/hotel-valdys-escale-marine;Traité
Hôtel Valencia;29 Bd de la Mer 64700 Hendaye France;http://www.hotel-valencia-hendaye.com/?utm_source=gmb;Traité
Hôtel Valfréjus Vacances;120 Pl. des Bergers 73500 Modane France;https://www.valfrejus-vacances.fr/;Traité
Hôtel Val-Vignes Colmar Haut-Koenigsbourg,The Originals Relais;23 Chem. Wall 68590 Saint-Hippolyte France;https://www.valvignes.com/;Traité
Hôtel Version Maquis Citadelle;lieu-dit brancuccio 20169 Bonifacio France;https://versionmaquis.com/;Traité
Hôtel Vertigo;3 Rue Devosge 21000 Dijon France;http://www.vertigohoteldijon.com/;Traité
Hôtel Victor Hugo;88 Rue Couesnon 50170 Pontorson France;http://www.hotelmontsaintmichelvictorhugo.com/;Traité
Hôtel Victor Hugo Paris Kleber;19 Rue Copernic 75116 Paris France;https://victorhugohotel.com/;Traité
Hôtel Villa Borghese, The Originals Relais;Av. des Thermes 04800 Gréoux-les-Bains France;https://www.hotelvillaborghese.fr/;Traité
Hôtel Villa Colette;39 Bd de la Plage 33970 Lège-Cap-Ferret France;https://www.villacolette.com/;Traité
Hôtel Villa d'Estrées - Saint-Germain-des-Prés;17 Rue Gît-le-Cœur 75006 Paris France;http://www.villadestrees.com/;Traité
Hôtel Villa KOEGUI Bayonne;7 Rue Frédéric Bastiat 64100 Bayonne France;http://hotel-villakoegui-bayonne.fr/;Traité
Hôtel Villa La Florangerie;11 Rue Westercamp 67000 Strasbourg France;https://www.villalaflorangerie.com/;Traité
Hôtel Villa M Marseille;17 Pl. Louis Bonnefon 13008 Marseille France;https://www.hotelvillam-marseille.com/;Traité
Hôtel Villa Marie Saint-Tropez;1100 chemin de Val Rian 83350 Ramatuelle France;https://www.villamarie-saint-tropez.com/;Traité
Hôtel Villa Navarre;59 Av. Trespoey 64000 Pau France;https://www.villanavarre.fr/;Traité
Hôtel Villa Pona;14 Rue nationale 71160 Digoin France;https://villapona.com/;Traité
Hôtel Villa Saxe Eiffel;9 Vla de Saxe 75007 Paris France;https://www.villa-saxe-eiffel.com/en/;Traité
Hôtel Village Montana by Les Etincelles;221 Chem. de l'Aiguille Rouge 73320 Tignes France;https://etincelles.com/hotel/hotel-village-montana/;Traité
Hôtel Ville d'Hiver;20 Av. Victor Hugo 33120 Arcachon France;https://www.hotelvilledhiver.com/;Traité
Hôtel VoulezVous by Les Etincelles;56 Bcle du Rosset 73320 Tignes France;https://etincelles.com/hotel/hotel-voulezvous/;Traité
Hôtel Whistler Paris - 10e arrondissement;36 Rue de Saint-Quentin 75010 Paris France;https://www.whistlerparis.com/?utm_source=gmb&utm_medium=organic&utm_campaign=gmb_whistler;Traité
Hôtel Windsor;18 Bd de Verdun 76200 Dieppe France;http://www.hotelwindsor.fr/;Traité
Hôtel Zélie Paris - Champs-Elysées;23 Rue Brey 75017 Paris France;https://www.hotelzelie.com/?utm_source=gmb&utm_medium=organic&utm_campaign=fiche_gmb;Traité
Hôtel-Bar-Restaurant-La Grange de Marie;ZA 1 Voie des Préaux SORTIE n°21 - A6 89310 Nitry France;http://www.lagrangedemarie.com/;Traité
Hôtel-Chalet Les Cimes 4 étoiles;16 Rte de la Floria 74450 Le Grand-Bornand France;https://www.hotel-les-cimes.com/;Traité
Hôtel-Club Côté Dôle, USSIM Vacances Les Rousses;La Pile Dessus 39220 Les Rousses France;http://www.hotel-club-les-rousses.com/;Traité
Hôtel-Dieu de Hautefort - Musée d'Histoire de la Médecine;29 Pl. Marquis Jacques François place du 24390 Hautefort France;https://musee-hautefort.com/;Traité
Hôtel-Dieu de Pont-l'Abbé - Hospitalité Saint-Thomas de Villeneuve;6 Rue Roger Signor 29120 Pont-l'Abbé France;http://hdpontlabbe.hstv.fr/;Traité
Hôtel-Dieu et Apothicairerie de Baugé;Rue Anne de Melun 49150 Baugé-en-Anjou France;https://chateau-bauge.fr/decouvrir/lhotel-dieu/;Traité
HôtelF1 Angoulême;210 Rue des Meneaux 16430 Champniers France;https://all.accor.com/lien_externe.svlt?goto=fiche_hotel&code_hotel=2290&merchantid=seo-maps-FR-2290&sourceid=aw-cen&utm_medium=seo%20maps&utm_source=google%20Maps&utm_campaign=seo%20maps;Traité
HôtelF1 Chilly Mazarin les Champarts;Za De La Butte Au Berger Rue Guynemer 91380 Chilly-Mazarin France;https://all.accor.com/lien_externe.svlt?goto=fiche_hotel&code_hotel=2476&merchantid=seo-maps-FR-2476&sourceid=aw-cen&utm_medium=seo%20maps&utm_source=google%20Maps&utm_campaign=seo%20maps;Traité
HôtelF1 Crosne Créteil;ZA de la Plaine Haute 1/ 3 Rue des Investisseurs 91560 Crosne France;https://all.accor.com/lien_externe.svlt?goto=fiche_hotel&code_hotel=2498&merchantid=seo-maps-FR-2498&sourceid=aw-cen&utm_medium=seo%20maps&utm_source=google%20Maps&utm_campaign=seo%20maps;Traité
hôtelF1 Le Mans Nord;Lotissement Le Grand Le Tertre 72650 Saint-Saturnin France;https://all.accor.com/lien_externe.svlt?goto=fiche_hotel&code_hotel=2436&merchantid=seo-maps-FR-2436&sourceid=aw-cen&utm_medium=seo%20maps&utm_source=google%20Maps&utm_campaign=seo%20maps;Traité
HôtelF1 Marne la Vallée Collégien;les portes de la foret 7 All. des Carrières 77090 Collégien France;https://all.accor.com/lien_externe.svlt?goto=fiche_hotel&code_hotel=2461&merchantid=seo-maps-FR-2461&sourceid=aw-cen&utm_medium=seo%20maps&utm_source=google%20Maps&utm_campaign=seo%20maps;Traité
Hôtellerie des Jardiniers Gourmands;Hôtellerie des Jardiniers Gourmands accessible sur réservation uniquement 9 Rte de Provins 51210 Morsains France;http://hotelleriedesjardiniersgourmands.e-monsite.com/;Traité
Hôtellerie du Lac - Hôtel restaurant à Revel;22 Avenue Pierre-Paul Riquet 31250 Revel France;https://www.hotel-restaurant-saint-ferreol.com/;Traité
Hôtellerie du Village de François - Abbaye du Désert;Abbaye Sainte Marie du Désert 35 chemin de saint Bernard 31530 Bellegarde-Sainte-Marie France;https://abbayedesert.villagefrancois.fr/;Traité
Hôtellerie Nouvelle de Villemartin;21 Allée des Marronniers 91150 Morigny-Champigny France;https://hotellerie-nouvelle-de-villemartin.eatbu.com/?lang=fr;Traité
Hôtellerie Saint Jean;25 Rte de Parthenay 79100 Saint-Jean-de-Thouars France;http://www.facebook.com/eric.Hotellerie-Saint-Jean/about?utm_source=gmb;Traité
Hôtellerie Saint-Yves;3 Rue des Acacias 28000 Chartres France;http://maison-st-yves.com/fr;Traité
Hôtel-Résidence Lou Paradou;265 Rte de Valensole 04800 Gréoux-les-Bains France;http://www.louparadou.com/;Traité
Hôtel-restaurant Arcé;630 Mixeleneko Bidea 64430 Saint-Étienne-de-Baïgorry France;http://hotel-arce.com/;Traité
Hôtel-Restaurant Auberge du Pont Canal;19 Rue du Pont Canal 45250 Briare France;https://www.booking.com/hotel/fr/auberge-du-pont-canal-briare1.fr.html?aid=2434670;Traité
Hôtel-Restaurant Bellerive;420 Chem. de la Motte 84110 Rasteau France;https://www.hotel-bellerive.fr/;Traité
Hôtel-Restaurant Bertrand;19 Rue de l'Étoile 55000 Bar-le-Duc France;https://www.france-visit.fr/htel-bertrand/;Traité
Hôtel-Restaurant CHEZ PIERRE D'AGOS;5 Av. du Lavedan 65400 Agos-Vidalos France;https://www.hotel-chezpierredagos.com/;Traité
Hôtel-Restaurant Colombet;53 Pl. de la Libération 26110 Nyons France;https://www.hotelcolombet.com/;Traité
Hôtel-restaurant C'Vall;RD 948 Maison Etxe Xuria bourg Vallée des ALdudes 64430 Urepel France;http://www.cvall.fr/;Traité
Hôtel-restaurant Juantorena;913 Rue de Gaineko 64430 Saint-Étienne-de-Baïgorry France;http://www.hotelrestaurantjuantorena.fr/;Traité
Hôtel-Restaurant Kimotel Epône;Zac des Beurrons Rue Fernand Léger 78680 Épône France;http://www.kimotel.com/;Traité
Hôtel-Restaurant La Caborne;455 Av. Général de Gaulle 69760 Limonest France;https://www.lacaborne.fr/fr/;Traité
Hôtel-restaurant La Champagne Ardenne;11 Av. du Commandant Bertaux Levillain 14390 Cabourg France;http://lachampagne-ardenne-cabourg.com/;Traité
Hôtel-Restaurant La Crèche;N102 43230 La Chomette France;https://www.lacreche-43.com/;Traité
Hôtel-Restaurant La Crémaillère;23-25 Av. de la Combattante 14470 Courseulles-sur-Mer France;http://www.la-cremaillere.com/;Traité
Hôtel-Restaurant La Montagne;Le Village 07530 Vallées-d'Antraigues-Asperjoc France;http://www.hotel-lamontagne.com/?utm_source=gmb;Traité
Hôtel-Restaurant La Plage - Port Saint Louis du Rhône;Rte de la Plage Napoléon 13230 Port-Saint-Louis-du-Rhône France;https://hotelrestaurantlaplage.fr/;Traité
Hôtel-restaurant l'Ange;125 Rue des Trois Épis 68230 Niedermorschwihr France;https://www.hotelange.fr/;Traité
Hôtel-Restaurant Le Barry;47 Rue du Barry 31150 Gratentour France;http://www.lebarry.fr/;Traité
Hôtel-Restaurant le Caprice des Neiges;1175 route des Saisies lieu dit Les Reys 73590 Crest-Voland France;http://www.hotel-capricedesneiges.com/;Traité
Hôtel-restaurant Le Concept à LES PORTES EN RE;21 Av. du Haut des Treilles 17880 Les Portes-en-Ré France;;
Hôtel-Restaurant Le Lion d'Or de Chinon;10 Pl. Jeanne d'Arc 37500 Chinon France;;
Hôtel-Restaurant Le Saint Etienne;Rue Brugeilles 19190 Aubazine France;http://www.le-saint-etienne.com/;Traité
Hôtel-Restaurant Le Sherpa;80 Av. de la Muzelle 38860 Les Deux Alpes France;https://www.le-sherpa.com/;Traité
Hôtel-Restaurant le S'Y;16 Rue nationale 57455 Seingbouse France;https://www.restaurantlesy.fr/;Traité
Hôtel-Restaurant Le Terminus;4 Pl. de la Gare 69210 L'Arbresle France;http://www.le-terminus-larbresle.fr/;Traité
Hôtel-Restaurant Les Pins;1 Grand Rue 83690 Sillans-la-Cascade France;https://hotel-restaurant-les-pins.eatbu.com/;Traité
Hôtel-restaurant Ricordeau à Loué;13 Rue de la Libération 72540 Loué France;http://www.hotel-ricordeau.fr/;Traité
Hôtel-Restaurant-Studios Le Saint-Hubert;2 Rue de la Marine 10700 Arcis-sur-Aube France;https://www.hotel-restaurant-st-hubert.fr/fr;Traité
Hôtels Charme & Design Groupe;2 Rue Camille Saint-Saëns 11000 Carcassonne France;https://www.hotelscharmedesign.com/?utm_source=google&utm_medium=organic&utm_campaign=fiche;Traité
Hôtels Et Orangerie de Raray;6 Rue Nicolas de Lancy 60810 Raray France;;
Hôtel-Spa-Piscine Le Petit Castel Beuzeville-Honfleur;32 Rue Constant Fouché 27210 Beuzeville France;https://www.hotelspahonfleur.org/;Traité
Howard Hôtel Paris- Orly Airport;87 Bd de Fontainebleau 91550 Paray-Vieille-Poste France;http://www.howardhotelorly.com/;Traité
Huatian Chinagora hôtel;France-Chine 1 Place du Confluent 94140 Alfortville France;https://www.huatian-chinagora.fr/fr/index.html;Traité
Ibis Budget Hôtel Bayeux;Za De Nonant Rue des Longues Haies 14400 Nonant France;https://all.accor.com/lien_externe.svlt?goto=fiche_hotel&code_hotel=5976&merchantid=seo-maps-FR-5976&sourceid=aw-cen&utm_medium=seo%20maps&utm_source=google%20Maps&utm_campaign=seo%20maps;Traité
Ice Rock Brasil - Hôtel et Restaurant Brésilien;18 Av. de Vallouise 05120 L'Argentière-la-Bessée France;http://icerockbrasil.com/;Traité
IGESA Hôtel Premium Escale Casabianca;quartier le mourillon 20 Bd Louvois 83000 Toulon France;https://www.igesa.fr/vos-vacances/nos-prestations/hotels-et-residences/fiche-hotel/etablissement/toulon-hotel-premium-escale-casabianca;Traité
In Hôtel;5 Rue de Nerbevaux 54390 Frouard France;http://www.inhotel.fr/?utm_source=gmb;Traité
Intense Boutik-Hôtel;21 Av. Castellane 66660 Port-Vendres France;http://www.intense-boutikhotel.com/;Traité
InterContinental Bordeaux - Le Grand Hôtel, un hôtel IHG;2 Pl. de la Comédie 33000 Bordeaux France;https://www.ihg.com/intercontinental/hotels/gb/en/bordeaux/bodha/hoteldetail?cm_mmc=GoogleMaps-_-IC-_-FR-_-BODHA;Traité
Karene Hôtel;455 Rue du soleil 26750 Saint-Paul-lès-Romans France;http://hotelkarene.com/;Traité
Kermoor Hôtel-Restaurant;18 Rue de la Plage 29770 Plogoff France;https://www.hotel-kermoor-plogoff.fr/;Traité
Kube Saint-Tropez Hôtel;319 RD 98A 83580 Gassin France;http://www.kubehotel-saint-tropez.com/;Traité
L’échappée belle hôtel restaurant;2 Pl. Gambetta 32600 L'Isle-Jourdain France;https://www.echappee-belle.fr/;Traité
La Baignoire Hôtel du Golf Lacanau;"DOMAINE DE L'ARDILOUSE Hotel du Golf ""La Baignoire 33680 Lacanau France";https://www.labaignoirelacanau.com/;Traité
La Bergerie Yves Rocher - Hôtel La Gacilly;19 Chem. de la Bergerie 56200 La Gacilly France;https://labergerieyvesrocher.com/fr/?utm_source=MyBusiness;Traité
La Capitainerie, Hôtel, Salon de thé, Bar;1 Sq. du Général de Gaulle 45110 Châteauneuf-sur-Loire France;https://www.hotel-la-capitainerie.com/;Traité
La Coudraie - Hôtel Val d'Europe;23 Chem. de Quincangrogne 77144 Montévrain France;https://lacoudraie.marne-nature.com/;Traité
La Fauceille News Hôtel & Restaurant Le 860;860 Chem. de la Fossella 66100 Perpignan France;https://www.logishotels.com/fr/hotel/logis-hotel-la-fauceille-120788;Traité
La Ferme Briarde - Hôtel : suites avec jacuzzi privatif;8 Coeffrin Lieu Dit 77560 Augers-en-Brie France;http://www.la-ferme-briarde.com/;Traité
La Grange Hôtel Restaurant;87 Av. Jules Duffort 32140 Masseube France;;
La Maison des Ducs, Hôtel et Restaurant;14 Av. des Ducs de Savoie 73000 Chambéry France;https://lamaisondesducs.fr/;Traité
La Mandarine, Hôtel 5 étoiles, Saint-Tropez;Chemin de Belle Isnarde 83990 Saint-Tropez France;http://www.hotellamandarine.com/;Traité
La Mère Champlain - Restaurant ET Hôtel;1 quai Administrateur en Chef Thomas 35260 Cancale France;http://lamerechamplain.com/;Traité
La Nauve, Hôtel & Jardin;12 Rue de la Nauve 16100 Cognac France;https://www.lanauve.com/;Traité
La Petite Rade Hôtel Logis;3 Place Clémenceau 76310 Sainte-Adresse France;https://www.lapetiterade.fr/;Traité
La solenzara Hôtel Restaurant;29 via commandanti poli 20145 Sari-Solenzara France;http://lasolenzara.com/;Traité
La Treille Muscate hôtel restaurant de charme-Cliousclat-Drôme;580 GRANDE RUE 26270 Cliousclat France;http://www.hotelrestaurant-latreillemuscate.com/;Traité
La Villa Haussmann Hôtel Paris;132 Bd Haussmann 75008 Paris France;https://www.lavillahaussmann.fr/;Traité
La Villa Hôtel Ile de Ré;La Passagère 25 Av. du Passage des Boeufs Avenue du 17580 Le Bois-Plage-en-Ré France;https://www.villahoteliledere.com/;Traité
L'Acanthe hôtel;AIRE D'ERBREE 35500 Erbrée France;https://recommendedbyrodolfo.com/balladins-vitre-erbree-confort-france;Traité
Lake Hôtel Courchevel 1850 by HappyCulture;410 Rue du Jardin Alpin 73120 Courchevel France;https://www.lake-hotel-courchevel.com/fr/;Traité
L'Amérivière bar brasserie hôtel;2 place Louis Debette 08320 Aubrives France;http://www.lameriviere.fr/;Traité
Langley Hôtel Tango;Rue de la Boucle 73440 Val Thorens France;http://hotel-tango.eu/;Traité
L'Argonn' Auberge hôtel restaurant;4 Rue sous la Roche 08250 Apremont France;http://www.hotel-argonn-auberge.com/index.php?option=com_aicontactsafe&view=message&layout=message&pf=1&redirect_on_success=&Itemid=122;Traité
L'auberge everHôtel - Somain;Zia Somain Aniche - La Renaissance 59490 Somain France;;
Le 2 Hôtel AKENA - La Ferté-Bernard [Changement de propriétaire et rénové - Mai 2024];Rue Robert Schumann 72400 La Ferté-Bernard France;;
Le Bataclan AURON Hôtel & Restaurant;525 Plateau Nabinas 06660 Saint-Étienne-de-Tinée France;http://www.lebataclan.fr/;Traité
Le Bellevue Hôtel - Bar;10 Av. Adolphe Authie 09110 Ax-les-Thermes France;http://www.hotelbellevue-ax.fr/;Traité
Le Bel'O | Hôtel 3 étoiles | Restaurant | Le Chambon-sur-Lignon;24 Chem. de Molle 43400 Le Chambon-sur-Lignon France;https://www.belhorizon.fr/;Traité
Le C Boutique Hôtel 4*;13 Rue Suffren 11100 Narbonne France;https://www.cboutiquehotel.fr/;Traité
Le Cantarel I Hôtel restaurant;Bar Hotel Restaurant Tabac Presse 2 Pl. Cantarel 52700 Andelot-Blancheville France;https://www.hotel-restaurant-lecantarel.com/;Traité
Le Celtique Hôtel & Wellness - Carnac-Plage;82 Av. des Druides 56340 Carnac France;https://www.hotel-celtique.com/;Traité
Le Cerf - Hôtel;30 Rue du Général de Gaulle 67520 Marlenheim France;http://www.lecerf.com/;Traité
Le César Hôtel, Provins;13 Rue Sainte-Croix 77160 Provins France;http://lecesarhotel.com/;Traité
LE CETAI Cannes Beach Hôtel;78 Bd Carnot 06400 Cannes France;http://www.lecetaicannes.com/;Traité
Le Chal'Heureux Hôtel Restaurant d'altitude;piste des heureux Les Cassettes 05560 Vars France;https://chalheureux.fr/;Traité
Le Château des Forges - Hôtel Angers;Chem. du Port de l'Île 49100 Angers France;https://www.lechateaudesforges.fr/;Traité
Le Citylodge - Appart Hôtel Niort;19 Rue du Galuchet 79000 Niort France;https://www.citylodgeniort.com/;Traité
Le Continental Hôtel;110 Av. des Sources 76440 Forges-les-Eaux France;http://www.hotel-lecontinental.com/default-fr.html;Traité
Le Diamant Secret : Love Room avec piscine, Love hôtel, week-end romantique, séjour en amoureux, Morbihan, Bretagne;0 56130 Marzan France;https://lediamantsecret.fr/;Traité
Le Drip's Hôtel & Restaurant Arty;98 Av. Elsa Triolet 13008 Marseille France;http://www.ledrips.com/;Traité
Le Grand Hôtel;1 Prte de Paris 59600 Maubeuge France;http://www.grand-hotel-maubeuge.fr/;Traité
Le Grand Hôtel;7 Quai Jean Jacques Delorme 41110 Saint-Aignan France;https://www.zoobeauval.com/dormir-a-beauval/hotel-grand-hotel?utm_source=google&utm_medium=organic&utm_campaign=gmb&utm_content=hotel_grand_hotel;Traité
Le Grand Hôtel;1 All. de Verninac 46200 Souillac France;https://legrandhotel.net/;Traité
Le Grand Hôtel;3 Pl. de la Gare 23300 La Souterraine France;;
Le Grand Hôtel - Barcelonnette;Pl. Président Paul Reynaud 04400 Barcelonnette France;https://www.legrandhotelbarcelonnette.com/;Traité
Le Grand Hôtel Cabourg - MGallery;Les Jardins Du Casino 14390 Cabourg France;https://mgallery.accor.com/hotels/1282?merchantid=seo-maps-FR-1282&sourceid=aw-cen&utm_source=google+Maps&utm_medium=seo+maps&utm_campaign=seo+maps&utm_term=MGallery-Launch;Traité
Le Grand Hôtel de la Gare;61 Bd Gambetta 27000 Évreux France;http://fr.hotelgare-evreux.fr/;Traité
Le Grand Hôtel Dieu - SOWELL COLLECTION;12 Rue de la République 30000 Nîmes France;https://www.sowell.fr/hotel/grand-hotel-dieu/;Traité
Le Grand Hôtel Dinard;46 Av. George V 35800 Dinard France;https://www.hotelsbarriere.com/dinard/le-grand-hotel-dinard;Traité
Le Grand Hôtel Le Touquet;4 Bd de la Canche 62520 Le Touquet-Paris-Plage France;https://www.legrandhotel-letouquet.com/;Traité
Le Grand Hôtel, The Originals Relais;Complexe 23110 Évaux-les-Bains France;https://www.evauxthermes.com/hotel-et-restaurant/presentation-grand-hotel/;Traité
Le M Hôtel;62 Cr Albert Manuel 14600 Honfleur France;http://www.lemhotelhonfleur.com/;Traité
Le Madame - table gourmande, hôtel & lieu de vie;832J+VFW Le Curtillard 38580 Le Haut-Bréda France;https://hotel-lemadame.com/;Traité
Le Mas des Ponts d'Arles, Arles, hôtel 3 étoiles aux portes de la Camargue;10 Av. des Prés d'Arlac 30300 Fourques France;http://www.hoteldespontsdarles.com/;Traité
Le Metropolitan, Paris Tour Eiffel, a Tribute Portfolio Hôtel;10 Pl. de Mexico 75116 Paris France;https://www.marriott.com/en-us/hotels/parxt-le-metropolitan-paris-tour-eiffel-a-tribute-portfolio-hotel/overview/?scid=f2ae0541-1279-4f24-b197-a979c79310b0;Traité
Le Moulin De Moissac, Sure Hôtel Collection by Best Western;1 Prom. Sancert 82200 Moissac France;https://www.lemoulindemoissac.com/;Traité
Le Moulin Rouge - Hôtel Grand Confort 3 étoiles Restaurant;6 Rue Auguste Lumière 24120 Terrasson-Lavilledieu France;http://www.hotel-dordogne-perigord.com/;Traité
Le Néliö Hôtel & Restaurant;155 Rue Charles Duchesne 13290 Aix-en-Provence France;https://www.lenelio.com/;Traité
Le Paquebot, hôtel & restaurant;3 Rue des Bains 14113 Villerville France;https://www.lepaquebot.fr/;Traité
Le Parc de Geoffroy Logis Hôtel;49 Av. du Général de Gaulle 63300 Thiers France;https://www.leparcdegeoffroy.fr/;Traité
Le Patio Hôtel;16 rue Robert Schuman 49600 Beaupréau-en-Mauges France;;
Le Petit Nice Passedat - Hôtel 5 étoiles Relais & Châteaux à Marseille;17 Rue des Braves Anse de Maldormé 156 Cor Président John Fitzgerald Kennedy 13007 Marseille France;https://www.passedat.fr/fr/hotel-5-etoiles-restaurant-etoile-marseille;Traité
Le Place Neuve hôtel restaurant;35 place neuve 69690 Brullioles France;http://www.leplaceneuve.fr/;Traité
Le Prieuré Corrèze hôtel 4 étoiles & Restaurant;11 Rue St Martial 19800 Corrèze France;https://prieurecorreze.com/;Traité
Le Rapp | Hôtel piscine au cœur de Colmar;1-3-5 Rue Weinemer 68000 Colmar France;https://www.rapp-hotel.com/;Traité
Le Relais Bernard Loiseau - hôtel Relais & Châteaux 5 étoiles;2 Rue d'Argentine 21210 Saulieu France;https://www.bernard-loiseau.com/fr/;Traité
Le Relais de la Gare Hôtel Restaurant;118 Av. de la Gare 35480 Guipry-Messac France;;
Le Relais du Canalou Hôtel - restaurant;76 Av. du Général de Gaulle 71160 Digoin France;http://www.relaisducanalou.com/;Traité
Le Relais du Touron Hôtel Restaurant Bar Carsac-Aillac;3881 Rte de Gourdon 24200 Carsac-Aillac France;http://www.lerelaisdutouron.com/;Traité
Le Restaurant de l'Hôtel du Centre Meursault;4 Rue de Lattre de Tassigny 21190 Meursault France;http://www.hotelducentre-meursault.com/;Traité
Le Rêve Hôtel;10 Rue du Lac 10140 Mesnil-Saint-Père France;https://www.lereve-hotel.com/;Traité
Le Roc e Fiori Hôtel;Bocca del Oro 20137 Porto-Vecchio France;http://www.rocefiori.com/;Traité
Le Saumon l Hôtel;89 Pl. de la Madeleine 27130 Verneuil d'Avre et d'Iton France;http://www.hoteldusaumon.com/;Traité
Le Spinaker (Hôtel-restaurant-marina à Port Camargue);Voie de la Pointe du Môle 30240 Le Grau-du-Roi France;https://www.spinaker.com/;Traité
Le Telo - Hôtel | Bar | Restaurant à Saint Mandrier;16 Quai Jean Jaurès 83430 Saint-Mandrier-sur-Mer France;http://www.le-telo-hotel-restaurant.fr/;Traité
LE VIEUX MOULIN – Hôtel, restaurant bistronomique et mariage à Hédé en Ille et Vilaine (Bretagne);La Vallée des Moulins 35630 Hédé-Bazouges France;http://www.levieuxmoulin-hede.com/;Traité
Lemon Hôtel - Mery sur Oise/Cergy;ZA Les bosquets Chem. de Pontoise 2-4 95540 Méry-sur-Oise France;;
L'Ermitage Hôtel;Chem. de l'Ermitage 69450 Saint-Cyr-au-Mont-d'Or France;https://www.lermitage-hotel.com/;Traité
Les Airelles - Apparthôtel les Tilleuls - Restaurant Le Médiéval;16 All. des Tilleuls 33490 Saint-Macaire France;http://www.tilleul-medieval.com/;Traité
Les Arbousiers | Village Hôtel Provençal;Chemin du Passage de Saint-Louis 83136 La Roquebrussanne France;http://www.arbousiers.fr/;Traité
Les Cabanes dans les Bois- Logis Hôtel et Séminaires;Chemin de Fourtou Domane de Fourtou 11600 Villalier France;http://lescabanesdanslesbois.fr/;Traité
Les Chemins Francis - Hôtel - Séjours - Activités -Cévennes Mont Lozère;9 Pl. du Pont 48190 Mont Lozère et Goulet France;https://www.hotel-cheminsfrancis.com/;Traité
Les Hameaux De Lozère, Sure Hôtel Collection by Best Western;Route de Chaudes Aigues 48310 Fournels France;http://leshameauxdelozere.fr/;Traité
Les Haras Hôtel by Stay Collection;23 Rue des Glacières 67000 Strasbourg France;https://les-haras-hotel.com/;Traité
Les Jardins de l'Anjou - Domaine hôtelier et restaurant;9 Chem. de Vaujou 49620 Mauges-sur-Loire France;https://www.jardinsdelanjou.fr/;Traité
Les Jardins d'Épicure - Hôtel & restaurant gastronomique;16 Grande Rue 95710 Bray-et-Lû France;http://www.lesjardinsdepicure.com/;Traité
Les Pins Blancs en Provence - Hôtel;2469 Rte de Draguignan 83490 Le Muy France;https://www.lespinsblancs.com/;Traité
Les Pléiades Hôtel-Spa-Restaurant;21 Grande Rue 77630 Barbizon France;https://www.hotel-les-pleiades.com/;Traité
Les Pyrénées, Le Grand Hôtel & Le Château;Rte des Bains 66500 Molitg-les-Bains France;https://www.grandhotelpyrenees.com/fr;Traité
Les Roches 1500 - Hôtel au pied des pistes du plateau de Sommand - Praz de Lys;Plateau de 2 Route du Col de la Ramaz 74440 Mieussy France;https://www.lesroches1500.com/;Traité
L'Hôtel;13 Rue des Beaux Arts 75006 Paris France;http://www.l-hotel.com/;Traité
L'Hôtel by JOA;All. de Christus 40990 Saint-Paul-lès-Dax France;https://www.joa.fr/casinos/st-paul-les-dax/hotel;Traité
L'hôtel de Castigno;Av. de Saint-Chinian 34360 Assignan France;https://villagecastigno.com/fr/hebergement-insolite-occitanie.html?utm_source=google&utm_medium=organic&utm_campaign=gbp_hotel_de_castigno;Traité
L'Hôtel du Port;44 Quai du Port 11210 Port-la-Nouvelle France;https://hotelduport-11210.lovable.app/;Traité
L'Hôtel Particulier Guilhon;95 Rue nationale 32700 Lectoure France;https://hotel-particulier-guilhon.com/;Traité
Libre Hôtel;Z.A 119 Rue Marie Harel 14290 France;http://www.libre-hotel-orbec.fr/;Traité
L'Invitation au Voyage · Hôtel à Honfleur en Normandie;9 Rue de la ville 14600 Honfleur France;https://linvitationauvoyagehonfleur.com/fr/;Traité
Logis Atoll Hôtel Angers Beaucouzé;1 Av. du Pin 49070 Beaucouzé France;https://www.logishotels.com/fr/hotel/-254744?partid=1535;Traité
Logis Clermotel - Hôtel & Restaurant;60 Rue des Buttes 60600 Agnetz France;https://www.clermotel.fr/;Traité
Logis Hôtel - Restaurant Le bellevue;1 Quai du Rhône 38370 Les Roches-de-Condrieu France;https://www.lebellevue-condrieu.com/;Traité
Logis Hôtel - Restaurant le Saint-Antoine;32 Rue de Franche-Comté 21760 Lamarche-sur-Saône France;https://www.le-saint-antoine.fr/;Traité
Logis Hôtel 3 étoiles Le Relais du Chapeau Rouge – Proche Airvault, Thouars et Parthenay;33 Grand Rue Théophane Venard 79600 Saint-Loup-Lamairé France;http://www.lerelaisduchapeaurouge.fr/;Traité
Logis Hôtel Absolue Renaissance;2 Rue de Paris 58470 Magny-Cours France;http://reservation-hotel.logishotels.com/reservit/reserhotel.php?action=fiche_htl&partid=661&hotelid=6921;Traité
Logis Hôtel Alienor;Chem. du Pioc 33210 Langon France;http://www.logishotels.com/fr/hotel/-140279?partid=661;Traité
Logis Hôtel Andreinia;Le Bourg 64220 Estérençuby France;http://www.hotel-andreinia.com/;Traité
Logis Hôtel Archambeau;place De L'Eglise 24290 Thonac France;https://www.logishotels.com/fr/hotel/-2298?partid=1535;Traité
Logis Hôtel Arcombelle;25 Av. de Lierneux 52140 Val-de-Meuse France;https://www.logishotels.com/fr/hotel/-2337?partid=1535;Traité
Logis Hôtel Au Canard Gourmand;La Rente 32130 Samatan France;https://www.logishotels.com/fr/hotel/-14923?partid=1535;Traité
Logis Hôtel Au Cerf d'Or;6 Pl. de l'Hôpital 67000 Strasbourg France;https://www.logishotels.com/fr/hotel/-429?partid=1535;Traité
Logis Hôtel Au Colombier du Touron;187 Av. des Landes 47310 Brax France;https://www.logishotels.com/fr/hotel/-3383?partid=1535;Traité
Logis Hôtel Au Lion Rouge;1 Rue du Général de Gaulle 68870 Bartenheim France;https://www.logishotels.com/fr/hotel/-575?partid=1535;Traité
Logis Hôtel Au Moyne de Saire;15 Rue Général de Gaulle 50760 Réville France;https://www.logishotels.com/fr/hotel/-2857?partid=1535;Traité
Logis Hôtel Au Petit Vatel;30 La Clide 23200 Moutier-Rozeille France;http://www.logishotels.com/fr/hotel/-1266?partid=661;Traité
Logis Hôtel Au Soleil;20 Rue Sainte-Gertrude 68920 Wettolsheim France;https://www.logishotels.com/fr/hotel/-537?partid=1535;Traité
Logis Hôtel Au Tambour;62 Rue de Magneux 51100 Reims France;https://www.logishotels.com/fr/hotel/-471?partid=1535;Traité
Logis Hôtel Auberge de Chavannes;1890 Av. de Chalon 39570 Courlans France;https://www.logishotels.com/fr/hotel/-12387?partid=1535;Traité
Logis Hôtel Auberge de la Bonde;3 La Bondé D952 37130 Coteaux-sur-Loire France;https://www.logishotels.com/fr/hotel/-1192?partid=1535;Traité
Logis Hôtel Auberge de la Xaintrie;25 Rue de la Xaintrie 19220 Saint-Privat France;https://www.logishotels.com/fr/hotel/-156708?partid=1535;Traité
Logis Hôtel Auberge de l'Abbaye 1803;2 Pl. Aristide Briand 08460 Signy-l'Abbaye France;https://www.logishotels.com/fr/hotel/-251?partid=1535;Traité
Logis Hôtel Auberge de Launay;9 Rue de la Rivière 37530 Limeray France;http://www.aubergedelaunay.com/;Traité
Logis Hôtel Auberge de l'Ile;Le Bourg 46600 Creysse France;https://www.logishotels.com/fr/hotel/-1864?partid=1599&utm_source=google_business_profile&utm_medium=organic&utm_campaign=fiche_principale_uberall;Traité
Logis Hôtel Auberge de Tavel;77 Rte Romaine 30126 Tavel France;https://www.logishotels.com/fr/hotel/-11443?partid=1535;Traité
Logis Hôtel Auberge des Moissons;8 Route Nationale RD 3 51510 Matougues France;https://www.auberge-des-moissons.com/;Traité
Logis Hôtel Auberge du Colombier Rest. la Ferme Gourmande;La Bien Assise 62340 Guînes France;https://www.logishotels.com/fr/hotel/-2601?partid=1535;Traité
Logis Hôtel Auberge du Poids Public;1 Faubourg de le Fontasse 31540 Saint-Félix-Lauragais France;https://www.logishotels.com/fr/hotel/-339674?partid=1535;Traité
Logis Hôtel Auberge du Vigneron;2 Rue Achille Mir 11350 Cucugnan France;https://www.logishotels.com/fr/hotel/-2585?partid=1599&utm_source=google_business_profile&utm_medium=organic&utm_campaign=fiche_principale_uberall;Traité
Logis Hôtel Auberge Dupuytren;24 Av. de la République 87260 Pierre-Buffière France;https://www.logishotels.com/fr/hotel/-169472?partid=1599&utm_source=google_business_profile&utm_medium=organic&utm_campaign=fiche_principale_uberall;Traité
Logis Hôtel Auberge la Diège;A Saint-Julien D'Empare 2 Rte de la Diège 12700 Capdenac-Gare France;https://www.diege.com/;Traité
Logis Hôtel Auberge les Murets;6 Chem. des Martins 07230 Chandolas France;https://www.aubergelesmurets.com/;Traité
Logis Hôtel Aux Berges de l'Aveyron;268 Rte de Laissac 12850 Onet-le-Château France;https://www.auxbergesdelaveyron.fr/;Traité
Logis Hôtel Aux Maisons;11 Rue des AFN 10210 Maisons-lès-Chaource France;https://www.logis-aux-maisons.com/;Traité
Logis Hôtel Beau Site;18 Rue Georges Moulimard 70300 Luxeuil-les-Bains France;https://www.logishotels.com/fr/hotel/-184?partid=1535;Traité
Logis Hôtel Beau Site;Viaduc de Garabit 15320 Val d'Arcomie France;https://www.logishotels.com/fr/hotel/-237?partid=1535;Traité
Logis Hôtel Bellevue;2 Porte de Laon Ville Haute 02380 Coucy-le-Château-Auffrique France;https://www.logishotels.com/fr/hotel/-779?partid=1535;Traité
Logis Hôtel Blanc;90 Av. de Sindeldorf 74150 Marigny-Saint-Marcel France;https://www.logishotels.com/fr/hotel/-3368?partid=1535;Traité
Logis Hôtel Blue Garden;3 Rte de Bruyères 88600 Grandvillers France;https://www.hotelbluegarden.com/;Traité
Logis Hôtel Brunel le Rocher Blanc;Route du Gévaudan sortie 32 48200 La Garde France;https://www.logishotels.com/fr/hotel/-2253?partid=1535;Traité
Logis Hôtel Castel Mouisson;247 Chem. sous les Roches 13570 Barbentane France;https://www.logishotels.com/fr/hotel/-4261?partid=1599&utm_source=google_business_profile&utm_medium=organic&utm_campaign=fiche_principale_uberall;Traité
Logis Hôtel Center Brest;4 Bd Léon Blum 29200 Brest France;https://www.logishotels.com/fr/hotel/-12065?partid=1535;Traité
Logis Hôtel Charbonnel;57 Rue Gambetta 24310 Brantôme en Périgord France;https://www.hotelrestaurantcharbonnel.com/;Traité
Logis Hôtel Chartreuse;130 Chem. de la Chartreuse 46000 Cahors France;https://www.logishotels.com/fr/hotel/-1787?partid=1535;Traité
Logis Hôtel Château Bellevue;19 Rue Joseph Cappin 32150 Cazaubon France;https://www.logishotels.com/fr/hotel/-679?partid=1535;Traité
Logis hôtel Château de Palaja;7 rue Barri Del Castel-Palaja 11570 Carcassonne France;https://www.chateau-palaja.fr/;Traité
Logis Hôtel Chez Julien;67130 Fouday France;http://www.logishotels.com/fr/hotel/-1815?partid=661;Traité
Logis Hôtel Clos de Mutigny;17 Av. du Dr Justin Jolly 51240 La Chaussée-sur-Marne France;https://www.clos-de-mutigny.com/;Traité
Logis Hôtel d'Angleterre;9 Rue du Guichet 72120 Saint-Calais France;https://www.logishotels.com/fr/hotel/-5120?partid=1535;Traité
Logis Hôtel de France;8 Pl. Maxime Cupillard 25130 Villers-le-Lac France;https://www.logishotels.com/fr/hotel/-1424?partid=1535;Traité
Logis Hôtel de France;5 Cr Joseph Rambaud 09100 Pamiers France;https://www.logishotels.com/fr/hotel/-1727?partid=1535;Traité
Logis Hôtel de France;des Moulins La Vallée 35630 Hédé-Bazouges France;https://www.logishotels.com/fr/hotel/logis-hostellerie-du-vieux-moulin-814;Traité
Logis Hôtel de France;Pl. Saint-André 38260 La Côte-Saint-André France;https://www.logishotels.com/fr/hotel/-2462?partid=1535;Traité
Logis Hôtel de la Barque;10 Pl. de la Libération 72170 Beaumont-sur-Sarthe France;https://www.logishotels.com/fr/hotel/-863partid=1535;Traité
Logis Hôtel de la Gare;4 Pl. de la Gare 55300 Saint-Mihiel France;https://hoteldelagare55.fr/;Traité
Logis Hôtel de la Gare;1 Pl. de la Gare 79100 Thouars France;http://www.logishotels.com/fr/hotel/-149790?partid=661;Traité
Logis Hôtel de la Loire;101 Le Jarrier d'Ancenis 44150 Vair-sur-Loire France;https://www.logishotels.com/fr/hotel/-439?partid=1535;Traité
Logis Hôtel de la Marée - Ile de Ré;321 Rue Albert Sarraut 17940 Rivedoux-Plage France;https://www.logishotels.com/fr/hotel/-2618?partid=1535;Traité
Logis Hôtel de la Poste;32 Rue de la Petite Sainte 51300 Vitry-le-François France;https://www.logishotels.com/fr/hotel/-2587?partid=1535;Traité
Logis Hôtel de la Poste;17 Rue Carnot 21440 Saint-Seine-l'Abbaye France;http://www.logishotels.com/fr/hotel/-1196?partid=661;Traité
Logis Hôtel de la Tour;7 Pl. Marcel Champeix 19510 Masseret France;http://www.logishotels.com/fr/hotel/-597?partid=661;Traité
Logis Hôtel de la Tour Brette;8 Rue Couesnon 50170 Pontorson France;https://www.logishotels.com/fr/hotel/-2419?partid=1535;Traité
Logis Hôtel de l'Europe;39 Rue Carnot 86000 Poitiers France;http://www.hotel-europe-poitiers.com/;Traité
Logis Hôtel de Paris - Restaurant - Pâtisserie à Saint Avold;45 Rue du Général Hirschauer 57500 Saint-Avold France;https://hotel-st-avold.fr/;Traité
Logis Hôtel Delfotel;51 Guichard 71600 Hautefond France;https://www.logishotels.com/fr/hotel/-15443?partid=1535;Traité
Logis Hôtel Delpeyrat;24200 Carsac-Aillac France;https://hotel-delpeyrat.fr/;Traité
Logis Hôtel Demeure de la Vignole;3 Imp. Marguerite d'Anjou 49730 Turquant France;https://www.logishotels.com/fr/hotel/-7843?partid=1535;Traité
Logis Hôtel des Acacias Lille Neuville en Ferrain;39 Rue du Dronckaert 59960 Neuville-en-Ferrain France;https://www.logishotels.com/fr/hotel/-710?partid=1535;Traité
Logis Hôtel des Châteaux;2 Rte de Villandry 37190 Azay-le-Rideau France;https://www.logishotels.com/fr/hotel/-172278?partid=1535;Traité
Logis Hôtel des Colonnes;8 Av. des Marronniers 04800 Gréoux-les-Bains France;http://www.hoteldescolonnes.fr/;Traité
Logis Hôtel des Ducs;50 Av. Wilson 61000 Alençon France;http://www.hoteldesducsalencon.com/;Traité
Logis Hôtel Des Grands Vins;304 Rue de la Grappe Fleurie 69820 Fleurie France;https://www.hoteldesgrandsvins.com/;Traité
Logis Hôtel des Lacs d'Halco;route De Cazalis 40700 Hagetmau France;https://www.logishotels.com/fr/hotel/-3722?partid=1535;Traité
Logis Hôtel des Lacs près Pierre Percée;2 Pl. de la Gare 88110 Celles-sur-Plaine France;https://www.logishotels.com/fr/hotel/-998?partid=1535;Traité
Logis Hôtel des Portes de Meuse;Z.I. les Herbues 55190 Pagny-sur-Meuse France;https://www.logishotels.com/fr/hotel/-109282?partid=1535;Traité
Logis Hôtel des Sittelles;780 Route des Sittelles 72450 Montfort-le-Gesnois France;https://www.logishotels.com/fr/hotel/-104497?partid=1535;Traité
Logis Hôtel des Sources;3 Rue des Saules 10150 Creney-près-Troyes France;https://www.logishotels.com/fr/hotel/-15435?partid=1535;Traité
Logis Hôtel des Sources de la Nive;quartier Béhérobie 64220 Estérençuby France;https://www.logishotels.com/fr/hotel/-2458?partid=1535;Traité
Logis Hôtel des Vosges;38 Gr Grand Rue 68290 Sewen France;https://www.logishotels.com/fr/hotel/-1084?partid=1535;Traité
Logis Hôtel des Voyageurs;88 Av. de Rodez 12290 Pont-de-Salars France;https://www.logishotels.com/fr/hotel/-1053?partid=1535;Traité
Logis Hôtel Deshors-Foujanet;9 La Faurie Route de 19450 Chamboulive France;https://www.logishotels.com/fr/hotel/-189?partid=1535;Traité
Logis Hôtel Domaine de Beauregard;Château de Beauregard Av. de la Résistance 09200 Saint-Girons France;https://www.domainebeauregard.net/;Traité
Logis Hôtel Domaine de Fompeyre;Route de Mont de Marsan 33430 Bazas France;https://www.logishotels.com/fr/hotel/-8869?partid=1535;Traité
Logis Hôtel Domaine de MonteCristo;Ferme de Foolz 10110 Bourguignons France;https://www.logishotels.com/fr/hotel/-189951?partid=1535;Traité
Logis Hôtel Domaine de Rouffach;1 Rue Raymond Poincaré 68250 Rouffach France;http://www.domainederouffach.com/;Traité
Logis Hôtel Domaine du Cheval Blanc;38 Grande Rue 71390 Saint-Boil France;https://www.logishotels.com/fr/hotel/-1096?partid=1535;Traité
Logis Hôtel Domaine les Falaises;350 route des falaises 46600 Martel France;https://domainelesfalaises.com/;Traité
Logis Hôtel du Château de la Motte;16 Rue de la Motte 59740 Liessies France;https://www.logishotels.com/fr/hotel/-503?partid=1535;Traité
Logis Hôtel du Cygne;5 Rue René Masson 41250 Bracieux France;https://www.hotelducygne.com/;Traité
Logis Hôtel du Lac;Le Bourg 15150 Lacapelle-Viescamp France;https://www.logishotels.com/fr/hotel/-1585?partid=1535;Traité
Logis Hôtel du Lac;9 Rue du Général de Gaulle 29690 Huelgoat France;http://www.hoteldulac-huelgoat.com/;Traité
Logis Hôtel du Mée;905 Av. de la Libération 77350 Le Mée-sur-Seine France;;
Logis Hôtel du Morvan Rest. la Table de Jérôme;26 Rue de la République 58170 Luzy France;https://www.hotelrestaurantdumorvan58.fr/;Traité
Logis Hôtel du Parc;81 Rue du Bois le Prêtre 54700 Pont-à-Mousson France;https://www.logishotels.com/fr/hotel/-431355?partid=1535;Traité
Logis Hôtel du Parc;11 Rue du Général Louis Artous 12110 Cransac-les-Thermes France;https://www.logishotels.com/fr/hotel/-1307?partid=1535;Traité
Logis Hôtel du Pont;4 Le Pont de la Roche 25570 Grand'Combe-Châteleu France;http://www.logishotels.com/fr/hotel/-9958?partid=661;Traité
Logis Hôtel du Pont;4095 Ambialet Route d 81340 Saint-Cirgue France;https://www.logishotels.com/fr/hotel/-1641?partid=1535;Traité
Logis Hôtel du Sauvage;27 Rue de Paris 77320 La Ferté-Gaucher France;https://www.logishotels.com/fr/hotel/-555?partid=1535;Traité
Logis Hôtel Eben;24 Avenue Charles de Gaulles 19300 Égletons France;https://www.logishotels.com/fr/hotel/-457266?partid=1535;Traité
Logis Hôtel Golf du Domaine du Val de Sorne;Moulin Des Cuchots Rue du Moulin 39570 Vernantois France;https://www.logishotels.com/fr/hotel/-169687?partid=1535;Traité
Logis Hôtel Grand Hôtel Pelisson;3 Pl. Alfred Agard 24300 Nontron France;https://www.hotel-pelisson-nontron.com/;Traité
Logis Hôtel Herard;29 Grande Rue 52400 Bourbonne-les-Bains France;https://www.hotelbourbonne.com/;Traité
Logis Hôtel Hermitage;1 Chem. de Vilaine 36500 Buzançais France;https://www.logishotels.com/fr/hotel/-1300?partid=1535;Traité
Logis Hôtel Horizon 117;Av. Charles de Gaulle 09190 Lorp-Sentaraille France;https://www.logishotels.com/fr/hotel/-380?partid=1599&utm_source=google_business_profile&utm_medium=organic&utm_campaign=fiche_principale_uberall;Traité
Logis Hôtel Hostellerie des clos;18 Rue Jules Rathier 89800 Chablis France;http://www.hostellerie-des-clos.fr/;Traité
Logis Hôtel Keimberg;86 Rue Principale 67160 Cleebourg France;https://www.logishotels.com/fr/hotel/-344809?partid=1535;Traité
Logis Hôtel la Bastide d'Entraigues;175 Av. Général Charles de Gaulle 84320 Entraigues-sur-la-Sorgue France;https://www.bastide-entraigues.com/;Traité
Logis Hôtel la Bastide des Monges;1905 Route d'Orange 26110 Nyons France;https://www.logishotels.com/fr/hotel/-10149?partid=1535;Traité
Logis Hôtel la Brasserie;4 La Brasserie 19260 Treignac France;https://www.logishotels.com/fr/hotel/-14961?partid=1535;Traité
Logis Hôtel la Cascade;Le 05600 Ceillac France;https://www.hotel-la-cascade.com/;Traité
Logis Hôtel la Crèche;43230 La Chomette France;http://www.logishotels.com/fr/hotel/-14294?partid=661;Traité
Logis Hôtel la Cremaillère;616 Av. du Trace 40700 Hagetmau France;https://www.logishotels.com/fr/hotel/-1669?partid=661;Traité
Logis Hôtel la Cremaillère;25 Av. de la Combattante 14470 Courseulles-sur-Mer France;http://www.la-cremaillere.com/;Traité
Logis Hôtel la Croix Verte le Relais des Moulins;10-11 Pl. Henri Quatre 35470 Bain-de-Bretagne France;https://www.logishotels.com/fr/hotel/-13173?partid=1535;Traité
Logis Hôtel la Demeure du Perron;1 Rue Flandres Dunkerque 50630 Quettehou France;https://lademeureduperron.fr/;Traité
Logis Hôtel la Fenière;8 Rue Jean Pourchier 13720 La Bouilladisse France;https://www.logishotels.com/fr/hotel/-704?partid=1535;Traité
Logis Hôtel la Ferme de Flaran;Route de Condom 32310 Valence-sur-Baïse France;https://www.logishotels.com/fr/hotel/-196512?partid=1535;Traité
Logis Hôtel la Fleur de Lys;13 Pl. de l'Église 71460 Cormatin France;https://www.logishotels.com/fr/hotel/-444945?partid=1535;Traité
Logis Hôtel la Grange du Relais;26 RN 19 52330 Colombey les Deux Églises France;https://www.logishotels.com/fr/hotel/-93870?partid=1535;Traité
Logis Hôtel la Haie des Vignes;Lieu-dit la Haie des Vignes 54170 Allain France;https://www.hotel-haiedesvignes.com/;Traité
Logis Hôtel la Maison Carrée Rest. O'Carré d'Art;12 Rue du Bac 54850 Méréville France;https://www.hotel-maisoncarree-nancy-sud.fr/;Traité
Logis Hôtel la Maison des Blés;19 Rue du Périgord 91150 Boutervilliers France;https://www.logishotels.com/fr/hotel/-427569?partid=1535;Traité
Logis Hôtel la Maison du Lac;Les Clayeux 03220 Thionne France;http://www.hotel-maisondulac.com/;Traité
Logis Hôtel la Marjolaine;Le Bas Mont 53100 Moulay France;https://www.lamarjolaine.fr/;Traité
Logis Hôtel la Mire;11 Av. de Châteauroux 18120 Méreau France;https://www.logishotels.com/fr/hotel/-436868?partid=1535;Traité
Logis Hôtel la Pause RN 7 Montélimar Nord;15 N7 26740 La Coucourde France;https://www.logishotels.com/fr/hotel/-457082?partid=1535;Traité
Logis Hôtel la Promenade;15 Rue du Petit Verger 36130 Coings France;https://www.logishotels.com/fr/hotel/-249?partid=1535;Traité
Logis Hôtel La Renaissance;31 Av. du Père Evariste Huc 82160 Caylus France;https://hotel-larenaissance-caylus.fr/;Traité
Logis Hôtel la Résidence;25 Av. Victor Hugo 16100 Cognac France;https://www.logishotels.com/fr/hotel/-7448?partid=1535;Traité
Logis Hôtel la Ruche;2 Rte nationale 78270 Rolleboise France;https://www.logishotels.com/fr/hotel/-210140?partid=1535;Traité
Logis Hôtel la Sapinière;1 Rue de Sedan 08450 Remilly-Aillicourt France;https://www.logishotels.com/fr/hotel/-313?partid=1535;Traité
Logis Hôtel la Tourmaline;Rte de la Fortune 73210 Aime-la-Plagne France;http://www.logishotels.com/fr/hotel/-3858?partid=661;Traité
Logis Hôtel la Vieille Ferme;23 Rue de la Mer Mesnil Val 76910 Criel-sur-Mer France;https://www.vieille-ferme.net/;Traité
Logis Hôtel la Villa des Houx;6 Av. du Général de Gaulle 76390 Aumale France;https://www.logishotels.com/fr/hotel/-2963?partid=1535;Traité
Logis Hôtel la Vinaigrerie;52 Av. de Lorraine 52300 Joinville France;https://www.logishotels.com/fr/hotel/-346082?partid=1535;Traité
Logis Hôtel Lacotel;De France 3058 Av. du Touring Club 40150 Soorts-Hossegor France;https://www.lacotel.fr/;Traité
Logis Hôtel l'Arche de Noé;2 Pl. de la Bascule 31410 Noé France;https://www.logishotels.com/fr/hotel/-719?partid=1535;Traité
Logis Hôtel l'Auberge de Larressingle;Coulomet 32100 Larressingle France;https://www.logishotels.com/fr/hotel/-9768?partid=1535;Traité
Logis Hôtel L'Auberge du Château - Restaurant Les Cocottes en Folie;2882 Rte de la Vallee des Douzes 12330 Muret-le-Château France;http://www.aubergeduchateau.com/;Traité
Logis Hôtel l'Auzeraie;1 Av. Théophile Delcassé 09110 Ax-les-Thermes France;http://www.auzeraie.com/;Traité
Logis Hôtel le Barriol;3 Pl. du Marché 43260 Saint-Julien-Chapteuil France;https://www.lebarriol.fr/;Traité
Logis Hôtel le Beaulieu;4 Pl. du Champ de Mars 19120 Beaulieu-sur-Dordogne France;https://www.hotelbeaulieudordogne.com/;Traité
Logis Hôtel le Bellevue;1 Pl. du Carcan 38370 Les Roches-de-Condrieu France;http://www.logishotels.com/fr/hotel/-13355?partid=661;Traité
Logis Hôtel le Bellevue;13 Quai Hector Malot 76530 La Bouille France;https://www.logishotels.com/fr/hotel/-14303?partid=1535;Traité
Logis Hôtel le Boulevard;24 Bd Soult 81200 Mazamet France;https://www.logishotels.com/fr/hotel/-2927?partid=1535;Traité
Logis Hôtel le Bourguignon;10 Rue de la Prte de Bessey 21310 Bèze France;https://www.le-bourguignon.com/fr/index.html;Traité
Logis Hôtel le Bretagne;1 place De La Croix D'Or 72140 Sillé-le-Guillaume France;https://www.logishotels.com/fr/hotel/-981?partid=1535;Traité
Logis Hôtel le Calluna;Face au Port Pnte Saint-Gildas 44770 Préfailles France;https://www.logishotels.com/fr/hotel/-458?partid=1535;Traité
Logis Hôtel le Céans;1721 Route des Princes d'Orange 05700 Sainte-Colombe France;https://www.logishotels.com/fr/hotel/-1509?partid=1535;Traité
Logis Hôtel le Cèdre de Soyons;670 Rte de Nîmes 07130 Soyons France;https://www.logishotels.com/fr/hotel/-2705?partid=1599&utm_source=google_business_profile&utm_medium=organic&utm_campaign=fiche_principale_uberall;Traité
Logis Hôtel le Central;11 Rue Ramond 65120 Barèges France;https://www.central-tourmalet.com/;Traité
Logis Hôtel le Chatard;1 All. du Mas 69490 Sarcey France;https://www.logishotels.com/fr/hotel/-1387?partid=1535;Traité
Logis Hôtel le Château de la Boulaye;La Basse Cour Lieu dit 71320 La Boulaye France;http://reservation-hotel.logishotels.com/reservit/reserhotel.php?action=fiche_htl&partid=661&hotelid=176446;Traité
Logis Hôtel le Chêne Vert;10 Rouchas 07110 Rocher France;https://www.hotellechenevert.com/;Traité
Logis Hôtel le Chêne Vert;10 Pl. de L Hôtel de ville 44260 Savenay France;https://www.logishotels.com/fr/hotel/-986?partid=1535;Traité
Logis Hôtel le Cheval Blanc;18 Rte de Bourges 18340 Saint-Just France;;
Logis Hôtel le Cheval Blanc et Clovis;3 Rue de la Barre 86190 Vouillé France;https://www.logishotels.com/fr/hotel/-336?partid=1535;Traité
Logis Hôtel le Cheval Rouge;1 Rue Chanzy 51800 Sainte-Menehould France;https://www.logishotels.com/fr/hotel/-2143?partid=1535;Traité
Logis Hôtel le Christina;5 Rue de la Halle 18000 Bourges France;https://www.le-christina.com/;Traité
Logis Hôtel le Clos Deauville Saint-Gatien;4 Rue des Brioleurs 14130 Saint-Gatien-des-Bois France;https://www.clos-st-gatien.fr/;Traité
Logis Hôtel le Clos des Hortensias;8 Rte de Vannes 56390 Locqueltas France;https://www.logishotels.com/fr/hotel/-430351?partid=1535;Traité
Logis Hôtel le Clos Fleuri;134 Av. Mgr de Langle 11400 Castelnaudary France;http://www.leclosfleuri.fr/;Traité
Logis Hôtel le Cygne;2 Rue du Cingle 24260 Le Bugue France;https://www.logishotels.com/fr/hotel/-633?partid=1535;Traité
Logis Hôtel le Faisan Doré Rest. la Table de Catherine;3 Rte du Faisan Doré 61200 Écouché-les-Vallées France;https://www.logishotels.com/fr/hotel/-14399?partid=1535;Traité
Logis Hôtel le Ferraillon;411 Rte de la Ferrière 74360 Abondance France;https://www.logishotels.com/fr/hotel/-2241?partid=1535;Traité
Logis Hôtel le Fleurance;247 Rte de Lectoure 32500 Fleurance France;https://www.logishotels.com/fr/hotel/-909?partid=1535;Traité
Logis Hôtel le Fontarabie;57 Rue de la République 85200 Fontenay-le-Comte France;https://www.logishotels.com/fr/hotel/-671?partid=1535;Traité
Logis Hôtel le Griou;14 Avenue Adrien Ruelle 15800 Saint-Jacques-des-Blats France;https://www.logishotels.com/fr/hotel/-1441?partid=1599&utm_source=google_business_profile&utm_medium=organic&utm_campaign=fiche_principale_uberall;Traité
Logis Hôtel le Keréden;Kerhunou 22340 Locarn France;https://www.logishotels.com/fr/hotel/-465601?partid=1535;Traité
Logis Hôtel le Lac;7 Av. du Lac 05200 Embrun France;https://www.hotellelac.com/;Traité
Logis Hôtel le Lion d'Or;645 Av. des Résistants 24110 Manzac-sur-Vern France;https://www.logishotels.com/fr/hotel/-409?partid=1535;Traité
Logis Hôtel le Manoir d'Agnès;2 Rue Saint-Roch 09400 Tarascon-sur-Ariège France;https://www.logishotels.com/fr/hotel/-201463?partid=1535;Traité
Logis Hôtel le Manoir de Fourcy;48 Rue de la Gare 62112 Corbehem France;https://www.logishotels.com/fr/hotel/-143886?partid=1535;Traité
Logis Hôtel le Mas de la Prairie;16 Av. Sergent Triaire 30120 Le Vigan France;https://www.logishotels.com/fr/hotel/-3048?partid=1535;Traité
Logis Hôtel le Mas de Mon Père;Bechon chemin de 07580 Saint-Jean-le-Centenier France;https://www.logishotels.com/fr/hotel/-11892?partid=1535;Traité
Logis Hôtel le Morvan;6 Rue des Écoles 89630 Quarré-les-Tombes France;https://www.logishotels.com/fr/hotel/-3258?partid=1535;Traité
Logis Hôtel le Moulin d'Artres;10 Rue du Moulin 59269 Artres France;https://www.logishotels.com/fr/hotel/-176415?partid=1535;Traité
Logis Hôtel Le Moulin de la Beune;2 Rue du Moulin Bas 24620 Les Eyzies France;https://www.logishotels.com/fr/hotel/-475376?partid=1535;Traité
Logis Hôtel le Néron;8 Av. de la Louisiane 38120 Fontanil-Cornillon France;https://www.logishotels.com/fr/hotel/-427518?partid=1535;Traité
Logis Hôtel le Nuage;95 bis Rue de Briare 45230 La Bussière France;http://lenuage.com/;Traité
Logis Hôtel le Pavillon Bleu;351 Rue de la Reine Blanche 45160 Olivet France;http://www.logishotels.com/fr/hotel/-9817?partid=661;Traité
Logis Hôtel le Plantevin;75 Devant Propiac 26170 Propiac France;https://www.leplantevin.com/;Traité
Logis Hôtel le Provençal;47 Rue Jeanne d'Arc 55200 Euville France;https://www.logishotels.com/fr/hotel/-349111?partid=1535;Traité
Logis Hôtel le Régal;189 Rue d'Épinal 88100 Saint-Dié-des-Vosges France;https://hotel-le-regal.fr/?utm_source=gmb;Traité
Logis Hôtel le Relais;Pl. du Général de Miribel 26390 Hauterives France;https://www.logishotels.com/fr/hotel/-1646?partid=1535;Traité
Logis Hôtel le Relais de l'Abbaye;53 route de l'aigle 61550 Saint-Evroult-Notre-Dame-du-Bois France;https://www.logishotels.com/fr/hotel/-9199?partid=1535;Traité
Logis Hôtel le Relais de l'Argoat;9 Rue du Guic 22810 Belle-Isle-en-Terre France;http://www.logishotels.com/fr/hotel/-885?partid=661;Traité
Logis Hôtel le Relais de Pouilly;Quai de Loire 58150 Pouilly-sur-Loire France;https://www.logishotels.com/fr/hotel/-773?partid=1535;Traité
Logis Hôtel le Relais de Sassenage;10 Rue de Chamechaude 38360 Sassenage France;https://www.logishotels.com/fr/hotel/-217690?partid=1535;Traité
Logis Hôtel le Relais des Dix Crus;55 Rue de la Mairie 69220 Corcelles-en-Beaujolais France;https://www.logishotels.com/fr/hotel/-14244?partid=1535;Traité
Logis Hôtel le Relais des Remparts;5 Av. du Professeur René Rollier 15160 Allanche France;https://www.logishotels.com/fr/hotel/-14780?partid=1535;Traité
Logis Hôtel le Relais du Bas Limousin;2596 Route d'Uzerche D920 19270 Sadroc France;https://www.relaisbaslimousin.fr/;Traité
Logis Hôtel le Relais du Mont Blanc;19 Rte de Bellegarde 74300 Magland France;https://www.logishotels.com/fr/hotel/-11201?partid=1535;Traité
Logis Hôtel le Relais Marine;276 Rue Centrale 44420 Mesquer France;https://www.relaismarine.fr/;Traité
Logis Hôtel le Relais Nordique;50 Route de la Pesse 01130 Giron France;https://www.logishotels.com/fr/hotel/-148957?partid=1535;Traité
Logis Hôtel le Relais Vosgien;9 Grande Rue 88700 Saint-Pierremont France;https://www.logishotels.com/fr/hotel/-501?partid=1535;Traité
Logis Hôtel le Relays du Chasteau;12480 Brousse-le-Château France;https://www.logishotels.com/fr/hotel/-1656?partid=1535;Traité
Logis Hôtel Le Rochelois, meilleurs prix en direct, vue mer.;66 Bd Winston Churchill 17000 La Rochelle France;http://www.le-rochelois.fr/;Traité
Logis Hôtel le Sablier du Temps;13 Av. Joseph Vachal 19400 Argentat-sur-Dordogne France;https://www.logishotels.com/fr/hotel/-864?partid=1535;Traité
Logis Hôtel le Saint-Nicolas;2 Rue Général de Gaulle 10200 Bar-sur-Aube France;https://www.logishotels.com/fr/hotel/-9658?partid=1535;Traité
Logis Hôtel le Tadorne;3 Pl. de la Halle 10220 Piney France;https://www.logishotels.com/fr/hotel/-612?partid=1535;Traité
Logis Hôtel le Terminus des Pèlerins;85 Rue de la Couronnerie 46500 Rocamadour France;https://www.logishotels.com/fr/hotel/-1168?partid=1535;Traité
Logis Hôtel Le Top du Roulier;8 Av. du Languedoc 11700 Capendu France;https://www.le-top-capendu.fr/;Traité
Logis Hôtel le Trianon;14 Rue Général Leclerc 56410 Étel France;https://www.logishotels.com/fr/hotel/-453?partid=1535;Traité
Logis Hôtel le Tronçais;12 Av. Nicolas Rambourg 03360 Saint-Bonnet-Tronçais France;https://www.logishotels.com/fr/hotel/-1379?partid=1535;Traité
Logis Hôtel le Tulipier;Rue Saint-Jacques 51800 Vienne-le-Château France;https://www.logishotels.com/fr/hotel/-9900?partid=1535;Traité
Logis Hôtel le Vieux Fusil;1140 Rue de Contres 41230 Soings-en-Sologne France;https://www.logishotels.com/fr/hotel/-2812?partid=1599&utm_source=google_business_profile&utm_medium=organic&utm_campaign=fiche_principale_uberall;Traité
Logis Hôtel l'Epicurial;24 Av. de la Mairie 33350 Saint-Pey-de-Castets France;https://www.logishotels.com/fr/hotel/-253956?partid=1535;Traité
Logis Hôtel les 3 Rois;3 Rue Pierre Brossolette 36100 Issoudun France;https://www.les3rois.fr/;Traité
Logis Hôtel les Airelles;2 Pass. Michu 76270 Neufchâtel-en-Bray France;https://www.logishotels.com/fr/hotel/-460?partid=1535;Traité
Logis Hôtel les Ancolies Rest. la Table de Joséphine;166 Rte du Grand Mont 73270 Beaufort France;https://www.logishotels.com/fr/hotel/-104518?partid=1535;Traité
Logis Hôtel les Aubépines;15-17 Av. Georges Clemenceau 28120 Illiers-Combray France;https://www.logishotels.com/fr/hotel/-139225?partid=1599&utm_source=google_business_profile&utm_medium=organic&utm_campaign=fiche_principale_uberall;Traité
Logis Hôtel les Colonnes;14 Rue Jean Monnet 67201 Eckbolsheim France;https://www.logishotels.com/fr/hotel/-136?partid=1535;Traité
Logis Hôtel les Etangs de Guibert;Les Etangs De Guibert 72600 Neufchâtel-en-Saosnois France;https://www.logishotels.com/fr/hotel/-4211?partid=1535;Traité
Logis Hôtel les Flots Bleus;Place du Monturue 19120 Beaulieu-sur-Dordogne France;https://www.hotel-flotsbleus.com/;Traité
Logis Hôtel les II Mas;1 Rue Madeleine Brès 66330 Cabestany France;https://www.logishotels.com/fr/hotel/-9211?partid=1535;Traité
Logis Hôtel Les Maréchaux;6 Av. Foch 89000 Auxerre France;https://www.hotel-lesmarechaux.com/;Traité
Logis Hôtel les Marronniers d'Arc;16 Rue de Dijon 21560 Arc-sur-Tille France;http://www.logishotels.com/fr/hotel/-5099?partid=661;Traité
Logis Hôtel les Pages Rest. le Petit Comptoir;5 Quai des Petits Bosquets 54300 Lunéville France;https://www.logishotels.com/fr/hotel/-2956?partid=1535;Traité
Logis Hôtel les Sapins;60 Grande Rue 88160 Le Ménil France;https://www.logishotels.com/fr/hotel/-2898?partid=1535;Traité
Logis Hôtel les Tilleuls;45 Rte de Noirlac 18200 Bruère-Allichamps France;https://www.logishotels.com/fr/hotel/-433450?partid=1535;Traité
Logis Hôtel les Trois Fontaines;16 Rue d'Abbeville 62140 Marconne France;https://www.logishotels.com/fr/hotel/-3366?partid=1535;Traité
Logis Hôtel l'Escapade;2 Rue du Chêne 36200 Le Pêchereau France;https://www.logishotels.com/fr/hotel/-2034?partid=1599&utm_source=google_business_profile&utm_medium=organic&utm_campaign=fiche_principale_uberall;Traité
Logis Hôtel l'Europe;11 Pl. du Barry 48100 Marvejols France;https://www.logishotels.com/fr/hotel/-138312?partid=1535;Traité
Logis Hôtel l'Hostellerie des Ducs;20 Bd Jean Brisseau 47120 Duras France;https://www.logishotels.com/fr/hotel/-366?partid=1535;Traité
Logis Hôtel l'Hôtel d'Arc;13 Rte nationale 21560 Arc-sur-Tille France;https://www.logishotels.com/fr/hotel/-188147?partid=1535;Traité
Logis Hôtel l'Orée du Bois;"1 Lieu-dit ""l'Orée du Bois 88800 Vittel France";https://www.logishotels.com/fr/hotel/-1666?partid=1535;Traité
Logis Hôtel l'Oustal;9 Pl. de l'Église 19460 Naves France;https://www.logishotels.com/fr/hotel/-1262?partid=1535;Traité
Logis Hôtel Manoir de la Giraudière;15 Rue de la Giraudière 37420 Beaumont-en-Véron France;https://www.logishotels.com/fr/hotel/-160?partid=1599&utm_source=google_business_profile&utm_medium=organic&utm_campaign=fiche_principale_uberall;Traité
Logis Hôtel Nocfond Lodges;25 Impasse de Nocfond 41320 Langon-sur-Cher France;https://www.logishotels.com/fr/hotel/-428233?partid=1535;Traité
Logis Hôtel Noemys Brive - Restaurant Le Teinchurier;7 Av. Cyprien Faurie 19100 Brive-la-Gaillarde France;https://noemys.fr/hotels/hotel/noemys-brive/;Traité
Logis Hôtel No-Minoë;Rue Ster ZC Rdpt de Talvern 56500 Locminé France;https://www.logishotels.com/fr/hotel/-12437?partid=1535;Traité
Logis Hôtel Notre-Dame de Bonne Fontaine;1 Bonne Fontaine 57370 Danne-et-Quatre-Vents France;https://www.logishotels.com/fr/hotel/-233?partid=1599&utm_source=google_business_profile&utm_medium=organic&utm_campaign=fiche_principale_uberall;Traité
Logis Hôtel Ô en Couleur;9 Rue de Beaugency 41290 Oucques La Nouvelle France;https://www.logishotels.com/fr/hotel/-431?partid=1535;Traité
Logis Hôtel Oasis;9 La Grande Sourderie 53700 Villaines-la-Juhel France;https://www.logishotels.com/fr/hotel/-109926?partid=1535;Traité
Logis Hôtel Porte des Cévennes;2300 Rte de Saint-Jean du Gard 30140 Anduze France;http://www.porte-cevennes.com/;Traité
Logis Hôtel Régina;48 Av. d'Alsace Lorraine 63150 La Bourboule France;https://www.logishotels.com/fr/hotel/-201?partid=1535;Traité
Logis Hôtel Relais de la Mothe;1 Pl. du 11 Novembre 37290 Yzeures-sur-Creuse France;https://www.logishotels.com/fr/hotel/-1693?partid=1535;Traité
Logis Hôtel Relais des Garrigues;Rte de Fronton 82170 Grisolles France;https://www.logishotels.com/fr/hotel/-2868?partid=1535;Traité
Logis Hôtel Remotel Restaurant du Parc;75 Rue de la République 57240 Knutange France;https://www.remotel.fr/;Traité
Logis Hôtel Restaurant à l'Etoile;21 Rue de la Hey 67170 Wingersheim les Quatre Bans France;http://www.hotel-etoile.eu/;Traité
Logis Hôtel Restaurant Auberge du Cheval Blanc;11 Pl. de la Mairie 52410 Chamouilley France;https://www.logishotels.com/fr/hotel/-9899?partid=1535;Traité
Logis hôtel restaurant Auberge du cheval blanc;44 Rte de Saint-Pierre-Sur-Dives 14340 Mézidon Vallée d'Auge France;http://auberge-cheval-blanc-auge.fr/;Traité
Logis Hôtel Restaurant Aux 13 Arches;9 Pl. Castel 50580 Port-Bail-sur-Mer France;http://www.13arches.com/;Traité
Logis Hôtel Restaurant Burnichon;70 Av. Edouard Herriot 69170 Tarare France;https://www.logishotels.com/fr/hotel/-1818?partid=1599&utm_source=google_business_profile&utm_medium=organic&utm_campaign=fiche_principale_uberall;Traité
Logis Hôtel Restaurant Cartier;31 Bd Charles de Gaulle 11500 Quillan France;https://www.logishotels.com/fr/hotel/-1805?partid=1535;Traité
Logis Hôtel Restaurant Château Hôtel De La Rapée;Château de La Rapée 27140 Bazincourt-sur-Epte France;http://www.hotel-la-rapee.com/;Traité
Logis Hôtel restaurant de la Poste et la Grange Détente;L'Habitarelle Chem. du Pont Rodier Route du 48170 Châteauneuf-de-Randon France;http://www.hoteldelaposte48.com/;Traité
Logis Hôtel Restaurant du Midi – Centre-ville Revel & Marché;34 Bd Gambetta 31250 Revel France;https://www.hotelrestaurantdumidi.com/;Traité
Logis Hôtel Restaurant du Tribunal;4 Pl. du Palais 61400 Mortagne-au-Perche France;http://www.hotel-tribunal.fr/;Traité
Logis Hôtel Restaurant Europa;Le Poteau de Maussac 6 Avenue d'Aquitaine 19250 Maussac France;https://www.hoteleuropa1.fr/;Traité
Logis Hôtel Restaurant La Croix Verte;2 Rue d'Evron 53150 Neau France;https://www.logishotels.com/fr/hotel/logis-hotel-la-croix-verte-2715;Traité
Logis Hôtel Restaurant le Castel Fleuri;16 Pl. du Champs de Mars 26190 Saint-Jean-en-Royans France;https://www.hotel-lecastelfleuri.fr/;Traité
Logis Hôtel Restaurant le Parc;6 Rue du Parc 68590 Saint-Hippolyte France;https://www.le-parc.com/fr/;Traité
Logis Hôtel Restaurant Le Tosny;1 Rte des Anglais 27260 Épaignes France;https://www.logishotels.com/fr/hotel/-463813?partid=1535;Traité
Logis Hôtel Restaurant les Carillons;22 Av. Jean Jaurès 12110 Cransac-les-Thermes France;http://www.lescarillons.fr/;Traité
Logis hôtel restaurant les3rois;3 Rue Pierre Brossolette 36100 Issoudun France;http://www.les3rois.fr/;Traité
Logis Hôtel Restaurant l'Odyssée Champêtre;14 Rue de la Boule d'Or 72800 Le Lude France;https://www.logishotels.com/fr/hotel/-15297?partid=1535;Traité
Logis Hôtel Restaurant Méditerranée;358 Bd du Front de Mer 11210 Port-la-Nouvelle France;http://www.hotelmediterranee.com/;Traité
Logis Hôtel Restaurant Neuhauser;Les Quelles 67130 La Broque France;http://www.hotel-neuhauser.com/;Traité
Logis Hôtel Restaurant O'Fun Art;10 Rue de la Gare 79600 Airvault France;http://www.logishotels.com/fr/hotel/-157949?partid=661;Traité
Logis Hôtel Restaurant Vernat;2 allée des Lilas 19330 Favars France;http://www.logishotels.com/fr/hotel/-120781?partid=661;Traité
Logis Hôtel Rocaminori;15 Rue du Musée 49700 Louresse-Rochemenier France;https://www.logishotels.com/fr/hotel/-215146?partid=1535;Traité
Logis Hôtel Saint Cyr;15 Rue Fbg de Bretagne 41220 La Ferté-Saint-Cyr France;https://www.logishotels.com/fr/hotel/-14430?partid=1535;Traité
Logis Hôtel Saint Nicolas;17 Rue de la République 60240 Chaumont-en-Vexin France;https://www.logishotels.com/fr/hotel/-2892?partid=1535;Traité
Logis Hôtel Solenca;984 Av. de Daniate 32110 Nogaro France;https://www.logishotels.com/fr/hotel/-755?partid=1535;Traité
Logis Hôtel Sully le Château;4 Rue de Paris 45600 Saint-Père-sur-Loire France;https://www.logishotels.com/fr/hotel/-436458?partid=1535;Traité
Logis Hôtel Terre de Loire;10 Rte de Beaulieu 18240 Belleville-sur-Loire France;https://www.logishotels.com/fr/hotel/-191848?partid=1535;Traité
Logis Hôtel Thermal;150 Av. des Bains 40180 Saubusse France;https://www.logishotels.com/fr/hotel/logis-hotel-thermal-349?partid=661;Traité
Logis Hôtel Troglododo;Rte des Granges 37190 Azay-le-Rideau France;https://www.logishotels.com/fr/hotel/-253423?partid=1535;Traité
Logis Hôtel Ur Hegian;quartier 2131 Dantxarineko Bidea 64250 Ainhoa France;https://www.logishotels.com/fr/hotel/-3321?partid=1535;Traité
Logis Hôtel-Restaurant Breiz Armor;25 Rue du Port 29710 Pouldreuzic France;https://www.logishotels.com/fr/hotel/-141?partid=1535;Traité
Logis hôtel-Restaurant Des Bourbons et Brasserie Pub 47 Montluçon;47 Av. Marx Dormoy 03100 Montluçon France;http://www.hotel-des-bourbons.com/;Traité
Logis/Hôtel l'Amandois;7-9 Rue Henri Barbusse 18200 Saint-Amand-Montrond France;http://www.logishotels.com/fr/hotel/-11238?partid=661;Traité
Lor'N Hôtel;12 Av. André Maginot 55140 Vaucouleurs France;;
Lyric Hôtel Paris Opéra;2 Rue de Gramont 75002 Paris France;http://www.lyrichotelparis.com/;Traité
Madame Vacances - Hôtel Restaurant les Cimes;466 Rte du Col du Sabot 38114 Vaujany France;https://www.madamevacances.com/hotels/france/alpes-du-nord/vaujany/hotel-les-cimes/?utm_source=google&utm_medium=ggmb;Traité
Maison de Retraite Hôtel Dieu;4 Rue de L Hôtel Dieu 02210 Oulchy-le-Château France;https://www.papybnb.com/liste-ehpad/aisne;Traité
Maison Florence Ivakno Hôtel de charme et confidentiel;13 Chem. de la Croix 13111 Coudoux France;https://www.maisonflorenceivakno.com/;Traité
Maisons du Monde Hôtel & Suites - Nantes;2 bis Rue Santeuil 44000 Nantes France;https://nantes.maisonsdumondehotel.com/;Traité
Malicorn' Appart-Hôtel;2 Pl. de la République 72270 Malicorne-sur-Sarthe France;https://www.malicornapparthotel.fr/;Traité
Manoir Le Roure (Hôtel-Spa-Restaurant);4312 Rte de Saint-Paul 26780 Châteauneuf-du-Rhône France;http://www.manoirleroure.com/;Traité
Marina Baie des Anges Hôtel, Curio Collection by Hilton;1 Rue de la Jetée 06270 Villeneuve-Loubet France;https://www.marinabaiedesangeshotel.com/fr/;Traité
Massages et soins Esthétiques à domicile - Maisons d'hôtes & Domaines hôteliers;11 Rue des Climenes 83510 Lorgues France;http://www.lesmassagesdecaroline.fr/;Traité
Mauguio Center Hôtel;219 Gd Rue François Mitterrand 34130 Mauguio France;http://mauguiocenter.fr/;Traité
Mercure Bayonne Centre - Le Grand Hôtel;21 Rue Thiers 64100 Bayonne France;https://all.accor.com/lien_externe.svlt?goto=fiche_hotel&code_hotel=A0Y1&merchantid=seo-maps-FR-A0Y1&sourceid=aw-cen&utm_medium=seo%20maps&utm_source=google%20Maps&utm_campaign=seo%20maps;Traité
Mercure Lille Roubaix Grand Hôtel;22 Av. Jean Lebas 59100 Roubaix France;https://all.accor.com/lien_externe.svlt?goto=fiche_hotel&code_hotel=7951&merchantid=seo-maps-FR-7951&sourceid=aw-cen&utm_medium=seo%20maps&utm_source=google%20Maps&utm_campaign=seo%20maps;Traité
Mercure Moulins Centre - Hôtel de Paris;21 Rue de Paris 03000 Moulins France;https://all.accor.com/hotel/A9F1/index.fr.shtml;Traité
MGM Hôtels & Résidences - Le Roc des Tours;7030 Rte du Chinaillon 74450 Le Grand-Bornand France;https://www.mgm-hotels-residences.com/residence-le-roc-des-tours-le-grand-bornand-chinaillon;Traité
Mi hôtel casa di lucia;4 Piazza Suttana 20212 Mazzola France;https://www.hotelcasadilucia.com/;Traité
Mieux qu'à l'hôtel;26 Rue du Grand Maurian 33000 Bordeaux France;https://www.mieuxqualhotel.com/;Traité
Montempô Bordeaux Centre - Appart hôtel;161 Rue Lucien Faure 33300 Bordeaux France;https://www.montempo.fr/appart-hotels/bordeaux-centre/;Traité
Musée de l'Ancien Hôtel Dieu;2 Fbg du Puyrault 45230 Châtillon-Coligny France;http://www.chatillon-coligny.fr/musee.html;Traité
Nancy Thermal - Résidence hôtelière Villa Thermae;43 Rue Sergent Blandan 54000 Nancy France;http://villathermae-nancy.fr/;Traité
NAOMI HÔTEL;11 Rue des Serbes 06400 Cannes France;http://www.modernhotel.net/;Traité
N'Atura Hôtel;28 Av. du 4 Septembre 40800 Aire-sur-l'Adour France;http://www.naturahotel.fr/;Traité
Natur'Hôtel;Rte de Bordeaux 24700 Ménesplet France;http://hotel-montpon.fr/;Traité
Noemys Néris Les Bains - hôtel restaurant;40 Rue Boisrot Desserviers 03310 Néris-les-Bains France;https://noemys.fr/hotels/hotel/noemys-neris/;Traité
Noemys Valence Nord - hôtel restaurant;50 All. Ninon Vallin 26500 Bourg-lès-Valence France;https://noemys.fr/hotels/hotel/hotel-bourg-les-valence/;Traité
Nouvel Hôtel & Appartements;31 Rue René Nicod 01100 Oyonnax France;http://www.hotel-oyonnax.fr/;Traité
O’Tel Park - Hôtel Far West en Vendée;85560 Le Bernard France;https://www.otelpark.fr/;Traité
Oceania Hôtel d'Anjou Angers;1 Bd du Maréchal Foch 49100 Angers France;https://www.oceaniahotels.com/oceania-hotel-danjou;Traité
Padam hôtel 4*;9 Rue Jean Giraudoux 75116 Paris France;https://www.padam-hotel.com/;Traité
Palais Ségurane Boutique Hôtel;22 Rue Catherine Segurane 06300 Nice France;https://palaissegurane.com/;Traité
PALMYRA GOLF HÔTEL;4 avenue des Alizés Le Golf International du Cap d Agde 34300 LE CAP D AGDE France;http://www.palmyragolf.com/;Traité
Parc de l'hôtel de ville Chilly-Mazarin;13 Av. de Carlet 91380 Chilly-Mazarin France;https://www.ville-chilly-mazarin.fr/parcs-et-jardins-2/;Traité
Parc Hôtel Pompadour;1 Pl. du Vieux Lavoir 19230 Arnac-Pompadour France;http://www.parc-hotel-pompadour.com/;Traité
Parc-Hôtel - Hôtel & Restaurant;Rue du Vieux Château 62220 Carvin France;http://www.parc-hotel.com/;Traité
Park Hôtel Grenoble - Handwritten Collection;10 Pl. Paul Mistral 38000 Grenoble France;https://all.accor.com/lien_externe.svlt?goto=fiche_hotel&code_hotel=9350&merchantid=seo-maps-FR-9350&sourceid=aw-cen&utm_medium=seo%20maps&utm_source=google%20Maps&utm_campaign=seo%20maps;Traité
Petit Hôtel Confidentiel · Hôtel 5 étoiles;10 Rue de la Trésorerie 73000 Chambéry France;https://www.petithotelconfidentiel.com/?utm_source=My%20Business;Traité
PHYTOMER Cabine de soin Hôtel la Marine;11 Rue de Paris 50270 Barneville-Carteret France;https://www.hotelmarine.com/;Traité
PlanB Living Chamonix - Hôtel;196 Av. de Courmayeur 74400 Chamonix-Mont-Blanc France;https://www.planb-chamonix.com/;Traité
Platine Hôtel;20 Rue de l'Ingénieur Robert Keller 75015 Paris France;http://www.platinehotel.fr/;Traité
Pont du Chalon Hôtel;50 Rte des Dauphins 26260 Margès France;http://www.pontduchalon.com/;Traité
Port de Decize - Hôtel;La Jonction 58300 Decize France;http://www.port-decize.fr/;Traité
Prest'hôtel - EPINAL / Chavelot;22 Rue de la Plaine 88150 Chavelot France;https://www.presthotel.fr/;Traité
Privilège Appart-Hôtel Saint-Exupéry;10 Rue Lafon 31000 Toulouse France;https://www.privilegetoulouse.com/;Traité
Pyrénées Hôtel Font Romeu;7 Pl. des Pyrénées 66120 Font-Romeu-Odeillo-Via France;https://www.pyreneeshotel-fontromeu.com/;Traité
QUINZERIE - Hôtel et Bar de Quartier;40 Rue de la Convention 75015 Paris France;https://quinzeriehotel.fr/;Traité
Radisson Blu Hôtel Bordeaux;63 Rue Lucien Faure Dock G6 33300 Bordeaux France;https://www.radissonhotels.com/en-us/hotels/radisson-blu-bordeaux?cid=a:se+b:gmb+c:emea+i:local+e:rdb+d:ukirwe+h:FRBOD1;Traité
Relais de Frejeroques Hôtel Restaurant;922 Relais de Frejeroques D 12260 Foissac France;https://relaisfrejeroques.fr/;Traité
Relais Hôtelier Douce France;13 Rue Dr Pierre Girard 76980 Veules-les-Roses France;http://www.doucefrance.fr/;Traité
RELAIS THALASSO Hendaye I Hôtel Serge Blanco;125 Bd de la Mer 64700 Hendaye France;https://hendaye.relaisthalasso.com/;Traité
Relax Hôtel;239 Rue du Clou 01430 Maillat France;http://www.hotel-lerelax.com/;Traité
Relax Hôtel;113 Av. du Général Leclerc 15000 Aurillac France;https://www.hotellerelax.fr/;Traité
Relax Hôtel Beuzeville Honfleur;345 Rue du 8ème Bataillon Parachutiste Britannique 27210 Beuzeville France;https://relaxhotel-beuzeville-honfleur.com/fr/;Traité
Résidence & Hôtel Odalys L'Eclose;Rue du 93è R.A.M 38750 Huez France;https://www.odalys-vacances.com/location-montagne/isere/l-alpe-d-huez/?ept-publisher=uska&ept-name=alpe-huez-eclose;Traité
Résidence Amaya - MGM Hôtels & Résidences;730 Rte de la Forêt 73270 Villard-sur-Doron France;https://www.mgm-hotels-residences.com/residence-amaya-les-saisies;Traité
Résidence Anitéa - MGM Hôtels & Résidences;Lieu-dit l'Epervière 73260 Les Avanchers-Valmorel France;https://www.mgm-hotels-residences.com/residence-residence-anitea-valmorel;Traité
Résidence AURMAT Boutique Hôtel Paris Boulogne;106 Rue de Paris 92100 Boulogne-Billancourt France;http://www.residenceaurmat.com/;Traité
Résidence Carouge Appart Hôtel - Appartements;34 Rue de l'Orge 91220 Brétigny-sur-Orge France;http://www.residencecarouge.fr/;Traité
Résidence Chalets de Joy - MGM Hôtels & Résidences;305 Rte du Nant Robert 74450 Le Grand-Bornand France;https://www.mgm-hotels-residences.com/fr/residence/chalets-de-joy;Traité
Résidence Chalets Éléna - MGM Hôtels & Résidences;152 Rue de l'Essert 74310 Les Houches France;https://www.mgm-hotels-residences.com/residence-les-chalets-elena-les-houches;Traité
Résidence Château du Mée · Appart Hôtel Mée;571 Av. Jean Monnet 77350 Le Mée-sur-Seine France;https://www.rcdm.fr/fr/?utm_source=mybusiness&utm_medium=organic&utm_id=mybusinessorganic;Traité
Résidence des Sables - Appart'hôtel;9 Rue Prosper Mérimée 42300 Mably France;https://www.residencedessables.com/;Traité
Résidence Hameau de l'Ours - MGM Hôtels & Résidences;Rte du Col de la Croix Fry 74230 Manigod France;https://www.mgm-hotels-residences.com/residence-hameau-de-l-ours-manigod-col-de-la-croix-fry;Traité
Résidence Hôtelière du Magnoac;2 Chem. de Petiton 65230 Castelnau-Magnoac France;https://www.residencehotelieredumagnoac.fr/;Traité
Résidence hôtelière H85;85 Chem. des Gameux 38160 Chatte France;https://h85.fr/;Traité
Résidence Hôtelière La Baule, La Maison au-dessus des Voiles;42 Av. Henri Bertho 44500 La Baule-Escoublac France;https://www.lamaisonaudessusdesvoiles.fr/;Traité
Résidence hôtelière les Loges du Parc;10 Pl. de la République 86270 La Roche-Posay France;https://www.logishotels.com/fr/hotel/-120045?partid=1535;Traité
Résidence Hôtelière Ondes;1 rue des Ondes Courtes 31470 Saint-Lys France;http://www.residencedesondes.com/;Traité
Résidence Punta Paliagi : Hôtel Appartements avec piscine, Pied dans l'eau, Proche mer, Sagone et Ajaccio en Corse-du-Sud;20111 Calcatoggio France;https://www.residence-punta-paliagi.fr/fr;Traité
"Résidence Seniors Stella ""Les Berges de Seine"" / Zenao Appart'hôtel - Troyes";1 Cr Jacquin 10000 Troyes France;https://residences-stella.com/residences-services-senior/grand-est/aube-10/residence-senior-stella-a-troyes/?utm_source=GMB;Traité
Résidences & hôtels L'Éclat des Vériaz - Terrésens;3190 Rte nationale 74120 Megève France;https://www.terresens-hr.com/residences/megeve-l-eclat-des-veriaz;Traité
Restaurant de l'hôtel;Qur de Plaisance 16390 Aubeterre-sur-Dronne France;https://www.hotelduperigord.fr/restaurant-de-lhotel-du-perigord-ouvert-a-tous/;Traité
Restaurant de l'hôtel de La Tabletterie;51 bis Rue Roger Salengro 60110 Méru France;https://tabletterie.fr/;Traité
Restaurant des Voyageurs & Hôtel;9 Av. de la Rochelambert 43350 Saint-Paulien France;https://www.hotelvoyageur.com/;Traité
Restaurant Hôtel 4 étoiles Didier Méril;1 Pl. du Général de Gaulle 35800 Dinard France;http://restaurant-didier-meril.com/;Traité
Restaurant Hôtel Eugénie;59 Rue Couesnon 50170 Pontorson France;https://www.eugenie-pontorson.com/;Traité
Restaurant Hôtel L'Observatoire . bistro resto dodo.;au pied de l'église 24 Pl. de la Fontaine 04870 Saint-Michel-l'Observatoire France;https://www.instagram.com/lobservatoiresaintmichel?igsh=MTRjb2hraHl2NWR5&utm_source=qr;Traité
Rev'Hôtel Lamalou-les-Bains;2 Av. Ménard 34240 Lamalou-les-Bains France;https://www.revhotel-lamalou.fr/;Traité
RHVS Study Hôtel;19 Rue Louis Beydts 33310 Lormont France;http://www.studyhotel.fr/;Traité
Roc Hôtel;5 Bd des Dryades 83980 Le Lavandou France;https://www.roc-hotel.com/;Traité
Royal Ours Blanc Hôtel - Alpe d'Huez;65 Av. des Jeux 38750 Huez France;http://www.hotelroyaloursblanc.com/;Traité
Sangha Toulouse Hôtel Bar & Rooftop;8 Place de la Charte des Libertés Communales 31300 Toulouse France;https://sanghahotels.com/;Traité
Saphir Hôtel;114 Rue des Berchères 77340 Pontault-Combault France;;
SAS Hôtel Du Lac;7 Prom. du Lac 31360 Boussens France;http://www.hotelrestaurantdulac.com/;Traité
Savy Hôtel Flottant;2 Rue des Frères Boulhaut 55100 Verdun France;https://www.savy-hotel-verdun.fr/;Traité
Serra Boutique Hôtel;2-4 Av. du Général de Gaulle 47000 Agen France;https://serra-hotel-agen.fr/;Traité
Shana Hôtel et Résidence, The Originals Relais;796 Rte de L'écluse 73310 Chanaz France;http://www.shanahotel.fr/;Traité
SHELDER Hôtel - Equeurdreville - CHERBOURG EN COTENTIN;Basse-Normandie 200 Rue de la Paix 50120 Cherbourg-en-Cotentin France;https://www.shelder-hotel.fr/;Traité
Sheraton Aéroport de Paris Hôtel & Centre de Conférence;Terminal 2C 95716 Tremblay-en-France France;https://www.marriott.com/en-us/hotels/parsi-sheraton-paris-charles-de-gaulle-airport-hotel/overview/?scid=f2ae0541-1279-4f24-b197-a979c79310b0;Traité
SOWELL HÔTELS Les Chevaliers;3 Rue des Calquières 11000 Carcassonne France;https://www.sowell.fr/hotel/les-chevaliers/;Traité
S?z? Hôtel Nantes Centre Gare, Chapelle du XIXe siècle;16 Rue Frédéric Cailliaud 44000 Nantes France;http://www.sozohotel.fr/;Traité
Splendid Hôtel;83 Av. Maréchal Foch 83150 Bandol France;https://www.splendidbandol.com/;Traité
Sure Hôtel by Best Western;All. du Forum 36330 Le Poinçonnet France;https://www.surehotelchateauroux.com/;Traité
Sweet Home Hôtel;Bd du Mail 01300 Belley France;http://www.sweethomebelley.fr/;Traité
Teritoria - Hôtel du Château de la Tour;2 Av. de la Libération 33410 Béguey France;https://www.hotel-restaurant-chateaudelatour.com/fr/?utm_source=googlemybusiness&utm_medium=fichegooglemybusiness&utm_campaign=fichegooglemybusiness;Traité
Teritoria Hôtel Le Grand Monarque;3 Pl. de la République 37190 Azay-le-Rideau France;https://legrandmonarque.com/;Traité
Teritoria Hôtel Restaurant l'Yeuse;65 Rue de Bellevue 16100 Cognac France;https://www.logishotels.com/fr/hotel/-9183?partid=1535;Traité
The Originals Access, Hôtel Bourges Gare - Proche centre-ville - Gare;2 Pl. du Général Leclerc 18000 Bourges France;https://www.theoriginals-bourges.fr/hotel/the-originals-access;Traité
The Originals Access, Hôtel Figeac;3 All. Victor Hugo 46100 Figeac France;;
The Originals Access, Hôtel Innostar;469 Rue de la Découverte 31670 Labège France;https://www.hotel-innostar.fr/;Traité
The Originals Access, Hôtel Saint-Flour;Dernière sortie après McDonald's 15100 Saint-Flour France;https://www.theoriginalshotels.com/hotels/saint-flour;Traité
The Originals Boutique - Hôtel des Poèmes de Chartres;3-5 28000 Chartres France;http://www.hotel-poemes-chartres.com/?utm_campaign=uberall&utm_medium=organic&utm_source=googlelisting;Traité
The Originals Boutique, Actuel Hôtel, Saint-Etienne Aéroport;3 Rue Edouard Garet 42160 Andrézieux-Bouthéon France;http://www.actuel-hotel.com/?utm_campaign=uberall&utm_medium=organic&utm_source=googlelisting;Traité
The Originals Boutique, Grand Hôtel Saint-Pierre Aurillac;16 Cr Monthyon 15000 Aurillac France;https://www.hotelsaintpierreaurillac.com/;Traité
The Originals Boutique, Hôtel Clos Sainte Marie, Nevers;27 Rue du Petit Mouësse 58000 Nevers France;https://www.clos-sainte-marie.fr/;Traité
The Originals Boutique, Hôtel de la Paix, Brest;32 Rue Algésiras 29200 Brest France;https://www.hoteldelapaix-brest.com/;Traité
The Originals Boutique, Hôtel de l'Univers, Montluçon;38 Av. Marx Dormoy 03100 Montluçon France;https://www.theoriginalshotels-montlucon.com/?utm_campaign=uberall&utm_medium=organic&utm_source=googlelisting;Traité
The Originals Boutique, Hôtel du Pont Roupt, Mende;2 Av. du 11 Novembre 48000 Mende France;http://www.hotel-pont-roupt.fr/?utm_campaign=uberall&utm_medium=organic&utm_source=googlelisting;Traité
The Originals Boutique, Hôtel La Colonne de Bronze, Saint-Valéry-sur-Somme;43 Quai du Romerel 80230 Saint-Valery-sur-Somme France;http://www.hotel-baie-de-somme.fr/fr/?utm_campaign=uberall&utm_source=googlelisting&utm_medium=organic;Traité
The Originals Boutique, Hôtel La Marébaudière, Vannes Vannes;4 Rue Aristide Briand 56000 Vannes France;http://www.marebaudiere.com/;Traité
The Originals Boutique, Hôtel Le Cap, Gap Sud;6 Rue Charles Nungesser 05130 Tallard France;http://www.lecapresort.com/?utm_campaign=uberall&utm_source=googlelisting&utm_medium=organic;Traité
The Originals Boutique, Hôtel Le Kastelberg, Andlau;10 Rue Gén Koenig 67140 Andlau France;https://www.theoriginalshotels.com/hotels/hotel-le-kastelberg-obernai?utm_campaign=uberall&utm_source=googlelisting&utm_medium=organic;Traité
The Originals Boutique, Hôtel Le Lion d'Or, Fougères Ouest;6-8 Rue Châteaubriand 35460 Maen Roch France;http://www.hotel-leliondor.fr/;Traité
The Originals Boutique, Hôtel Le Pillebois, Bourg-en-Bresse Nord;500 rue malafertoise 01340 Malafretaz France;http://www.hotellepillebois.com/;Traité
The Originals Boutique, Hôtel Les Nations, Vichy;13 Bd de Russie 03200 Vichy France;http://www.hotel-lesnations.com/;Traité
The Originals Boutique, Hôtel Les Quatre Salines, Le Mont Saint-Michel Sud;3 Les Quatre Salines 35610 Roz-sur-Couesnon France;http://www.hotel-les-4-salines.com/?utm_campaign=uberall&utm_medium=organic&utm_source=googlelisting;Traité
The Originals Boutique, Hôtel Maison Montmartre, Paris;32 Av. de la Prte de Montmartre 75018 Paris France;https://www.hotelmaisonmontmartre.com/?utm_campaign=uberall&utm_medium=organic&utm_source=googlelisting;Traité
The Originals Boutique, Hôtel Normandie, Auxerre;41 Bd Vauban 89000 Auxerre France;http://www.hotelnormandie.fr/?utm_campaign=uberall&utm_medium=organic&utm_source=googlelisting;Traité
The Originals Boutique, Hôtel Saint James, Nantes Sud;93 Rue du Fléchet 85600 Montaigu-Vendée France;http://www.saintjames-hotel.fr/?utm_campaign=uberall&utm_medium=organic&utm_source=googlelisting;Traité
The Originals Boutique, Parc Hôtel, Orléans Sud;55 Rte d'Orléans 45380 La Chapelle-Saint-Mesmin France;http://www.orleansparchotel.com/fr/?utm_campaign=uberall&utm_source=googlelisting&utm_medium=organic;Traité
The Originals City Hôtel Alteora Futuroscope;Av. du Futuroscope 86360 Chasseneuil-du-Poitou France;https://hotel-alteora-site-du-futuroscope.com/;Traité
The Originals City Hôtel du Faucigny;Zae Les Bords D'arve 170 Rue César Vuarchex 74950 Scionzier France;http://www.hotel-faucigny.com/?utm_source=gmb;Traité
The Originals City, Hôtel Acadine Le Neubourg;11-13 Rte de Conches 27110 Le Neubourg France;http://www.hotel-acadine-le-neubourg.com/?utm_campaign=uberall&utm_medium=organic&utm_source=googlelisting;Traité
The Originals City, Hôtel Acadine, Pont-Audemer;12 Rue du Président Georges Pompidou 27500 Pont-Audemer France;https://www.acadine-pont-audemer.com/?utm_campaign=uberall&utm_medium=organic&utm_source=googlelisting;Traité
The Originals City, Hôtel Albizia, Sarlat-la-Canéda;Prentegarde Nord 24200 Sarlat-la-Canéda France;http://www.albiziahotel.com/;Traité
The Originals City, Hôtel Amys, Tarbes Sud;86 Av. de Lourdes 65310 Odos France;https://www.theoriginalshotels.com/hotels/tarbes-sud-amys?utm_campaign=uberall&utm_source=googlelisting&utm_medium=organic;Traité
The Originals City, Hôtel Anaïade, Saint-Nazaire Pornichet;45 Rte de Fondeline 44600 Saint-Nazaire France;https://www.hotel-anaiade.com/;Traité
The Originals City, Hôtel Castel Burgond, Dijon Ouest;3 Rte de Troyes 21121 Daix France;https://www.theoriginalshotels.com/hotels/dijon-ouest-castel-burgond;Traité
The Originals City, Hôtel de la Confluence, Agen Ouest;1 Av. de la Confluence 47160 Damazan France;https://hotel-damazan-agen.com/?utm_campaign=uberall&utm_source=googlelisting&utm_medium=organic;Traité
The Originals City, Hôtel de l'Europe, Saint-Nazaire;2 Pl. des Martyrs 44600 Saint-Nazaire France;https://www.theoriginalshotels.com/hotels/hotel-de-l-europe;Traité
The Originals City, Hôtel du Château, Pontivy;41 Rue du Général de Gaulle 56300 Pontivy France;https://www.theoriginalshotels.com/hotels/du-chateau-pontivy?utm_campaign=uberall&utm_source=googlelisting&utm_medium=organic;Traité
The Originals City, Hôtel du Parc, Avignon Est;Qu 1061 Route Carpentras Av. de Blagier 84320 Entraigues-sur-la-Sorgue France;http://www.parc-hotel-avignon.com/;Traité
The Originals City, Hôtel Hélios, Roanne Nord;55 Rte de Paris 42300 Mably France;https://www.hotel-helios-roanne.fr/;Traité
The Originals City, Hôtel La Saulaie, Saumur Ouest;104 Rue des Fougerons 49700 Doué-en-Anjou France;http://www.hoteldelasaulaie.com/?utm_campaign=uberall&utm_medium=organic&utm_source=googlelisting;Traité
The Originals City, Hôtel La Siesta, Annonay Est;Les Annonay FR 1545 Rue de la République 07430 Davézieux France;http://www.hotel-la-siesta.eu/?utm_campaign=uberall&utm_medium=organic&utm_source=googlelisting;Traité
The Originals City, Hôtel La Verrière (Yvelines);6 Rue Louis Lormand 78320 La Verrière France;https://www.theoriginalshotels.com/hotels/la-verriere;Traité
The Originals City, Hôtel Le Boeuf Rouge, Saint-Junien;57 Bd Victor Hugo 87200 Saint-Junien France;https://www.leboeufrouge.com/?utm_campaign=uberall&utm_medium=organic&utm_source=googlelisting;Traité
The Originals City, Hôtel Le Louisiane, Belfort Sud;ZAC Des Rue des Prés 90400 Andelnans France;https://www.hotel-lelouisiane.fr/;Traité
The Originals City, Hôtel Le Sextant, Toulouse Sud;443 Rue de la Découverte 31670 Labège France;http://www.hotelsextant.com/?utm_campaign=uberall&utm_source=googlelisting&utm_medium=organic;Traité
The Originals City, Hôtel Les Dômes, Perpignan Sud;6 Rue Capcir 66280 Saleilles France;https://www.hotellesdomes.fr/;Traité
The Originals City, Hôtel Limoges Sud Feytiat;6 Av. du Ponteix 87220 Feytiat France;https://www.theoriginalshotels.com/hotels/limoges-sud-feytiat;Traité
The Originals City, Hôtel Notre Dame, Rouen;4 Rue de la Savonnerie 76000 Rouen France;https://www.theoriginalshotels.com/hotels/rouen-notre-dame?utm_campaign=uberall&utm_medium=organic&utm_source=googlelisting;Traité
The Originals City, Hôtel Orléans Nord;249 Route Nationale 20 45770 Saran France;https://hotel-orleanais.com/;Traité
The Originals City, Hôtel Villancourt, Grenoble Sud;98 Cr Saint-André 38800 Le Pont-de-Claix France;http://www.villancourt.fr/;Traité
The Originals City, Le Patio hôtel, Cholet Nord;16 Rue Robert Schuman 49600 Beaupréau-en-Mauges France;https://www.theoriginalshotels.com/hotels/cholet-nord-le-logis-d-elbee#ficheResa;Traité
The Originals Residence, Appart’Hôtel Hévéa, Valence;83 Av. Colonel Arnaud Beltrame 26000 Valence France;https://www.hevea-apparthotel.com/;Traité
TOO Hôtel Paris;65 Rue Bruneseau 75013 Paris France;http://www.toohotel.com/?utm_source=google&utm_medium=organic&utm_campaign=gbp;Traité
TUI Club Marmara Hôtel Le Grand Bleu;Plage de la Liscia 20111 Calcatoggio France;https://www.tui.fr/club-marmara-grand-bleu-4_FCOAGBL/;Traité
Ultimate Provence | Hôtel-Vignoble et Restaurant;7270 Route du Luc 83680 La Garde-Freinet France;https://www.ultimateprovence.com/;Traité
Urban Style Hôtel Blason du Ventoux;65 Bd Albin Durand 84200 Carpentras France;https://www.logishotels.com/fr/hotel/-11353?partid=1535;Traité
Urban Style Hôtel Lapérouse;19-21 Pl. Lapèrouse 81000 Albi France;http://www.hotel-laperouse.com/;Traité
Urban Style Hôtel Le d'Avaugour;1 Pl. du Champ Clos 22100 Dinan France;https://www.logishotels.com/fr/hotel/-4003?partid=1535;Traité
Urban Style Hôtel les Fleurines;17 Bd Haute Guyenne 12200 Villefranche-de-Rouergue France;https://www.logishotels.com/fr/hotel/-156045?partid=1599&utm_source=google_business_profile&utm_medium=organic&utm_campaign=fiche_principale_uberall;Traité
"ValVital - Hôtel ""Les Sources"" Vernet-les-Bains";All. du Parc 66820 Vernet-les-Bains France;https://www.valvital.fr/Hebergements/Vernet-les-Bains-Station-thermale-de-Vernet-les-Bains/Hotel-Les-Sources/%28date1%29//%28date2%29//%28nb%29/2/%28type%29;Traité
ValVital - Résidence hôtelière Villa Thermae Santenay;5 Av. des Sources 21590 Santenay France;https://villathermae.fr/;Traité
ValVital - Résidence hôtelière Villa Thermae Thonon-les-Bains;1 Av. du Parc 74200 Thonon-les-Bains France;https://villathermae.fr/villa-thermae-de-thonons-les-bains/;Traité
Victoria Palace Hôtel;6 Rue Blaise Desgoffe 75006 Paris France;http://www.victoriapalace.com/;Traité
Villa Saint-Ange, Hôtel de Luxe à Aix-en-Provence;7 Traverse St Pierre 13100 Aix-en-Provence France;https://villasaintange.com/fr/;Traité
Villa Troletti Hôtel Particulier de Luxe;23 Rue Denfert Rochereau 84800 L'Isle-sur-la-Sorgue France;https://www.villatroletti.com/;Traité
Village Naturiste Cap d'Agde Hôtel Libertin Location Studio Club Riad 5;RIAD CAP d AGDE 34300 Cap d Agde France;http://www.riadcapdagde.com/;Traité
Week-End Hôtel Les Pieds dans l'Eau;139 Rue du Colonel Bachetta 73420 Viviers-du-Lac France;http://weekendhotel-lespiedsdansleau.com/;Traité
YONA ex Le Parc Hôtel;33 Rue Mont-Saint-Jean 67210 Obernai France;https://www.yonahotel.com/?utm_source=google&utm_medium=organic&utm_campaign=fiche;Traité
Zenitude Hôtel-Résidences - Roissy Village;4 Av. de Montmorency 95700 Roissy-en-France France;https://www.zenitude-hotel-residences.com/residences/roissy-village;Traité
Zenitude Hôtel-Résidences - Versailles;50 Rte de Port Royal des Champs 78114 Magny-les-Hameaux France;https://www.zenitude-hotel-residences.com/residences/magny-les-hameaux-versailles/;Traité
Zenitude Hôtel-Résidences Lourdes L'Acacia (Comfort);1A Chem. Lannedarre 65100 Lourdes France;https://www.zenitude-hotel-residences.com/residences/lourdes-lacacia/;Traité
Zenitude Hôtel-Résidences Saint-Nazaire Les Portes de l'Océan (Comfort);47 Bd de la Libération 44600 Saint-Nazaire France;https://www.zenitude-hotel-residences.com/residences/saint-nazaire-les-portes-de-locean/;Traité
Gites du beaumont en Provence le BEAUCET;174 Chem. du Beaumont 84210 Le Beaucet France;https://gite-du-beaumont.com/;Traité
Camping & Gites La Forêt De Tessé;1 Rue des Berches 16240 La Forêt-de-Tessé France;http://www.campinglft.com/;Traité
Casa Ammirati Flayosc– Maison d’hôtes et Gites en Provence avec piscine et jacuzzi;rdc 86 Imp. Rimalte S 83780 Flayosc France;https://www.casa-ammirati.fr/;Traité
CHAMBRE D'HOTES MAISON DHOTES #CHEZLUCIEN gites-lacledeschamps;5 La Balue 35640 Martigné-Ferchaud France;http://www.gites-lacledeschamps.fr/;Traité
"Chambres d'hôtes et Gites ""Jardin d'Arcy""";a gauche de l eglise 23 Av. Principale 17240 Bois France;http://www.jardin-darcy.com/;Traité
Chambres d'hôtes et Gites au château d'Hodebert;Chateau d'Hodebert 37370 Saint-Paterne-Racan France;http://www.chateau-hodebert.com/;Traité
Domaine Benester : Location gites et chambres d'hôtes avec piscines et bains nordiques en Périgord noir, Dordogne;38 Chem. du Fraysse 24170 Siorac-en-Périgord France;https://www.domaine-benester.fr/;Traité
Domaine de La Jarrige - Chambre d'hôtes et Gites - Creuse;5 Lot. Artisanal de la Jarrige 23320 Saint-Vaury France;https://www.domainedelajarrige.fr/;Traité
Domaine du Cardou: 3 gites ou gite de groupe avec piscine, espace fitness entre Cahors et Rocamadour dans le Lot;DOMAINE DU CARDOU 281 Impassse de la Grèze 46700 Puy-l'Évêque France;http://www.gitesdomaineducardou-lot.com/;Traité
Domaine du Valier - Location Gites et Chalets avec Jaccuzi;Taoux 09320 Soulan France;http://domaineduvalier.fr/;Traité
Domaine Fournié - Gites et chambres d'hôtes de charme;Lieu-dit Fournié Route de Saurat 09400 Tarascon-sur-Ariège France;http://www.domaine-fournie.com/;Traité
Ferme de Vazerat - Chambres d'hôtes - Gites;3 ferme de Vazerat 15500 Massiac France;http://www.lafermedevazerat.com/;Traité
Gites au lac de Vassivière;5 Rue des Fougères 87120 Beaumont-du-Lac France;http://www.gite-location-vassiviere.com/;Traité
GITES BELLE FONTAINE: Gîte au calme, idéal curistes, location de vacances proche mer et station thermale en Charente-Maritime;2 Rte de Bonne Fontaine 17870 Breuil-Magné France;https://sites.google.com/view/lesgitesdelabellefontaines/tarifs-disponibilit%C3%A9s;Traité
Gites D’Armor;14 Les Fontaines 22290 Tréguidel France;https://www.gitesdarmor.fr/fr;Traité
Gites de la Pinede;2 Av. de la Pinède 34540 Balaruc-les-Bains France;https://www.lesgitesdelapinede.com/;Traité
Gites de Louatre;10 Chem. de Hautwison 02600 Louâtre France;https://www.gitesdelouatre.com/;Traité
Gites de Marchet;11 Rue de Marchet 82340 Auvillar France;http://www.gitesdemarchet.com/;Traité
Gites de Paradella;Route de la foret de Bonifato D 81 20214 Calenzana France;http://www.paradella.fr/;Traité
GITES DE THEVEN PLAGES;96 Rue des Pêcheurs 29250 Santec France;http://santec-gites.fr/;Traité
Gites du moulin Hacquet;739 Rue du Moulin Hacquet 80120 Favières France;https://gitedumoulinhacquet-baiedesomme.fr/;Traité
Gites et Chambres d'Hôte 2 Epis | La Petite Boynarde | Gorges du Tarn | Aveyron;Rue de Trébens 12640 Rivière-sur-Tarn France;https://www.camping-canoe.fr/les-gites/;Traité
Gites et Chambres d'hôtes Les Chamois;80 Route de Meaudre 38250 Villard-de-Lans France;;
Gites in Sigournais;6 Rue du Porche 85110 Sigournais France;https://www.gitesinsigournais.com/?utm_source=GMBlisting&utm_medium=Organic;Traité
Gites Jacuzzi Montizeau;Domaine de montizeau 45740 Lailly-en-Val France;http://gite-jacuzzi-montizeau.fr/;Traité
Gites la Cheneraie;1 La Treurie 37460 Nouans-les-Fontaines France;https://gites-la-cheneraie.fr/;Traité
Gites la ligne;86260 Angles-sur-l'Anglin France;https://www.giteslaligne.fr/;Traité
Gites le passage des Templiers;Rue du Temple 26110 Vinsobres France;;
gites les casots;6 Rue du Verdouble 11350 Rouffiac-des-Corbières France;http://www.giteslescasots.com/;Traité
gites les cherubins;4 Rue des Chazeaux 39110 Andelot-en-Montagne France;http://www.giteslescherubins.com/;Traité
Gites les lauzes;22 Av. Marcel Lautard 12500 Espalion France;https://hotelegide.fr/gites-les-lauzes-espalion;Traité
GITES LOU CANTOU;Lou Cantou Le Pech 1755 Rte de la Croix de Violet Lieu-dit 24590 Paulin France;http://www.loucantougites24.fr/;Traité
Hygge-en-perigord -Villa Maeltri : Locations de villa et Gites avec piscine chauffée-Spa-sauna,Dordogne, Nouvelle Aquitaine;289 Imp. de Merlet 24110 Léguillac-de-l'Auche France;https://hyggeenperigord.ellohaweb.com/;Traité
L’Ancien Cafe - Luxury Suites & Gites;8 Rue St Cybard le Bourg 79110 Aubigné France;http://www.lanciencafe.fr/;Traité
la jumenterie des néfliers : gites équestres, roulottes hippomobiles, balades en attelage, proche Etretat Fécamp, Normandie;335 Rte du Pont 76110 Mentheville France;https://www.jdn-ecogite.fr/fr;Traité
La Maison Pinot Noir - Gites et appartements;11 Rue de Paris 21220 Gevrey-Chambertin France;https://beds24.com/booking2.php?propid=138630;Traité
Le Manoir des Falaises - Chambres d'hôtes et Gites;Haute-Normandie 8 Rue Claude Legros 76280 Saint-Jouin-Bruneval France;;
Le Mas Fraissinet Chambres d'hôtes de charme et Gites en Cévennes proche sud Ardèche et Lozère;13 Rue des Granges 30960 Saint-Jean-de-Valériscle France;https://mas-fraissinet.fr/;Traité
Le Moulin de Milan : Gites de vacances entre Alpilles et Luberon avec piscine, location de salle, espace bien-être Vaucluse;204 Chem. de Milan 84460 Cheval-Blanc France;http://www.lemoulindemilan.com/;Traité
LE ROMAN DES GLACIERES Chambres d'hôtes Relaxation Gites;Les Glacières 42660 Saint-Genest-Malifaux France;;
les Closeries du golfe - Morbihan - gites et chambres;6 Le Saindo 56450 Theix-Noyalo France;http://www.gites-vannes.com/;Traité
Les Gites Aigues Vives;3 Pl. du Jeu de Ballon Rue de la Meillade et 50 34150 Montpeyroux France;https://gites-aiguesvives.com/;Traité
Les Gites de Bel Air;Bel Air 48 Route de Neung 41210 La Marolle-en-Sologne France;https://www.gitesdebelair.com/;Traité
Les Gites de la Forêt;lotissement la forêt 89560 Druyes-les-Belles-Fontaines France;https://lesgitesdelaforet-yonne.fr/;Traité
Les Gites de Tapies;Tapies 12540 Cornus France;https://www.gites-herault-aveyron.fr/;Traité
LES GITES DU LAUZON;420 Route de St Paul 26130 Montségur-sur-Lauzon France;https://www.gitesdulauzon.fr/;Traité
L'Escale des Elfes, Logements insolites et Gites;Moustoir Bian 29170 Saint-Évarzec France;https://escaledeselfes.e-monsite.com/;Traité
Réserve Taïno : Gites/maisons insolites avec Piscine Landes - Séminaires, Mariages, Groupes, Nature, Lac;lieu dit Piassot 40110 Morcenx-la-Nouvelle France;https://www.reservetaino.com/;Traité
Ar Duen - Auberge de la Hardouinais;Le Bourg 22230 Merdrignac France;http://www.arduen.com/;Traité
Auberge Alpina;2985 Bd du Grand Pré 06620 Gréolières France;https://www.aubergealpina.fr/;Traité
Auberge d'Aillon et d'Ailleurs;795 Rte De La Correrie 73340 Aillon-le-Jeune France;https://www.aillon-ailleurs.com/;Traité
Auberge de Jeunesse HI Boulogne sur Mer;Pl. Rouget de Lisle 62200 Boulogne-sur-Mer France;https://www.hifrance.org/auberges-de-jeunesse/boulogne-sur-mer-annette-allan-lantz/;Traité
Auberge de Jeunesse HI Verdun;9 Av. Garibaldi 55100 Verdun France;https://www.hifrance.org/auberges-de-jeunesse/verdun/;Traité
Auberge de la Truffe fermée définitivement;14 Av. Jean Chateaureynaud 24420 Sorges et Ligueux en Périgord France;https://www.logishotels.com/fr/hotel/-420?partid=1535;Traité
Auberge des Goubelins;Au Manoir du Tourp Omonville-la-Rogue D45 50440 La Hague France;http://aubergedesgoubelins.com/?utm_source=gmb;Traité
Auberge des Montagnes;Le Bourg 15800 Pailherols France;https://www.auberge-des-montagnes.com/;Traité
Auberge du Rédier;1 Montée du Rédier 06670 Colomars France;https://aubergeduredier.com/;Traité
Auberge le Rabelais;55 Rte de Genève D660 89100 Malay-le-Petit France;http://www.logishotels.com/fr/hotel/-2640?partid=661;Traité
Domaine des Etangs, Auberge Collection;Domaine des Etangs 16310 Massignac France;https://fr.auberge.com/domaine-des-etangs/?utm_source=gmb&utm_medium=Yext;Traité
Logis Auberge de Forges;38 Av. Pasteur 19380 Forgès France;http://www.logishotels.com/fr/hotel/-120782?partid=661;Traité
Wine Hôte;14 Rue Claude Debussy 33290 Le Pian-Médoc France;http://winehote.fr/;Traité
White House, Maison d'hôtes;12 Rue Louis le Gaffric 76490 Rives-en-Seine France;https://www.white-house-normandie.fr/?utm_source=google&utm_medium=wix_google_business_profile&utm_campaign=14527113106307762116;Traité
VillaCanau chambres d'hôtes;17 chemin de la craste 33680 Lacanau France;https://www.villacanau.fr/;Traité
Villa Saint Andrews - Évènements & chambres d’hôtes Marly;17 allée Bobby Jones 57155 Marly France;https://www.villasaintandrews.fr/;Traité
VILLA RHONA hébergement avec jacuzzi logement vacances chambre d'hôtes loveroom;2181 Rte du Revestidou 84860 Caderousse France;https://www.booking.com/hotel/fr/appartement-avec-jacuzzi-en-campagne.fr.html?aid=866831&label=Share-e0NOwt7%401710790656&sid=7b962d7e3cfbd055c244186fb4387c44&dest_id=-1416085&dest_type=city&dist=0&group_adults=4&group_children=0&hapos=13&hpos=13&no_rooms=1&req_adults=4&req_children=0&room1=A%2CA%2CA%2CA&sb_price_type=total&sr_order=popularity&srepoch=1741189272&srpvid=56a06e2630cc0161&type=total&ucfs=1&;Traité
Villa Primerose Chambres d'Hôtes de Charme;94 Rue Saint-Rémy 10700 Arcis-sur-Aube France;https://www.villaprimerose.com/;Traité
Villa Peacock Chambre d'Hôte 110 % men only;16 bis Imp. de Baluffe 34300 Agde France;https://www.peacock34.fr/;Traité
Villa Maëlla, Gîtes et Chambres d'hôtes, en Normandie. Petit-déjeuner compris;La Sablonnière 6 61300 Saint-Michel-Tubœuf France;https://villamaella.fr/;Traité
Villa l'Eden - Chambres d'hôtes naturistes - Cap d'Agde;100 Rte de Rochelongue 34300 Agde France;http://villaleden.e-monsite.com/;Traité
Villa l'Air du Temps chambres d hôtes et villa de vacances;7 Rue de la Reousse 33740 Arès France;http://lairdutemps-ares.fr/;Traité
Villa Emeraude - Chambres d'hôtes à Dinan - 4 épis Gîtes de France;7 Rue du Clos Rouxel 22100 Dinan France;http://www.villa-emeraude.fr/;Traité
Villa Bal?o - Gay Guesthouse, Chambres d’hôtes B&B;1220 Av. des Hespérides 34540 Balaruc-les-Bains France;https://villabalao.com/;Traité
Une escale en Berry - Chambres d'hôtes;7 Rue de l'Église 18500 Foëcy France;https://www.escalenberry.com/;Traité
Ty'Galis gîte et chambres d'hôtes à Lectoure.;Ty' Galis Au 32700 Lectoure France;https://gite-lectoure.jimdofree.com/;Traité
Teritoria Château Clément - Maison d'hôtes;591 Mnt du Bois Vert 07600 Vals-les-Bains France;https://www.auchateauclement.com/;Traité
Spation'hôtes de la Gare;5 Rue de la Gare 41210 Montrieux-en-Sologne France;https://spationhotes.com/;Traité
Spalace : Chambres d’hôtes luxe avec sauna/jacuzzi, Love Room week-end en amoureux, proche Lille, Nord, Hauts-de-France;21bis Av. des Sorbiers 59553 Cuincy France;http://www.spalace.fr/;Traité
Sous Le Cerisier - Chambre d'Hôtes;26 Av. de la Gare 21150 Venarey-les-Laumes France;https://www.gites-de-france.com/fr/bourgogne-franche-comte/cote-dor/sous-le-cerisier-21g1358?adults=2&children=0&infants=0http://www.gites-de-france-cotedor.com/location-Chambre-d-hotes-Venarey-les-laumes-Cote-D-or-21G1358.html;Traité
Sous la Glycine, chambre d'hôtes avec jacuzzi;786 Chem. Notre Dame des Neiges 46600 Cressensac-Sarrazac France;https://souslaglycine.com/;Traité
Sologne Chambre d'hôtes;419 Rue Napoléon III 41210 La Ferté-Beauharnais France;http://solognechambredhotes.wifeo.com/;Traité
SOLASI - Gîte et Chambres D'hôtes;1106 Rte de Miquel 47500 Blanquefort-sur-Briolance France;http://www.solasi.fr/;Traité
Severine: Chambre d'hôtes b&b, étape horse, halte cycliste/motard, camping espace privé, idéal naturistes, Saône-et-Loire;6 Chem. des Pendants 71290 Préty France;https://www.charme-traditions.com/fr/chambres-d-hotes/org/88636/villa-severine;Traité
Rosemar Chambres d'hôtes;Domaine de Mont Milan 11440 Peyriac-de-Mer France;;
Refuge Les Prés Volants - Chambre d'hôtes;Les Prés Volants 555 En Desertin 39370 Les Bouchoux France;http://www.lespresvolants.com/;Traité
Presqu'île de Chooz : Gîtes, Meublé de tourisme, Chambres d'Hôtes proche Voie verte et du CNPE de Chooz, Ardennes;25 Rue Pierre Vienot 08600 Chooz France;http://www.ile-chooz.com/;Traité
Parc de biodiversité Le Castel - Maison d'hôtes & Table bio;60 Imp. des Écureuils Lieu-dit 69140 Rillieux-la-Pape France;http://www.villa-castel.fr/;Traité
Oplaisir La Romantica - Le N•X Chambre d’hôtes & Love Room à Congenies , Gard;10 Chem. des Bugadières 30111 Congénies France;https://www.oplaisir30.fr/;Traité
Odyssée - Salle de réception et Chambres d'hôtes de charme;4 Rue du Dr Talleu 59470 Zegerscappel France;;
Ô Chambre d'Hôtes;50 Rue des Sauniers 17600 Le Gua France;https://www.ochambredhotes.com/;Traité
O' Bonheur de l'Olivier Gîtes et Chambre d'Hôtes 4 étoiles;9 Lot. les Sables d'Orb 34460 Cessenon-sur-Orb France;https://www.obonheurdelolivier.fr/;Traité
Moulin De Rioupassat chambres d'hôtes de charme;chambres d'hôtes de Charme Moulin de Rioupassat 33420 Rauzan France;;
Moulin de Joumard - Gîte et chambres d'hôtes;Moulin de Joumard 43380 Aubazat France;https://www.moulindejoumard.fr/;Traité
Montaillon Gîte, chambres d'hôtes et appartements de vacances;18 Rte de la Groie 79370 Aigondigné France;http://www.montaillon-gite.fr/;Traité
Mil roses en Baie - Gîte & Chambres d'hôtes;3 Rue du Calvaire 80120 Saint-Quentin-en-Tourmont France;https://milrosesenbaie.fr/;Traité
Mas Terre Chambres d'hôtes en Auvergne;29 Av. Dr Corny 63190 Lezoux France;http://www.mas-terre.fr/;Traité
Mas Peu del Causse : Chambre d'hôtes / Gîte Pyrénées Orientales 66 Occitanie;28 Carrer del Canigo 66300 Sainte-Colombe-de-la-Commanderie France;https://www.peudelcausse.fr/;Traité
Mas des tourterelles | Votre Chambre d’hôtes à Jonquières;1148 Rte de Camaret 84150 Jonquières France;https://www.booking.com/hotel/fr/mas-des-tourterelles-jonquieres.fr.html;Traité
Mas de la Cigaline - Gîte & Chambres d'hôtes Var;228 d Chem. des Souquiers 83136 Garéoult France;https://www.masdelacigaline.com/;Traité
Mas d'Asvin - Chambres d'hôtes;3081 Rte de Montèze 30380 Saint-Christol-lez-Alès France;http://masdasvin.com/;Traité
Manoir du Vau d'Arz, gîte et chambre d'hôtes;Le Vau d'Arz 56220 Malansac France;https://www.manoirduvaudarz.com/;Traité
Manoir de Questinguy - Chambres d'Hôtes;5 Questinguy 22460 Allineuc France;https://www.questinguy.bzh/;Traité
Manoir de Laroque Delprat Chambres d'Hôtes;Manoir de Laroque Delprat 7 Impasse de La Roque Del Prat 46400 Autoire France;https://www.manoirdelaroquedelprat.fr/;Traité
Manoir de la Basse-cour gîtes & chambres d'hôtes & bar;2 Rue du Château 72430 Asnières-sur-Vègre France;http://www.la-bassecour.com/;Traité
Maison Sommet - Chambres d'hôtes;20 Rue Léo Lagrange 33240 Lugon-et-l'Île-du-Carnay France;https://maison-closlesarbories.com/;Traité
Maison Les Étoiles – Maison d’hôtes de charme au cœur de Tonnerre;8 Rue Saint-Michel 89700 Tonnerre France;https://les-etoiles-tonnerre.fr/;Traité
Maison Lamothe | Chambres d'hôtes Gers;1 Route de Peyrecave 32340 Flamarens France;https://maisonlamothe.com/;Traité
"Maison et chambres d'hôtes ""La Forge du Rosay"" chez Franck";Sous 45 route de La Pesse 39360 Viry France;https://www.laforgedurosay.com/;Traité
Maison du Barry - Chambres d'hôte & gîte à Cabrerets;142 route des Grottes de Pech Merle 46330 Cabrerets France;https://maisondubarry-cabrerets.com/;Traité
Maison Dix - Chambre d'Hôtes;10 Av. de la Gare 34320 Neffiès France;http://www.maisondix.fr/;Traité
Maison d'Hôtes Sainte-Marie;277 Chem. du Portet 32300 Mirande France;https://www.maisondhotessaintemarie.com/;Traité
Maison d'hôtes naturiste villa PaulAna;25 Av. de la Vigne Villa PaulAna 34300 CAP d'AGDE France;https://www.paulana.fr/;Traité
Maison d'hôtes Monte-Arena Montaren/Uzès;6 Pl. de la Plaine 30700 Montaren-et-Saint-Médiers France;https://www.monte-arena.com/;Traité
Maison d'hôtes L'Orca di San Gavinu;L'Orca di San Gavinu Hameau de 20114 Figari France;https://www.lorcadisangavinu.fr/;Traité
Maison d'hôtes l'Escalère;180 L Escalere 31360 Arnaud-Guilhem France;http://www.lescalere.com/;Traité
Maison d'hôtes Les Nymphéas;345 Le Gravais 44410 Saint-Lyphard France;https://lesnympheas.jimdofree.com/;Traité
Maison d'hôtes les Méans;490 Les Means 04340 Méolans-Revel France;https://www.les-means.com/;Traité
Maison d'hôtes Le Meix;5 Gd Rue de la Bresse 39230 Chaumergy France;https://www.lemeixjura.fr/fr;Traité
Maison d'hôtes Le Coudignac 1891;2 Chem. de Coudignac 84800 Lagnes France;https://www.leboncoin.fr/ad/locations_saisonnieres/2980690612;Traité
Maison d'Hôtes La Cimentelle;4 rue Cimentelle La Cimentelle Vassy Les Avallon 89200 Étaule France;https://www.lacimentelle.com/;Traité
Maison d'Hôtes La Chêneraie - Saint Didier;655 Chem. du Moulin À Huile 84210 Saint-Didier France;https://www.maisondhotes-lacheneraie-provenceventoux.com/;Traité
Maison d'hôtes La chambre de la Poudrière Nevers;33 Rue Jean Gautherin 58000 Nevers France;;
Maison d'hôtes la Bignone - Chambres d'hôtes et gîte;28 Rue Victor Hugo 30290 Laudun-l'Ardoise France;http://www.maison-bignone.com/;Traité
Maison d'hôtes Hippône;Les concerts du paradis 56 All. Gounod 83860 Nans-les-Pins France;http://www.maisondhoteshipponevar.com/;Traité
"Maison d'hôtes Ferme ""les Flaquettes""";ferme les flaquettes 62340 Guînes France;https://www.booking.com/hotel/fr/ferme-quot-les-flaquettes-quot.html?aid=2434670;Traité
Maison d'hôtes Elizondoa;Elizondoa 211 Rte de Labets 64120 Masparraute France;https://elizondoa.fr/;Traité
Maison d'hôtes du Carrec Paimpol;35 Rue du Commandant le Conniat 22500 Paimpol France;http://www.maison-hotes-du-carrec-paimpol.com/;Traité
Maison d'hôtes des Toits en Ville - Chambres & Appartements;23 Pt Rue Pasteur 69100 Villeurbanne France;;
Maison d'hôtes Cœur d'Hérault;1 Av. Marcelin Albert 34800 Péret France;https://coeurdherault.com/;Traité
Maison d'Hôtes Chez Martine et Philippe en Velay Bed & Kitchen, Haute-Loire, Auvergne;9 Av. de la Gare 43140 Saint-Didier-en-Velay France;https://www.booking.com/hotel/fr/chez-martine-et-philippe.fr.html?aid=2311236&label=fr-fr-booking-desktop-DCpBIW3k2%2AWIo8XuzMdB9AS652796013276%3Apl%3Ata%3Ap1%3Ap2%3Aac%3Aap%3Aneg%3Afi%3Atikwd-65526620%3Alp9236510%3Ali%3Adec%3Adm&sid=fbce99f2956323effd7051924e485280&dest_id=868854&dest_type=hotel&dist=0&group_adults=2&group_children=0&hapos=1&hpos=1&no_rooms=1&req_adults=2&req_children=0&room1=A%2CA&sb_price_type=total&sr_order=popularity&srepoch=1781552337&srpvid=92e48a0be81e03c7&type=total&ucfs=1&;Traité
Maison d'hôtes Belloréade et Espace bien-être;61 chemin du Carme 09600 Belloc France;http://www.belloreade.fr/;Traité
Maison d'hôtes Au pré Carré Vannes Morbihan;13 Rue Croix du Pratel 56400 Plumergat France;http://www.chambres-hotes-vannes.com/;Traité
Maison d'hôtes au Cœur des Lacs;Champagne - Ardenne 30 Av. Pierre Gomand 10270 Lusigny-sur-Barse France;https://ymlizet.wixsite.com/aucoeurdeslacs;Traité
Maison d'hôtes au Château de la Villeneuve;33 Rue de la Villeneuve 71380 Saint-Marcel France;http://chateau-de-la-villeneuve.com/;Traité
Maison d'hôtes - Les Hauteurs du Luberon;454 Chem. de la Feissones 84750 Caseneuve France;http://www.leshauteursduluberon.com/;Traité
Maison d'hôtes - La Villa Dali;21 Av. Léo Lagrange 11200 Lézignan-Corbières France;http://www.villa-dali.fr/;Traité
Maison d’hôtes la Doma Chambres &SPA;2530 route de Montélimar 26110 Venterol France;http://www.ladomaventerol.com/;Traité
Maison d’hôtes Café Bulle;14 Rue Blanche de Castille 51700 Jonquery France;https://www.maison-dhote-cafe-bulle.com/;Traité
Maison d´hôtes La Dromandise;lieu dit Mortes Sagnes 43420 Saint-Arcons-de-Barges France;http://maison-ladromandise.com.es/;Traité
MAISON ARGENSON, Chambre d'hôte de charme Centre Bergerac;99 Rue Neuve d'Argenson 24100 Bergerac France;http://www.maison-argenson.fr/;Traité
Maison & table d'Hôtes Lumière de Migou;38 Rue de la Font 82500 Beaumont-de-Lomagne France;http://lumieredemigou.com/;Traité
L'Usclasienne - Chambres d'hôtes;2 Pl. de la Mairie 34230 Usclas-d'Hérault France;https://www.lusclasienne.com/;Traité
Lunidor maison d'hôtes;11 Av. Pierre Gomand 10270 Lusigny-sur-Barse France;http://lunidor-maisondhotes.com/;Traité
Loveroom Paradis - Love room, Chambre avec jacuzzi et Chambre d’hôte à Aubagne;1915 Rte de Napollon 13400 Aubagne France;https://www.love-room-aubagne.fr/;Traité
LOGIS SAPONINE - gîte et chambre d'hôtes au calme en Touraine;33 Imp. des Chesnaies 37510 Savonnières France;https://www.logissaponine.fr/;Traité
L'Everest Room : Love room, week-end romantique, chambres d'hôtes, piscine, jacuzzi, proche La Valentine, Marseille;Av. de la Gare 13011 Marseille France;https://www.leverestrooms-marseille.fr/;Traité
L'ESTIVE - Gîtes, Table d'Hôtes & Chambres d'Hôtes, Proche Puy-de-Dôme en Haute-Loire;2 Les Rogues 43160 Bonneval France;https://www.estive-bonneval.fr/;Traité
L'Escapade Nature et Gourmande - Gîtes et chambres d'hôtes proche Toulouse;1453 Chem. des Moulins 32600 Pujaudran France;https://lescapadenatureetgourmande.fr/;Traité
Les Terrasses d'Antonin - Chambres d'hôtes et gîtes de charme au coeur du Luberon et de la Provence;1 Mnt des Remparts 84240 Grambois France;https://lesterrassesdantonin.com/;Traité
Les Tanalis - Chambres d'hôtes & gîtes;3 Rue de la Mairie 64190 Gurs France;https://www.lestanalis.fr/;Traité
Les Séquoias - Gîte & Chambres d'hôtes;9 Les Granges LIEU DIT 33540 Sauveterre-de-Guyenne France;https://www.les-sequoias.fr/;Traité
Les sables blancs gîte et chambres d'hôtes;3110 Rte de Contis 40170 Saint-Julien-en-Born France;http://www.les-sables-blancs.com/;Traité
Les Rocailles, Locations chambres d'hôtes, Hébergements séjours à la campagne, Orne, Suisse Normande;Les Buats 146 La Croix des Vers Route de 61210 France;https://locationsdenath.fr/;Traité
Les Pierres Davélie - Chambre d'Hôtes en Auvergne;Le Redondet 63890 Saint-Éloy-la-Glacière France;http://lespierresdavelie.fr/;Traité
Les Pieds Tanqués - Chambres d'hôtes - Calanque de Port d'Alon;161 CHEMIN PRIVE DU MERLE Le Port d'Alon 83270 Saint-Cyr-sur-Mer France;https://lespiedstanques.fr/;Traité
Les Nids d'Hôtes;1 Av. du Prof Grancher 64250 Cambo-les-Bains France;http://www.lesnidsdhotes.com/;Traité
Les Myosotis - Chambres d'hôtes;18 Rue Principale 57905 Zetting France;https://www.myosotis-chambres-hotes.fr/?utm_source=gmb;Traité
Les Mayombes - Gîtes et Chambres d'hôtes - Privatisation pour groupes;Les Mayombes 719 Chem. de la Combe d'Azur 83520 Roquebrune-sur-Argens France;http://www.lesmayombes.com/;Traité
LES JARDINS DE LA FONTAINE: gite et chambre d'hôte ou séminaire avec piscine chauffée, jacuzzi, parking privé dans le Gard;7 bis Rue Frédéric Mistral 30100 Alès France;http://www.lesjardinsdelafontaine.com/;Traité
Les Iris Chambres d'hôtes;RD 2566 du Col de Castillon Quartier 06380 Sospel France;http://les-iris-chambre-hote-sospel.fr/;Traité
Les îles vagabondes-Chambre d'hôtes à Saint-Malo;19 Rue Pierre Legavre 35400 Saint-Malo France;https://les-iles-vagabondes.fr/;Traité
Les Hôtes de Sermaize;10 Rue de l'Île Saint-Pierre 77590 Bois-le-Roi France;https://www.ohana-spa.fr/;Traité
Les Gravets – Maison d’hôtes & Roulottes en Sud-Gironde;Lieu-dit Les Gravets 82 chemin des Gravets 33690 Sigalens France;https://www.lesgravets.com/;Traité
Les Glycines de Monchy- Chambres d'hôtes Petits-déjeuners inclus.;3 Rue d'Antheuil 60113 60113 Monchy-Humières France;https://www.lesglycinesdemonchy.fr/;Traité
les Demoiselles de Picardie, chambres d'hôtes;21 Rue Mademoiselle 02300 La Neuville-en-Beine France;http://www.chambresdhotes-campagnepicardie.com/;Traité
Les Chambr'hôtes de Gallau;15 route de Reynau 9 Galau 33710 Lansac France;https://leschambrhotes.com/;Traité
Les chambres d'hôtes du Panorama;517 Chem. des Côtes 27310 Barneville-sur-Seine France;http://www.chambrebilly.com/;Traité
Les Chambres d'Hôtes de la Mer;56 Bd de la Manche 62155 Merlimont France;https://www.leschambresdhotesdelamer.fr/;Traité
"Les Chambres d'hôtes "" le Nid d'Alex""";6 Rue Renard 88300 Autigny-la-Tour France;https://leniddalex.fr/;Traité
Les Chambres de Bonneval, chambres d'hôtes en Dordogne Périgord;128 Place de la Bastide Bonneval 24210 Fossemagne France;https://www.leschambresdebonneval.com/;Traité
Les Chambres d 'Hôtes du Sillon;7 Pl. du Château 22610 Pleubian France;https://jamesstraveltips.com/les-chambres-d-39-hotes-du-sillon-france;Traité
Les Caselles - Gîte et Chambres d'hôtes de charme Aveyron Millau;75 Les Aires 12620 Saint-Beauzély France;https://www.chambresdhotesmillauaveyron.com/;Traité
Les Bergeronnettes B&B chambres d'Hôtes;50 Rue de l'Espinassat 24100 24100 Bergerac France;https://www.les-bergeronnettes.com/;Traité
Les accacias chambre d'hôte;au Fosse les accacias 88420 Moyenmoutier France;http://les-accacias.com.es/;Traité
L'Entre Nous : Location gîte avec bain nordique et Chambres d'hôtes avec jacuzzi, piscine et table d'hôtes, Carcassonne Aude;8 Chem. des Perdrix 11000 Carcassonne France;https://www.lentrenouscarcassonne.com/;Traité
L'Enclos du Bélier Gîte et B&B et chambres d'hôte;84 Les Rouchoux 87130 La Croisille-sur-Briance France;http://www.enclosdubelier.com/;Traité
L'embellie sur lot chambres d'hôtes;5 Chem. de Tauzis 47110 Sainte-Livrade-sur-Lot France;https://lembelliesurlot.com/;Traité
L'EAU BERGE - Chambres d'hôtes, Relais Motards , Nuitée étape GTMC & Tour des Vaches rouges;1 Pl. de l'Église 15160 Allanche France;https://www.charme-traditions.com/fr/chambres-d-hotes/org/89219/l-eau-berge-chez-philippe-melanie-serantoni;Traité
LE SECRET DU CHAT - Chambres d'hôtes de charme;12 Le Planol 81170 Cordes-sur-Ciel France;http://lesecretduchat.com/;Traité
Le Sarcinoé - Maison d'hôtes;19 Rue Hébert 89140 Sergines France;https://www.le-sarcinoe.com/;Traité
Le Rouge Gorge - Restaurant & Chambres d'hôtes;200 Rte de Barjols 83670 Pontevès France;;
Le Relais d'Avajan - Chambres d'hôtes / Gîtes;32 route du louron 65240 Avajan France;http://relaisavajan.fr/;Traité
Le Quartier d'Hiver, Chambre d'hôtes et Table d'hôtes;29770 Cléden-Cap-Sizun France;https://www.lequartierdhiver.com/;Traité
Le Puy Carmin - Gîte & Chambres d'hôtes avec jacuzzi - 18 minutes du Puy du Fou;53 bis Rue de la Vendée 85130 Bazoges-en-Paillers France;https://www.lepuycarmin.com/;Traité
Le Prieuré Saint Agnan maison d'hôtes de charme avec piscine;1 Rue des Forges 58200 Cosne-Cours-sur-Loire France;http://prieuresaintagnan.com/;Traité
Le Pré Oudot - Chambres d'hôtes à proximité de Morteau;Péquignet 1 Pré Oudot 25390 Fournets-Luisans France;https://le-pre-oudot.fr/;Traité
Le Mas Rolland 5 épis Chambre d'hôtes de charme, proche de Millau & les Gorges du Tarn;Pailhas la Placette 12520 Compeyre France;http://www.le-mas-rolland.com/;Traité
Le Mas de Sòmi Maison d'Hôtes;20 Av. Emile Léonard 30250 Aubais France;https://lemasdesomi.com/;Traité
Le Lys Ecossais maison d’hôtes;1 Av. du Gén Leclerc 18700 Aubigny-sur-Nère France;https://www.lelysecossais.fr/;Traité
Le Loup Blanc - Restaurant Gastronomique, Chambres d'Hôtes;Plaça dels Telhs 46700 Saint-Martin-le-Redon France;http://www.leloupblancrestaurant.fr/;Traité
Le Grangeon Des Marais chambres et table d'hôtes, de charme/Hébergement touristique/Chambre d’hôtes Référence/ Restaurant;177 Rue du Bachet 01110 Plateau d'Hauteville France;http://legrangeondesmarais.fr/;Traité
Le Flacon de la Verrouille - Chambre d'hôtes et Gîte;82800 Bruniquel France;;
Le Domaine du Roc - Chambre d’hôtes dans la Drôme;"52  Chemin de la Haulty  Lieu Dit ""Six Sacs"" 26400 Saou France";http://www.ledomaineduroc.com/;Traité
Le Domaine de Marchal, chambres et table d'hôtes, écolodge;lieu dit Marchat 2 route du Pêcheur 63250 Celles-sur-Durolle France;http://domainedemarchal.com/;Traité
Le Détour, maison d'hôtes;41 Rte de Meigne 37330 Channay-sur-Lathan France;http://www.maisonledetour.fr/;Traité
Le Corrigot Chambres d'Hôtes 51 | Chambre d'hôtes Maison d'hôtes Pierry;11 Rue de l'Égalité 51530 Pierry France;http://www.lecorrigot.fr/;Traité
Le Clos Saint Sulpice chambre d'hôtes avec piscine;6 Rue de Saint-Sulpice 41330 Fossé France;http://www.clossaintsulpice.com/;Traité
LE CLOS DES LYS - chambres d'hôtes avec jacuzzi;13 Rue de l'Église 77710 Treuzy-Levelay France;http://www.leclosdeslys.com/;Traité
Le Clos des Écureuils : Gîte, chambres d’hôtes et jacuzzi aux portes de Beaune;12 Rte de Verdun 21200 Sainte-Marie-la-Blanche France;https://leclosdesecureuils.fr/;Traité
Le Clos des Cyprès-Maison d hôtes de charme et table Gourmande-Saint Rémy de Provence;1863 Rte de Châteaurenard 13690 Graveson France;https://leclosdescypres.com/;Traité
Le Clos de Marenla Gîte & Chambre d'hôtes;58 Rue Principale 62990 Marenla France;http://www.leclosdemarenla.fr/;Traité
Le Clos Beldane: chambres d'hôtes références, deux gîtes 3 étoiles climatisés;4 Givrezac 16360 Le Tâtre France;https://www.leclosbeldane.com/;Traité
Le Château des Lumières Chambre d'hôtes de charme Saint Valery Sur Somme;Offeu 29 Rue du Moulin 80960 Saint-Blimont France;http://www.lechateaudeslumieres.com/;Traité
Le Château de la Vierge chambres d'hôtes;Le Chateau De La Vierge 144 Rte de Chartres 91440 Bures-sur-Yvette France;https://www.chambre-dhote-91.fr/;Traité
Le Belvédère : Chambres & Table d'Hôtes;1181 Av. des Calloudes 73800 Montmélian France;http://www.belvedere.online.fr/;Traité
le 4 feuilles en camargue Gîte, Chambres et Table d'hôtes.;9 Pl. du Jeu de Ballon 30620 Bernis France;https://www.le4feuillesencamargue.fr/;Traité
L'attrape rêve : gîte et chambre d'hôte en Cévennes avec jacuzzi;HAMEAU DE 30122 Les Plantiers France;https://www.attraperevecvn.fr/;Traité
LAROZIERE Chambres d’hôtes;46 Rue du Général de Gaulle 62126 Wimille France;http://www.laroziere.fr/;Traité
la-resiniere - Chambres d'hôtes;2a Chem. du Moulin des Vaches 33770 Salles France;http://www.la-resiniere.fr/;Traité
L'Antre d'Eux Chambre d'Hôtes;4 Chem. de Lagal Montlegun 11000 Carcassonne France;http://lantredeux-chambredhotes.com/;Traité
L'amourier Chambres D'hôtes 4 épis avec Jacuzzi;1 Rte de Monoblet 30170 Saint-Hippolyte-du-Fort France;http://lamourierencevennes.com/;Traité
L'Alambic de l'estuaire - Gîte et chambre d'hôtes insolite;100 Rue des Bois 17240 Saint-Fort-sur-Gironde France;https://www.locations-mottay.com/;Traité
Là-Haut, gîtes et chambres d'hôtes;Quartier le Chapelier 289 chemin du Chapelier 07530 Vallées-d'Antraigues-Asperjoc France;http://gitelahaut.fr/;Traité
L'Absolue Suite d'hôtes - Love room Var;412 ROUTE DE BARJOLS 83149 Bras France;https://www.labsolue-suite-dhotes.fr/;Traité
l'Abeaupinière Chambre et tables d'hôtes de charme;L'Abeaupinière 36150 Reboursin France;http://www.labeaupiniere.com/;Traité
La Villa Rose à Juillac Chambres d'Hôtes;3 Rue du Canal 19350 Juillac France;http://www.villarose.fr/;Traité
La Villa Herbert Maison d'hôtes;15 Bd Pierre Despagne 33510 Andernos-les-Bains France;https://villaherbert.fr/;Traité
La Villa Guidi - Chambre d'hôtes - Location Hébergement vacances Vallée-du-Taravo Baie-de-Cupabia en Corse du Sud;Avenue Jérôme Guarnieri 20123 Pila-Canale France;http://www.lavillaguidi.com/;Traité
La Villa Aux Oliviers Maison d'hôtes;489 Chem. du Gineste 83780 Flayosc France;https://www.lavillaauxoliviers.fr/;Traité
La Villa Ambrosia - Maison d'hôtes de charme;3 All. Ambrosia 11100 Narbonne France;https://hebergementnarbonne.fr/la-villa-ambrosia-maison-d-hotes-narbonne/;Traité
La Verrerie d’Ivoy, chambres d'hôtes, maison d'hôtes de charme en Berry;La Verrerie 18380 Ivoy-le-Pré France;https://www.laverreriedivoy.com/;Traité
La Vercouline Gîte et Chambres d'hôtes;2695 route de Bois Barbu 38250 Villard-de-Lans France;http://la-vercouline-gite-et-chambres-d-hotes.org.es/;Traité
La Tour d'Ugo - chambres d'hôtes - gay only;135 Chem. de Perairol 11570 Cavanac France;https://www.gay-sejour.com/fr/a-9644/chambres-d-hotes-100-gay-la-tour-d-ugo.html;Traité
La TISSERANDE aux fils de l'eau : Maison d'Hôtes Créative & Écologique;200 Kozhkêr 29410 Saint-Thégonnec Loc-Eguiner France;http://la-tisserande.com/;Traité
La suite 55 Chambres d’hôtes de charme & balnéo;55 Chem. des Tartugues 13800 Istres France;https://lasuite55.fr/;Traité
La Romanetière | Chambre & table d'hôtes;388 Rue du Port 38210 Saint-Quentin-sur-Isère France;http://www.laromanetiere.com/;Traité
La RIVE - Chambres d'Hôtes;24 Quai de l'Estuaire 17120 Mortagne-sur-Gironde France;http://www.la-rive.fr/;Traité
La Porte Rouge - The Red Door Inn chambres d'hôtes B&B table d'hôtes;15 Rue des Jacobins 17100 Saintes France;http://la-porte-rouge.com/;Traité
La Pierre Blanche / Table et Chambres d'Hôtes;maynot 47150 La Sauvetat-sur-Lède France;http://www.restaurantlapierreblanche.fr/;Traité
La Parenthèse Romantique - Chambre d'hôtes & Love Room avec jacuzzi privatif Drôme;780 Marais 26750 Triors France;http://www.laparentheseromantique.fr/;Traité
La Noccemada - lodge Spirit of Bali - Table et chambre d'hôtes Insolite dans le Verdon;63 Rte des Rouvières 83560 Saint-Julien France;https://noccemada.fr/;Traité
La Massonnière - chambres d'hôtes, gîte, mariage et séminaire;lieu dit La Massonnière 11 Rue Marguerite Weinberg 72540 Saint-Christophe-en-Champagne France;https://lemanoirdelamassonniere.fr/;Traité
La Marche des Bois - Chambres d'hôtes proche Crocq;5 Laval 23260 Crocq France;https://maisondhoteslamarchedesbois.ellohaweb.com/;Traité
La Maison Maya - Chambres d’hôtes - Normandie;445 Chem. du Champ du Val 27800 Saint-Éloi-de-Fourques France;http://www.lamaisonmaya.fr/;Traité
La Maison longue Chave. Chambres et table d'hôtes Raucoules, haute Loire tourisme durable;La Maison Longue 465 Chave 43290 Raucoules France;https://maisonlonguechave.wixsite.com/home;Traité
La Maison Jéroboam - Maison d'hôtes - Saint-Estèphe - Gironde;6 Rue des Écoles 33180 Saint-Estèphe France;http://maisonjeroboam.com/;Traité
La Maison du Passeur - Gîte et maison d'hôtes;1 Rue Robert Connan 27510 Pressagny-l'Orgueuilleux France;https://lamaisondupasseur.fr/;Traité
La Maison du Capitaine Lala Saul-maison d’hôtes Quimper;27 Rue de Concarneau 29000 Quimper France;https://www.lalasaul.com/;Traité
La Maison des Hôtes;94 Rue de la République 04250 La Motte-du-Caire France;https://lamaisondeshotes.com/;Traité
LA MAISON DES ABEILLES, Chambres et Table d'hôtes;4 Rue de Pernand 21700 Magny-lès-Villers France;https://www.chambres-beaune.fr/;Traité
La Maison de Vénus - Chambres d'hôtes à Luçon;32 Rue de L Hôtel de ville 85400 Luçon France;http://www.lamaisondevenus.com/;Traité
La Maison de Justine, maison d'hôtes de charme;407 Chem. de la Margoie 12140 Le Fel France;https://www.hotes-cantal-justine.fr/;Traité
La Maison de Fleurat Chambres d'hôtes, gîtes et Activités équestres;8 Fleurat 23140 Domeyrot France;https://www.maison-de-fleurat.com/;Traité
La Libertie Chambres d’Hôtes & Restaurant;2090 Route des Deux Meuniers Lieu dit La Libertie 24140 Campsegret France;http://www.lalibertie.com/;Traité
La Grange De Moisey Chambres d'hôtes Beaune;Lieu dit Les fermes de Moisey 1 fermes de moisey 21200 Marigny-lès-Reullée France;http://www.lagrangedemoisey.fr/;Traité
la grange de maury, chambres d'hôtes et massages ayurvédiques;Maury 134 route de castelnaud 47440 Pailloles France;http://la-grange-de-maury-chambres-dhotes.fr/;Traité
La Grange de Clémence - Chambres d'Hôtes;La Grange de Clémence Berchat 19270 Sainte-Féréole France;http://www.lagrangedeclemence.com/;Traité
La Grande Ourse chambre et table d'hôtes;Midi-Pyrénées FR 39 route des écoles 31510 Sauveterre-de-Comminges France;https://awayexplorer.eu/la-grande-ourse-sauveterre-de-comminges-france;Traité
La Ferme des Louisots - Chambres d'Hôtes & Ferme-Auberge;1 Les Louisots 25140 Fournet-Blancheroche France;http://www.leslouisots.com/;Traité
La Demeure d'Elodie - Maison d'hôtes à Épernay;71 Av. de Champagne 51200 Épernay France;http://la-demeure-delodie.com/;Traité
La Dame de Coeur Deauville, Touques Maison d'hôtes-B&B;Basse-Normandie 12 Quai Monrival 14800 Touques France;https://www.damedecoeurdeauville.fr/;Traité
La Coustille - chambres et table d'hôtes - 05260 St-Léger-les-Mélèzes;15 Imp. de la Coustille 05260 Saint-Léger-les-Mélèzes France;http://www.lacoustille.fr/;Traité
La chaumière à arparens chambres d'hôtes;1037 Rte de Montadet 32220 Sauveterre France;https://www.la-chaumierearparens.com/;Traité
La Chambre Enchantée Gîte et Chambre d'hôtes au coeur des Vosges;299 Rue de l'Église 88460 La Baffe France;https://www.lachambreenchantee.fr/;Traité
La Calade chambres d'hôte et espace bien-être, piscine;2400 chemin sainte marguerite hameau du Barricaud 07380 Chirols France;http://www.chambres-hotes-la-calade.com/;Traité
La Bohal'Loire – Gîte et chambres d’hôtes de charme avec piscine au bord de la Loire à Loire-Authion Maine-et-Loire;1 Rue du Coureau 49800 Loire-Authion France;https://labohalloire.com/;Traité
La Blanchetière – Chambres d’hôtes avec piscine et table d’hôtes en Indre-et-Loire;8 Rue des Vignes 37150 Francueil France;http://lablanchetiere37.fr/;Traité
La Bichonnière - Chambres d'hôtes Auxerre Yonne;37 Rue de Charbuy 89240 Lindry France;https://www.labichonnierebnb.com/;Traité
La biche au bois-Chambres d'hôtes & gîte avec jacuzzi (Lot Dordogne);Le 46250 Montcléra France;http://labicheaubois.com/;Traité
La Bergerie-en-Vexin 78 Jambville : Location gîte et chambres d'hôtes. Piscine chauffée. Parc naturel du Vexin;18 Chem. du Hazay 78440 Jambville France;http://www.labergerie-vexin.com/;Traité
LA BERGERIE A MENEE Chambres d'hôtes à chatillon en diois;4 chemin du four treschenu-creyer Menée 26410 Châtillon-en-Diois France;http://www.labergerieamenee.fr/;Traité
La Belle Marcelle - Chambre d'hôte;225 Chem. de Chatenet 26800 Portes-lès-Valence France;https://labellemarcelle.ellohaweb.com/;Traité
La Belle Époque - Maison d'Hôtes;8 Rue de la Font Saint-Germain 29100 Kerlaz France;https://www.labelleepoque.bzh/;Traité
La Bastide du Mûrier - Chambres d'hôtes - Jacuzzi - Piscine - Cotignac - Var -Provence;3359 Belle Vue 83570 Cotignac France;http://www.labastidedumurier.com/;Traité
La Bastide des Songes - Chambre d'hôtes Luberon;974 Av. de la Gare 84440 Robion France;http://www.bastide-songes.com/;Traité
L’Oréliane en Provence – Chambres d’hôtes au calme entre Avignon et L’Isle-sur-la-Sorgue;217 Rue du Baron le Roy 84470 Châteauneuf-de-Gadagne France;http://www.loreliane-en-provence.com/;Traité
L’éclipse Chambres d’hôtes/Gîte proche Château Renault, Tours, monuments historiques Indre et Loire;11 Rue de Touraine 37110 Saint-Nicolas-des-Motets France;https://leclipse37.wixsite.com/leclipse37;Traité
L' INATTENDU - Restaurant / Bar à cocktails / Chambre d'hôtes;6 Rue Escourssières de Naridelle 81500 Lavaur France;https://www.inattendu-lavaur.fr/;Traité
Justin de Provence Maison d'hôtes;621 Chem. de Mercadier 84100 Orange France;http://www.justin-de-provence.com/;Traité
Institut la Villanelle & Maison d'hôtes;10 La Plantière 25170 Pelousey France;https://espace-la-villanelle.fr/;Traité
Hôte/ restaurantl le Relais de Touvent;4 Rue de Saintonge 17120 Boutenac-Touvent France;;
Hors du Temps - Maison d'hôtes Malbuisson;84 Grande Rue 25160 Malbuisson France;https://www.horsdutemps-malbuisson.fr/;Traité
Hêtre au bord de l'eau : Gîte et chambres d'hôtes b&b proche Guenrouet, St Jacques de compostelle;Saint-Clair 5 Rue des Lavandières 44630 Plessé France;https://hetre-au-bord-de-leau.fr/;Traité
Graine de Rêves -Chambre d'hôtes proche Granville;1 Rte de l'Église 50510 Saint-Sauveur-la-Pommeraye France;https://www.grainedereves.fr/;Traité
"Gîtes; Hébergements; chambres Hôtes : Chalet Bellevue - XTreem";5 Rue Bellevue 25370 25370 Les Hôpitaux-Neufs France;https://www.xtreem.fr/;Traité
Gîtes, Chambres et table d'hôtes de charme Villa Cassandra (B&B, Gard);492 Anc. Chem. de Lirac 30126 Tavel France;http://www.villacassandra-tavel.com/;Traité
Gîtes, Chambre d'hôtes, Espace bien-être Les 3 collines;21 Chem. Henri IV 64800 Saint-Vincent France;http://www.les3collines.com/;Traité
Gîtes et chambres d'hôtes près de Carcassonne Domaine de l'Aven;34 Rte de l'Aven 11160 Villeneuve-Minervois France;https://www.domainedelaven.fr/;Traité
Gîtes et chambres d'hôtes La Fontagrille;La Fontagrille 18360 Épineuil-le-Fleuriel France;;
Gîtes et chambres d'hôtes insolites Le Moulin de Trévelo Morbihan;Moulin de Trévelo 56220 Caden France;http://www.lemoulindetrevelo.fr/;Traité
Gîtes et chambres d'hôtes en Auvergne - Le Moulin de la Fortie;24 route du Moulin 63250 Viscomtat France;https://www.lemoulindelafortie.com/;Traité
gîtes et chambres d'hôtes CASTANEA;07110 Sanilhac France;http://www.lacastanea.com/;Traité
Gîtes et chambres d'hôtes ALTO BRACO;16 rue du 19 Mars 1962 48260 Nasbinals France;http://gites-alto-braco.com/;Traité
Gîtes et chambres d'hôtes - Piscine - Les7Sartôts;2230 Rue du Col du Frêne 73250 Saint-Pierre-d'Albigny France;https://www.les7sartots.fr/;Traité
Gîtes et chambre d’hôtes L’Ecrin de la baie;Le Clos de Botcarn 29100 Pouldergat France;http://gites-et-chambre-d-hotes-l-ecrin-de-la-baie.org.es/;Traité
Gîte et Maison d'Hôtes Le Mas des Iles;707 Chem. des Îles 30130 Pont-Saint-Esprit France;https://provence-mas-des-iles.com/;Traité
Gîte et chambres d'hôtes la Placette Albigeoise;1626 Rte de Taur 81430 Villefranche-d'Albigeois France;https://www.laplacettealbigeoise.com/;Traité
Gîte et chambres d'hôtes La Fée Verte;12 Rue du Crêt Monniot 25520 Arc-sous-Cicon France;http://www.dormiralafeeverte.fr/;Traité
Gîte et chambres d’hôtes La Villa Provençale;230 La Grande Rue 26470 La Motte-Chalancon France;https://lavillaprovencale.org/;Traité
Gîte et Chambre d'hôtes Puech Noly dans le Tarn;Puech Noly 81120 Mont-Roc France;http://www.puechnoly.fr/;Traité
Gîte et Chambre d'hôtes en Champagne;80 Rue de Plain 51460 Courtisols France;;
Gîte Cottage Le Giré 3*, L’Echappée et chambre d hôtes l‘Escale;le giré 50510 Hudimesnil France;https://www.le-gire.com/;Traité
Gîte & Chambres d'hôtes Les clés de la ferme;Maurepas 61110 Sablons sur Huisne France;https://gitelesclesdelaferme.fr/;Traité
"Gîte ""L'Appart de la Parenthèse de l'île"" et Chambres d'hôtes";5 Rue du Général de Gaulle 56590 Groix France;http://www.laparenthesedelile.fr/;Traité
Ferret Vigne Chambres d'hôtes au Cap Ferret;11 Av. du Muscat 33970 Lège-Cap-Ferret France;http://www.ferretvigne.fr/;Traité
Ferme Historique Jean de la Fontaine : Grand Gîtes et Chambres d'hôtes, séminaire et team building dans l'Aisne;Ferme de la tuèterie lieu dit de La Toiterie 02400 Chierry France;https://chambresdhotesdecharme-chateauthierry.fr/;Traité
Ferme des Goguets - Chambres d'hôte;Ferme des Goguets Les Goguets 18350 Charly France;http://www.fermedes-goguets.com/?utm_medium=referral&utm_source=gmb&utm_campaign=lnk-gmb;Traité
Ferme des 4 Vents gîtes et Chambres d'hôtes;1250 d'Haringzelle 62179 Audinghen France;https://www.fermedes4vents.fr/;Traité
Ferme de la Bottière - Chambres d'hôtes;19 Imp. de l'Alpage 73340 Aillon-le-Vieux France;https://la-ferme-de-la-bottiere.amenitiz.io/fr/booking/room;Traité
Ferme Boisquillon – Gîte & Chambres d’hôtes en Sologne;698 Rte de Bièvre 41210 Marcilly-en-Gault France;https://www.ferme-boisquillon.fr/;Traité
Essentiel Barret chambres d'hôte et gîte;14 Rue des Gorges de la Meouge 05300 Barret-sur-Méouge France;http://essentielbarret.wordpress.com/;Traité
Ermitage Crestet - Gîtes et Chambres d'hôtes;600 Rte de Sainte-Anne 84110 Crestet France;https://ermitagecrestet.com/;Traité
Entre Terre et Ciel Chambres d’hôtes dans les Baronnies en Drôme Provençale;Les Blaches 26510 Rémuzat France;http://www.entreterretciel.com/;Traité
Entre Tarn et Causses Chambres d'hôtes;Le Villaret 12150 Sévérac d'Aveyron France;https://entretarnetcausses.ellohaweb.com/;Traité
ECOLODGE ENTRE MER & CAMPAGNE, Normandie (entre Honfleur et Etretat) - Maison et Chambres d'hôtes durables;4 Chem. du Triangle 76930 Octeville-sur-Mer France;http://ecolodge-entremeretcampagne.fr/;Traité
d'une Source...Gîte et table d'hôtes de groupe en Ardèche;Le Plot 07600 Vallées-d'Antraigues-Asperjoc France;https://www.dunesource.com/;Traité
Domaine Ô Lingot d'Oc, Gîtes & chambre d'hôtes;Domaine Ô Lingot d'Oc - route de roubia Corbières 11200 Lézignan-Corbières France;https://www.domaine-olingotdoc.fr/;Traité
Domaine Les Cigales - Chambre d’Hôte B&B;200 Chem. des Cigales 06370 Mouans-Sartoux France;https://www.domainelescigales.net/fr;Traité
Domaine le bas bois maison d'hôtes;domaine 5 Rte des Grandes Fontenelles Les Bas Bois 72190 Neuville-sur-Sarthe France;https://www.facebook.com/share/18z3goTvab/;Traité
Domaine La Grange Ungersheim - Chambres d'Hôtes L'Inspiration;11 Rue de Raedersheim 68190 Ungersheim France;https://www.la-grange.alsace/;Traité
Domaine La Buisse gîtes et chambres d'hôtes de charme, location de vacances;Lieu-dit La Buisse 2792 route de Banon 04150 Simiane-la-Rotonde France;http://www.domainelabuisse.com/index.html;Traité
Domaine équestre du Trèfle d'Or, Gîte et Chambres d’hôtes;26 Rue de la Vallée 57960 Soucht France;https://www.domainedutrefledor.com/;Traité
Domaine du Sens – Chambres d’hôtes (gîte) avec borne de recharge;245 Chem. des Têtres 71580 Frontenaud France;http://www.ledomainedusens.fr/;Traité
Domaine des Vignes d'hôtes;110 chemin des Morguières 69620 Bagnols France;http://www.jpgrillet.com/;Traité
Domaine des Pierres Blanches - Chambres d'hôtes et gîte de charme avec piscine chauffée en Périgord Noir près de Sarlat;142 Rte de la Bénéchie 24370 Carlux France;;
Domaine Des Iris: Chambre d'hôtes à la campagne au calme, proche Gérardmer, pistes de ski et des marchés de Noël, Vosges;563 Rue du Val de Meurthe 88650 Anould France;;
Domaine de Stella • Chambres d'Hôtes & Gîtes proche de la Baie de Somme;7 Rue de Saint-Riquier 80150 Gapennes France;http://domaine-stella.fr/;Traité
Domaine de Ravat - Maison d'hôtes et séminaire à Sarlat;28 Côte de Ravat 24200 Sarlat-la-Canéda France;http://www.domainederavat.fr/;Traité
Domaine de Rasigous - Chambre d'hôtes et gîte;2217 Route de Revel 81290 Saint-Affrique-les-Montagnes France;http://www.domainederasigous.fr/;Traité
Domaine de Millox_ Chambres d'hôtes de charme_Bayonne;828 Rte de la Pipette 40390 Saint-André-de-Seignanx France;https://www.domainedemillox.com/;Traité
Domaine de l'O - restaurant - chambres d'hôtes - gîtes;3 Rue du Pont le Hot 50760 Gatteville-le-Phare France;https://www.domainedelo-cotentin.com/;Traité
Domaine de l'Authentique Cabanes dans les arbres Chambres d'hôtes;4 bis Rue du Lt Colonel Loichot 25140 Fournet-Blancheroche France;https://chambres-hotes-lauthentique.com/;Traité
Domaine de la Tuilière | Chambre d'hôtes, hébergement insolite | Carnoules;D97 83660 Carnoules France;https://www.aubergedelatuiliere.com/;Traité
Domaine de la Manse - Chambre et table d’hôtes / piscine et balnéo - location Vélos VTC élec.;Le Petit Tournon 07170 Villeneuve-de-Berg France;https://www.lamanse.com/;Traité
Domaine de la Courillère - Chambre d'hôtes Puy du Fou;La Courillere 85510 Le Boupère France;https://www.domainedelacourillere.com/;Traité
Domaine de la Cour chambres d'hôtes;La Cour 49500 Segré-en-Anjou Bleu France;http://www.domainedelacour.com/;Traité
Domaine de La Bellière - Chambres d'Hôtes Villars-Les-Dombes, dans l'Ain 01;Lieudit La Bellière 118 Route de Villefranche 01330 Villars-les-Dombes France;http://www.domainedelabelliere.fr/;Traité
Domaine de Kerzuat - Location de gîtes et chambres d'hôtes;190 Kerzuat lieu dit 29810 Plouarzel France;http://www.domainedekerzuat.com/;Traité
Domaine de Garat - Bordeaux-Floirac - Bed & Breakfast - Chambre d'Hôtes de Charme - réservation en directe;93 Chemin des Plateaux Domaine de Garat Bordeaux 93 Chem. des Plateaux 33270 Floirac France;https://www.domainedegarat.fr/;Traité
Domaine Coubillou: Gîte de groupe et Chambre d'hôtes, piscine et salle réception, séminaire, mariage et évènement;2 Rte de Bédarieux 34240 Lamalou-les-Bains France;https://www.coubillou.fr/;Traité
Domaine CARDU Chambres et Table d'Hôtes Corse du sud;126 Stradda di Costa 20190 Cardo-Torgia France;http://www.domainecardu.com/;Traité
Domaine cap de coste gîte, table et chambre d'hôte;Cugno 31230 Saint-Frajou France;http://www.domainecapdecoste.com/;Traité
Crezilles Hôtes;L'Eau Salée 54113 Crézilles France;http://www.crezilles-hotes.fr/;Traité
Clos Saint Léonard : Chambres ,Table d'hôte, zoo de la Flèche ,chateaux de la Loire, Anjou,Maine-et-Loire;45 Rue Saint-Léonard 49430 Durtal France;https://leclossaintleonard.com/;Traité
Clos Lavaux – Gîte et chambres d'hôtes en Bourgogne du sud;1255 Rte de Gibles 71800 Châtenay France;https://closlavaux.fr/;Traité
Clos de la Gourmandière, Maison d'hôtes & Restaurant;2 Rue de l'Église 39230 Saint-Lothain France;http://www.clos-de-la-gourmandiere.fr/;Traité
Chez Ric et Fer - Chambres d'hôtes de style - Tables d'hôtes - Bed and Breakfast;1 Pl. du Marché 02380 Coucy-le-Château-Auffrique France;https://www.chezricetfer.com/reservation-meilleur-tarif-garanti/;Traité
Chez Mariebel' (Chambres d'hôtes et gîte rural);15 Rue Saint-Paul 57220 Ottonville France;https://www.chez-mariebel.com/;Traité
Chez la Jeanne - Gîte et chambres d'hôtes;14 Rue du Tacot 19470 Le Lonzac France;http://www.chez-la-jeanne.com/;Traité
Chez Gwen et Flo: location de vacances gîte chambres d'hôtes Puy du Fou Cholet;2 All. des Cavaletti 49300 Cholet France;https://chezgwenetflo.fr/;Traité
Chez Bacchus : Gîte, Chambres et Table d'hôtes;625 Reynouard 07700 Gras France;http://www.chezbacchus.fr/;Traité
Château Puygrenier - Restaurant et Chambre d'hôtes;2028 Avenue du Dr Deseymeris 24610 Villefranche-de-Lonchat France;https://www.chateaupuygrenier.fr/;Traité
Château Pierre de Montignac Chambres d'hôtes;1 Montignac 33340 Civrac-en-Médoc France;http://pierredemontignac.com/;Traité
Château La Fontaine, Fronsac. Gîtes-Séminaires-Retraites-Chambres d'hôtes;12 LA PLACETTE 33126 Fronsac France;http://www.chateaulafontaine.com/;Traité
Château Grand Arnaud | Chambres d'hôtes | Evénements;17 Chem. de Vignac 33360 Carignan-de-Bordeaux France;https://chateau-grand-arnaud.com/;Traité
Château du Plantey - Chambres d'Hôtes Lot-et-Garonne;241 Chem. du Plantey 47250 Labastide-Castel-Amouroux France;https://www.chateauduplantey.fr/;Traité
Chateau du Four de Vaux - Chambres d'hôtes;65 Rue Daniel Bollon 58640 Varennes-Vauzelles France;http://www.wwwchateaudufourdevaux.com/;Traité
Château d'Omiécourt - Gîtes et chambres d’hôtes en Picardie;Château d'Omiécourt 4 Rue du Bosquet 80320 Hypercourt France;http://www.chateau-omiecourt.fr/;Traité
Château d'Hôtes Art Déco Perret et-ou son Gîte de Charme à Giverny en Normandie;Haute-Normandie 1 Rte de Gasny 27620 Sainte-Geneviève-lès-Gasny France;;
Château de Saint Antoine: chambres d’hôtes & gîte avec jacuzzi idéal mariage, anniversaire proche Limoges Limousin;22 Av. de Maison Rouge 87270 Bonnac-la-Côte France;http://www.chateau-de-st-antoine.com/;Traité
Château de Quesmy - Mariage, gîtes et chambres d’hôtes de charme en Picardie;78 Rue du Château 60640 Quesmy France;https://www.chateaudequesmy.com/;Traité
Château de Planchevienne - Château de mariage - Chambre d'hôtes;Planchevienne 58470 Magny-Cours France;https://www.chateaudeplanchevienne.com/;Traité
Château de Murviel-les-Beziers Chambres d'hôtes à proximité de Béziers;1 Pl. Georges Clemenceau 34490 Murviel-lès-Béziers France;http://www.chateaudemurviel.com/;Traité
Chambres et Tables d'Hôtes Le Riolet;2 rue de l’Étang 63940 Marsac-en-Livradois France;https://www.leriolet.fr/;Traité
Chambres et tables d'hôtes de la Vallée du Serein;35 Gr Grande Rue 89310 Annay-sur-Serein France;http://valleeduserein.free.fr/;Traité
Chambres et table d'hôtes, Amis Casa Corsica;Ponte Rossu Hameau Canneto Canneto Route de 20218 Canavaggia France;http://www.amiscasacorsica.com/;Traité
Chambres et table d'hôtes Ysalice Merlas;56 Passage de Saint Sixte Hameau de Saint Sixte Le Lac 38620 Merlas France;https://www.ysalice.com/;Traité
Chambres et table d'hôtes;37 Rue du Château 60130 Ravenel France;https://www.chambres-hotes.fr/chambres-hotes_le-temps-d-un-reve_ravenel_h289556.htm;Traité
Chambres d'hôtes-Gîte L'orée du lac;1 Route de Bissey 21330 Marcenay France;;
Chambres d'hôtes, Gîtes et Yourtes Les Etangs;Les Étangs 63950 Saint-Sauves-d'Auvergne France;http://www.gites-les-etangs.fr/;Traité
Chambres d'Hôtes, Gîtes et Villa Domaine de Monda;28 Av. des Pyrénées 65400 Ayzac-Ost France;http://www.domainedemonda.com/;Traité
Chambres d'hôtes, Gîte, Le Chanelou Hautes-Alpes Les Vieilles Pierres du Chanelou;Rue de la Calade 05700 La Piarre France;;
"Chambres d'Hôtes""La Pastourelle"" Royan Centre";6 All. Pastourelle 17200 Royan France;http://www.chambresdhotesroyan.com/;Traité
Chambres d'Hôtes U BARRACONU;Palavesa Route de 20137 Porto-Vecchio France;http://www.barraconu.com/;Traité
Chambres d'hôtes Saint Hubert et gite La Bonbonnière;30-32 Rue Camille Mortier 37110 Saunay France;http://chambres-d-hotes-saint-hubert.fr/;Traité
Chambres d'Hôtes Orée du Bois en Sologne;7 rue Fleur de Lys Orée du Bois en Sologne 41230 Lassay-sur-Croisne France;https://www.oreedubois-sologne.com/;Traité
Chambres d'hôtes Mourguettes;mourguettes 12230 La Couvertoirade France;http://www.mourguettes.com/;Traité
Chambres d'Hôtes Morbihan Manoir Desnachez;7 Rue du Domaine 56800 Taupont France;http://www.manoir-desnachez.com/;Traité
Chambres d'hôtes Monts et Merveilles;105 Rue de Steenvoorde 59270 Godewaersvelde France;http://www.montsetmerveilles59.fr/;Traité
Chambres d'hôtes Mas Allard;689 Rte de Saint-Rémy 13150 Tarascon France;https://masallard.com/;Traité
Chambres d'hôtes Maison Desfougeres - Moulin de Fourges;4 Rue des Fosses 27630 Vexin-sur-Epte France;https://www.moulindefourges.com/;Traité
Chambres d'hôtes L'Instant Suspendu;23 Rue Principale 85310 Le Tablier France;http://l-instant-suspendu.com/;Traité
Chambres d'hôtes Les Roses de Montherlant;12 Rue de Gournay 60790 Saint-Crépin-Ibouvillers France;https://www.booking.com/hotel/fr/les-roses-de-montherlant.fr.html?aid=1769889;Traité
Chambres d'hôtes Les Pesques;31220 Palaminy France;http://www.les-pesques.com/;Traité
Chambres d'hôtes Les Galaines;5 Le Petit Montenat 16500 Abzac France;https://www.lesgalaines.fr/;Traité
Chambres d'hôtes LES DEUX TOURS;177 Chemin de Barthalem Les deux tours 24170 Siorac-en-Périgord France;http://www.lesdeuxtourssiorac.fr/;Traité
Chambres d'hôtes Les Anges De Sigean;1 Rue du Commerce 11130 Sigean France;https://www.lesangesdesigean.fr/;Traité
chambres d'hôtes le vignoble CUCURON;Chem. de la Riaille n°658 84160 Cucuron France;http://www.hebergement-levignoble.com/;Traité
Chambres d'hôtes Le Prieuré;11 All. de Cartagene 35800 Dinard France;;
Chambres d'hôtes Le Prévallon;Le Ravillon 50150 Beauficel France;https://www.leprevallon.com/;Traité
Chambres d'Hôtes le Petit Moulin;12 Les Charrières 85700 Pouzauges France;https://lepetitmoulinpouzauges.com/;Traité
Chambres d'hôtes Le Moulin Juste - Logement Ambierle;387 Le Moulin Juste 42820 Ambierle France;https://urlz.fr/jze0;Traité
Chambres D'hôtes Le Colombier 17120;Le Colombier 17120 Arces France;https://www.chambres-lecolombier-arces.fr/;Traité
Chambres d'hôtes Le Clos du Val - Quibou (Manche / Normandie);1 Le Val 50750 Quibou France;http://www.leclosduval.com/;Traité
Chambres d'hôtes Le Clos des aramons;11 Pl. du Jeu de Ballon 30620 Bernis France;https://www.leclosdesaramons-30.fr/;Traité
Chambres d'hôtes Le Bâtiment;7 Le Bâtiment 37140 Chouzé-sur-Loire France;https://www.chambres-hotes.fr/ch10902;Traité
Chambres d'hôtes La villa des Ducs en Meuse;61 Bd Raymond Poincaré 55000 Bar-le-Duc France;http://www.lavilladesducs.fr/;Traité
Chambres d'hôtes La Tour des Fées;47 Rue de la Montagne 67140 Mittelbergheim France;https://www.latour-desfees.com/;Traité
Chambres d'hôtes La Mouline;La Mouline 46150 Labastide-du-Vert France;http://la-mouline-du-vert.com/;Traité
Chambres D'Hôtes La Minaudière;45 All. de Caphar 79250 Nueil-les-Aubiers France;https://www.la-minaudiere.com/;Traité
Chambres d'hôtes La Métairie;4 La Métairie 22270 Plédéliac France;https://www.lametairiepledeliac.com/;Traité
Chambres d'Hôtes La Maison Rose;36 Rue des Viviers 45390 Puiseaux France;http://lamaisonrose-atypique.com.es/;Traité
Chambres d'hôtes La Libaudière;La Libaudière 85700 Pouzauges France;http://www.chambresdhotesvendee.com/;Traité
Chambres d'Hôtes La Fontaine;15 Chem. de Calmont 12500 Espalion France;;
Chambres d'hôtes La Florentine;5 Pl. Carnot 51800 Florent-en-Argonne France;https://www.chambres-hotes.fr/ch12710;Traité
Chambres d'Hôtes La Ferme Morin La Ronde Fontaine;3 Les Louisots 25140 Fournet-Blancheroche France;http://www.lafermemorin.fr/;Traité
Chambres d'hôtes La Ferme du Grand Launay;4 route de Neuillé Pont Pierre Le Grand Launay 37360 Semblançay France;http://www.legrandlaunay.fr/;Traité
Chambres d'hôtes La Chevrette;Les Devants de Chevrette 37140 Saint-Nicolas-de-Bourgueil France;;
Chambres d'hôtes La Chabertine;1269 Chem. des Chaberts 83136 Garéoult France;https://www.facebook.com/share/1AeY8jrAnk/;Traité
Chambres d'hôtes La Bousquetière et Gîte La Bergerie;1214 Route des Sanières Le Forest Haut 04850 Jausiers France;http://www.labousquetiere.com/;Traité
Chambres d'hôtes La Bellours Cahors;63 Rue Hautesserre 46000 Cahors France;http://www.labellours.fr/;Traité
Chambres d'Hôtes Indre et Loire: la Bihourderie;Rte de Bergeresse 37310 Azay-sur-Indre France;http://www.labihourderie.com/;Traité
Chambres d'hôtes Idiartekoborda;335 idiartekobordako bidea 64430 Saint-Étienne-de-Baïgorry France;http://www.idiartekoborda.com/;Traité
Chambres d'hôtes frossay/le migron;17 Rue de la Roche 44320 Frossay France;http://www.chambres-hotes-de-la-roche.com/;Traité
Chambres d'hôtes et Roulotte - Baie de Somme - La Salicorne -La passe-pierre;24 Rue des Écoles 80230 Pendé France;;
Chambres d'hôtes et gîtes La Buissonnière;33 Rte du Ramey 43800 Vorey France;http://www.buissonniere-auvergne.com/;Traité
Chambres d'hôtes et gîte La Hague Simon Julie;18 Rue du Grand Doué 50440 La Hague France;http://www.gites-hague.fr/;Traité
Chambres d'hôtes du manoir de la Malartrie;Manoir de la Malartrie 24220 Vézac France;http://www.chambresdhotes-lamalartrie.com/;Traité
Chambres d'hôtes du lotus noir - Périgord;365 Chem. de Pechouyoux 24550 Mazeyrolles France;https://lelotusnoir-perigord.fr/;Traité
Chambres d'hôtes du Gros Chêne - Lac du Der;Champagne - Ardenne FR 1 Rue du Chêne 52220 Frampas France;https://www.chambresdhotes-frampas.fr/;Traité
Chambres d'hôtes du Domaine De La Loge;1843 Rte de Poncins 42130 Montverdun France;http://domainedelaloge.eu/;Traité
Chambres d'hôtes Domaine de Lithos;266 Chem. des Janilles 24210 Fossemagne France;http://www.domainedelithos.com/;Traité
chambres d'hôtes De Larouquette;918 CHEMIN DE LAROUQUETTE 47150 Monflanquin France;https://www.chambresdhotesdelarouquette.fr/;Traité
Chambres d'hôtes de la Fontaine à GY L'EVEQUE 89580;2 Rue de la Fontaine 89580 Gy-l'Évêque France;http://www.chambresdegy.com/;Traité
Chambres d'hôtes de Consenvoye.;33 Rue du Port 55110 Consenvoye France;https://www.chambresdhotes-consenvoye.fr/;Traité
Chambres d'hôtes de charme Le domaine de Saint-Thomin;lieu dit 56690 Nostang France;http://ledomainedesaintthomin.com/;Traité
Chambres d'hôtes de Bonnery;Bonnery Domaine de 81200 Caucalières France;https://domaine-de-bonnery.fr/;Traité
"Chambres d'hôtes Cote d'opale ""La Villa Belle""";64 bis Imp. de l'Église 62142 Belle-et-Houllefort France;http://www.lavillabelle.com/;Traité
Chambres d'hôtes CLEROMILO pays basque;Lotissement Le Village 64130 Lichos France;https://stayfr.click/chambres-tes-cleromilo-ycb922;Traité
"Chambres d'hôtes Chez ""Lyly et Juju"" Piscine&Sauna Parking Gratuit";20 Rle des Banchais 49100 Angers France;http://booking.com/hotel/fr/chez-lyly-et-juju.fr.;Traité
Chambres d'hôtes Château La Lagune de Mercey;2215 Rte de Libourne 33240 Saint-André-de-Cubzac France;http://www.chateaulalagunedemercey.fr/;Traité
Chambres d'hôtes Casa San Salvadore;Feo 20212 Favalello France;https://www.casa-san-salvadore.fr/;Traité
chambres d'hôtes CALE 32;32 Rte du Chenal 85160 Saint-Jean-de-Monts France;https://www.cale32.com/;Traité
Chambres d'hôtes Bellavie;17 Rte de Gérardmer 88250 La Bresse France;https://bellavie.fr/;Traité
Chambres d'hôtes avec Jacuzzi - Maine et Loire. Agap'& Morphée.;Pouancé 604 La Fossaie lieu dit 49420 Ombrée d'Anjou France;http://www.agap-et-morphee.fr/;Traité
Chambres d'hôtes AuDoubsMurmure;5 Rue du Val Vert 25500 Les Fins France;http://www.audoubsmurmure.fr/;Traité
Chambres d'hôtes Au creux du Chambon Joyeuse Ardèche;252 Montée de Jamelle 07260 Joyeuse France;http://www.aucreuxduchambon.com/;Traité
Chambres d'hôtes « La Folière »;106 Rue de la Folie 49400 Villebernier France;https://la-foliere.fr/;Traité
Chambres d'hôtes : Les logis de Léa;1298 Route des lacs du Levezou 12620 Saint-Beauzély France;https://leslogisdelea.wixsite.com/my-site;Traité
"Chambres d'hôtes ""Une autre maison""";7 Rue du Chardonnay 39600 Pupillin France;https://www.une-autre-maison.fr/;Traité
"Chambres d'hôtes ""Les Sentiers de La Brême""- UCHON-";La Brême 71190 Uchon France;https://www.lessentiersdelabreme-uchon.fr/;Traité
"Chambres d'hôtes ""Les Forges d'Enfalits""";9 Chemin d'Enfalits 09400 Rabat-les-Trois-Seigneurs France;https://chambre-dhote-gite-ariege.com/;Traité
"Chambres d'hôtes ""Le Relais""";9 La Poste S 87160 Arnac-la-Poste France;https://www.holiduhost.com/d/68760707?currency=EUR&locale=fr-FR&salesChannelId=HOLIDU_HOST_WEBSITE&colorPrimary=%23024251&colorPrimaryDark=%23003644&colorCTA=%2300809D&colorCTAActive=%2300728f&colorCTAText=%23FFFFFF&title=Chambres+d%27H%C3%B4tes+Le+Relais&ccons=MTc3OTExNDYzNzA1NDoxMTE%3D&ctx=cd5a942a-1bdd-4e99-942c-243f76372840;Traité
"Chambres d'hôtes ""Chez Thierry""";Espace commercial du Mail (en face le numéro 10 Av. du Général Trouchaud 30220 Saint-Laurent-d'Aigouze France;http://www.chambreschezthierry.com/;Traité
"Chambres d'hôtes ""Au chant des oiseaux"" chalets privés mésange & rouge gorge / Pizza au feu de bois";248 impasse des Prats longs 82330 Varen France;https://au-chant-des-oiseaux.holiduhost.com/;Traité
"Chambres d'hôtes "" ô calme """;85 Av. de Cognac 17770 Brizambourg France;;
Chambres d'hôtes - Saint Patrice de Claids;23 La Guerrie 50190 Saint-Patrice-de-Claids France;;
Chambres d'Hôtes - Le Jardin de Quercus;9 Rue des Forges 35560 Bazouges-la-Pérouse France;https://maison-dhotes-jardin-quercus.com/;Traité
Chambres d'Hôtes - Le Castellas du Pic Saint Loup;29 Chem. Neuf 34270 Saint-Mathieu-de-Tréviers France;https://au-castellas.fr/;Traité
Chambres d'hôtes - Ile du Saule;Chemin de l’île du saule Rte de Tours 49400 Saumur France;http://www.iledusaule.com/;Traité
Chambres d'hôte Touraine : Le Clos Marie;27 Rte des Bourges 37130 Langeais France;http://www.leclosmarie.eu/;Traité
Chambres d'hôte - sauna - bain nordique La Linoterie;54 RN du Plouy 62142 Colembert France;https://www.lalinoterie.fr/;Traité
Chambres d’hôtes Odonatura;10 Le Rouillé lieu dit 61250 Saint-Nicolas-des-Bois France;https://odonatura.wixsite.com/my-site-1;Traité
Chambres d’hôtes Les Garçons;495 Bd du Comtat Venaissin 84260 Sarrians France;https://recommendedbypedro.com/chambre-d-hote-les-garcons-france;Traité
Chambres d’hôtes La Bergerie;Rte de Moyaux 14130 Saint-Philbert-des-Champs France;https://bergerie-pays-dauge.com/;Traité
Chambres d’hôtes et gîtes Lou Castet de Lussolle - 40240;2 Route de Bourriot 40240 Losse France;http://www.loucastetdelussolle.com/;Traité
Chambres d’hôtes Domaine de Montloue;Quimperlé FR 2 Purit 29300 Mellac France;http://www.domainedemontloue.com/;Traité
Chambres D’hôtes de charme Essonne Evry | Marquise Barbot Maison d'hôtes Evry;7 Av. de Beauvoir 91000 Évry-Courcouronnes France;http://www.marquise-barbot.fr/;Traité
Chambres d’hôtes Bourgogne Château de Longecourt;2 A Rue du Château 21110 Longecourt-en-Plaine France;https://www.chateaudelongecourt.com/;Traité
Chambres d' hôtes le refuge;468 Chemin Des Immouladous 84550 Mornas France;https://www.le-refuge.fr/;Traité
Chambres d' hôtes Des doux géants;222 Rte de Montaigu 47370 Anthé France;;
Chambres d hôtes d'Elice à Lunéville, ferme de la fourasse;Ferme de la petite Fourasse 54300 Lunéville France;;
chambres d hôtes & gîte chez Judy;Chez Judy lieu dit 42410 Pélussin France;http://www.chambreshotes-chezjudy.com/;Traité
Chambre et Table d'hôte La Gare d'Aurensan;1858 Route de Lembeye 32400 Aurensan France;http://www.lagare-aurensan.fr/;Traité
Chambre d'hôtes Villa Chrisama Flayosc;538 Chem. du Stade 83780 Flayosc France;https://www.chambre-hotes-villachrisama.com/;Traité
Chambre d'hôtes Trip'n Touille;Chem. de Plainchassagne 71120 Vendenesse-lès-Charolles France;https://tripntouille.com/;Traité
Chambre d'hôtes Saint-Aygulf - La Calanque du Boucharel - Location appartement;476 Av. du Petit Verdon 83370 Fréjus France;http://www.lacalanqueduboucharel.fr/;Traité
Chambre d'hôtes Pierres et Lavandes;26 impasse des Levades 30340 Rousson France;https://pierresetlavandes.com/;Traité
Chambre d'hôtes Madame;375 Rte du Bourg 71500 Branges France;https://www.chambredhotemadame-branges.fr/;Traité
Chambre d'hôtes Les Gabriolleries;2 Les Gabriolleries 50200 Courcy France;http://www.lesgabriolleries.fr/;Traité
Chambre d'hôtes Les cents ciels;40 Rue des Puits 07150 Salavas France;http://les-cent-ciels-ardeche.com/;Traité
Chambre d'hôtes les Bambous;60 Av. Jean Jaurès 24290 Montignac-Lascaux France;https://homefr.click/chambre-tes-bambous-dkyaan;Traité
Chambre d'hôtes Le Moulin Rénové;7 La Croix 71320 La Boulaye France;http://www.le-moulin-renove.eu/;Traité
Chambre d'hôtes LE LION D'OR;256 Grande Rue 01240 Marlieux France;http://www.leliondor-gite-marlieux.com/;Traité
Chambre d'Hôtes Le Château des Tourelles proche Les Herbiers et Les Epesses (Puy du Fou);18 Rue de la Frerie 85130 La Gaubretière France;http://www.lechateaudestourellesenvendee.com/?utm_source=gmb;Traité
Chambre d'hôtes Lavandaline à Entrecasteaux;Montée Notre Dame Route de Cotignac 83570 Entrecasteaux France;http://www.lavandaline.fr/;Traité
Chambre d'Hôtes l'Alcôve du Velay;9 All. de Bompart 43000 Polignac France;http://alcoveduvelaychambrehote.fr/;Traité
Chambre d'Hôtes La Rossillonie;Tral Pech 24220 Beynac-et-Cazenac France;https://rossillonie.beynacrentals.com/;Traité
Chambre d'hôtes la Mesonnetta;Lieu dit 13 Rue des Maisonneuves 17250 Soulignonne France;http://mesonnetta17.canalblog.com/;Traité
Chambre d'hôtes La Balade des Marais;5 Kertitry 44350 Saint-Molf France;http://www.labaladedesmarais.com/;Traité
Chambre d'hôtes et table d'hôtes les Champs Français;1 Rue des Champs Français 14240 Caumont-sur-Aure France;https://www.booking.com/hotel/fr/les-champs-franassais.fr.html;Traité
Chambre d'hôtes et table d'hôtes en Dordogne: Au Pays de Jacquou;Chemin de Jacquou Lieu-dit Bonneval 24210 Fossemagne France;https://www.aupaysdejacquou.com/;Traité
Chambre d'hôtes Écrin de lumière;270 Chem. du Bord de Labour 24140 Campsegret France;https://guest.chateau-ecrindelumiere.com/fr/;Traité
Chambre d'hôtes du Cherche Midi, entre Nîmes, le Pont du Gard, Uzès, Arles;29 Rue de Moules 30320 Marguerittes France;https://www.cherchemidi.fr/;Traité
Chambre d'hôtes de vieux la romaine;2 Rte d'Esquay Notre Dame 14930 Vieux France;;
Chambre d'hôtes dans les Vosges - La Maison VJM;215 Rue des Chênes 88470 Saint-Michel-sur-Meurthe France;https://maisonvjm.fr/;Traité
Chambre d'hôtes Casa la Rosa;8 Rue du Montceau 91720 Courdimanche-sur-Essonne France;http://www.casalarosa.fr/;Traité
Chambre d'Hôtes CARPE DIEM;15 Rue Grand Rue 86310 Saint-Savin France;;
Chambre d'hôtes à TOUL centre ville avec parking privé;rez-de-chaussée 17 Rue Général Gengoult rue du 54200 Toul France;;
Chambre d'hôtes à CHAULGNES;9 Imp. de Monteigneux 58400 Chaulgnes France;https://chez-leon.wixsite.com/chez-leon;Traité
Chambre d'hôtes “Il était une fois” dans la Maison Sévigné;3 Rue de l'Horloge 71140 Bourbon-Lancy France;https://www.tourismecharolaisbrionnais.fr/chambres-d-hotes/chambre-d-hotes-il-etait-une-fois--HLOBFC000V50LACZ.html;Traité
Chambre d'hôtes : Yeu Autrement;21 Chem. de Ker Pacaud 85350 L'Île-d'Yeu France;http://www.iledyeuautrement.fr/;Traité
"Chambre d'hôtes ""COQUELICOT""";48Bis Rue de la Dessous 80240 Nurlu France;https://coquelicot.com.es/;Traité
Chambre d'hôtes - La Maison Salée;29 Rue Jacques Moreau 85460 L'Aiguillon-la-Presqu'île France;http://lamaisonsalee.jimdo.com/;Traité
Chambre d'hôtes - La maison dans les bois;16 Rte des Clos du Vau 49140 Rives-du-Loir-en-Anjou France;http://lamaisondanslesbois49.fr/;Traité
Chambre d'hôte fleur de soleil;4 Chem. Paul Albert Besnard 76280 Saint-Jouin-Bruneval France;http://hote-fleur-de-soleil.com.es/;Traité
Chambre d'hôte en Provence Les Coquelicots;431 Chem. des Mays 84240 La Tour-d'Aigues France;https://www.chambrecoquelicot.com/;Traité
Chambre d'hôte Au prieuré saint Jean;12360 Camarès France;;
"Chambre d'hôte "" HAVRE DE PAIX "" Location propriété de prestige et havre de paix Cannes Mougins";1083 Chem. du Camp Lauvas 06250 Mougins France;http://www.rental-prestige-cannes-mougins.com/;Traité
Chambre d’hôtes proche Montauban-Tiny house Dolce Vita;16 Rue de la Font Basse 82130 Lafrançaise France;https://www.lescabanesded.fr/;Traité
Chambre d’hôtes La Part Des Anges - Alsace du Nord;17 Imp. de la Forêt 67480 Forstfeld France;http://www.lapartdesanges-forstfeld.com/;Traité
Chambre d’hôte La Croisée;326 Imp. de la Croisée 01090 Guéreins France;;
Chambre d’hôte de charme Villa S. Hébergement courte durée/nuit/semaine;7 Rue du Labour 68100 Mulhouse France;https://www.booking.com/Pulse-2cez1L;Traité
"Chambre d’Hôte "" La Maison Du Bonheur""";23 Rue du 8 Mai 1945 91250 Saintry-sur-Seine France;https://www.maisondhote-lamaisondubonheur-91250.fr/;Traité
Casa Sana Maison d'hôtes Gite et hébergement insolite écolo proche Périgord dans la campagne Charentaise sud;4 Chem. de la Massonnerie 16390 Pillac France;http://www.hebergementcasasana.com/;Traité
Casa ilicia - B&B Chambres d'Hôtes Canigou;7 Carrer del Moli de l'Oli 66500 Eus France;http://ilicia.fr/;Traité
Casa di l'Oru Chambres d'hôtes Porto Vecchio;ldt taglio di mezzo 20137 Porto-Vecchio France;https://www.casadiloru.fr/;Traité
Carpediem Corsica Chambres d'Hôtes, Espace Bien Etre. Etablissement adulte only;Monticelli 20232 Poggio-d'Oletta France;http://www.carpediem-corsica.fr/;Traité
Carpe Diem Tolosa : Chambres d'hôtes et gîte;9 bis Chem. de Gojousse 31320 Vieille-Toulouse France;https://carpediemtolosa.com/;Traité
Carpe Diem Sélestat - Chambres d'hôtes : Jacuzzi, hammam, billard, grand jardin, parking securisé. Alsace, Europapark;9 Rte de Kintzheim 67600 Sélestat France;https://www.carpediem.alsace/;Traité
Bastide Saint Esteve Chambres d’hôtes location Maison de vacances Var Provence;Hameau Chateau Saint-Estève 83119 Brue-Auriac France;http://www.bastidesaintesteve.com/;Traité
B&B Manoir de la Fabrègues - Chambres d'hôtes & gîte;Le Manoir de la Fabrègues La Fabrègue 180 route des vignes 12190 Estaing France;http://www.novaresa.net/fr/france/35540-estaing.html;Traité
Aux Hôtes de Guy le Rouge;73 Rue Guy le Rouge 78730 Rochefort-en-Yvelines France;http://www.auxhotesdeguylerouge.com/;Traité
Aux Châtaigniers Chambres D'hôtes Et Gîtes;32 Rue des Bruyères 33210 Langon France;http://www.auxchataigniers-langon.fr/?utm_source=gmb;Traité
Aux Bories de Marquay, chambre d'hôtes de charme en Dordogne près de Sarlat;La Bouyerie 254 Rte de la Bouyerie 24620 Marquay France;https://www.auxboriesmarquay.fr/;Traité
Auberge Les Voûtes - Chambres d'Hôtes, Restaurant et Pizzeria à Lanas - Relais Motards Ardèche;150 Rue Principale 07200 Lanas France;https://www.lesvoutes.com/;Traité
Au Vieux Château-Chambres d'hôtes de charme /Domaine privatisable /Séminaire /Événement /Mariage (60 Oise - 1h Paris);6 Pl. des Tilleuls 60390 Les Hauts-Talican France;http://www.auvieuxchateau.com/;Traité
au septième: maison d'hôtes écologique / photographie;5 Lonjou 56630 Langonnet France;https://au-septieme.fr/;Traité
Au Repos de la Licorne - Chambre d'hôte et table d'hôte;1130 Rue du Sarloton 59144 Gommegnies France;https://aureposdelalicorne.fr/;Traité
Au Lavoir du Serein (Chambres et table d'hôtes);Franche-Comté FR 40 Chem. du Serein 39210 Arlay France;https://www.aulavoirduserein.com/fr;Traité
Au coeur de NUITS - Chambres d’hôtes - Gîte - B&B;4 Rue Thurot 21700 Nuits-Saint-Georges France;http://aucoeurdenuits.fr/;Traité
Au Chat Verrier - Chambre d'hôtes;33 Rue de la Souricière 77167 Bagneaux-sur-Loing France;https://www.auchatverrier.com/;Traité
Au calme absolu - Logement insolite | Chambre d'hôtes 89 Bourgogne;12 Rue du Pré Long 89240 Lindry France;https://aucalmeabsolu-chambre-hote.fr/;Traité
Ar Gwennili Chambres d'hôtes Saint-Amant de Nouère;40 Rue des Hirondelles 16170 Saint-Amant-de-Nouère France;https://ar-gwennili.fr/;Traité
AMO'HÔTES;5 bis Rue des Lauriers 44840 Les Sorinières France;;
Alamaisondesophie chambre d'hôtes & Jacuzzi Privatisé;5 Rte de Pézenas 34150 Gignac France;http://alamaisondesophie.jimdofree.com/;Traité
Abitarela - Maison d'Hôtes - B&B;7 Rue nationale 11130 Sigean France;http://abitarela.fr/;Traité
A l'OREE DU PIN - Chambres d'hôtes Aix en Provence;2220 Rte de Puyricard 13540 Aix-en-Provence France;https://www.aloreedupin.com/reservations-contact/;Traité
À l'Ombre des Amandiers - Chambres d'hôtes;245 Chem. du Grand Clos 07700 Saint-Martin-d'Ardèche France;http://alombredesamandiers.com/?utm_source=google&utm_medium=wix_google_business_profile&utm_campaign=2476208084408104707;Traité
A l'Ombre d'Azay - Demeure d'Hôtes - GuestHouse;47 Rue nationale 37190 Azay-le-Rideau France;http://www.alombredazay.fr/;Traité
1040 Tourmalet – Gîtes & Chambres d’hôtes;1040 Rte du Tourmalet 65120 Betpouey France;https://1040tourmalet.fr/;Traité
Rive Gauche Chambres d'Hôtes;49630 Mazé-Milon France;;
Au cœur des Lacs Chambres d'hôtes;25 Rue des 3 Maisons 88400 Gérardmer France;https://aucoeurdeslacs.com/;Traité
Vita Forme;96 Rte de Corbeil 91700 Sainte-Geneviève-des-Bois France;;
Spa by Belaroïa;27 Rue Jules Ferry Hôtel Belaroïa 34000 Montpellier France;https://belaroia.fr/le-spa/;Traité
Spa Douceur Natur'elle;8 Chem. de Creveney 70240 Saulx France;;
Baby spa by stéfye;111 Rte de Tiragon 06370 Mouans-Sartoux France;http://www.babyspabystefye.com/;Traité
BabyBou SPA;16 Rue du Gén Leclerc 67114 Eschau France;https://www.instagram.com/babybou.spa;Traité
Bambinospa - Spa Bébé & Enfant à Grenoble (Baby Spa - Jacuzzi bébé & enfant - Thalasso bébé & enfant));59 Pl. de la Croix de la Vue 38560 Jarrie France;https://bambinospa.fr/;Traité
Spa Le Burgundy by Susanne Kaufmann;6-8 Rue Duphot 75001 Paris France;https://shorturl.at/NIuQv;Traité
Spa Le Rouge et le Noir - Hôtel Littéraire Stendhal;56 Pl. Mgr Ruch 54000 Nancy France;https://www.hotel-litteraire-stendhal.com/fr/spa;Traité
Ploof;675 Rue de la Génoise 16430 Champniers France;;
MARBELLA PISCINES ET SPAS LRSY;ZAC Sud Avenue 1 Rte de la Tranche 85000 La Roche-sur-Yon France;http://www.piscinesmarbella.com/;Traité
Delongeas Spa & Energies;105 Rte de Limoges 24420 Antonne-et-Trigonant France;;
Sanishop Jacuzzi®;40 Rue du Quesnoy 59300 Valenciennes France;http://www.sanishop-jacuzzi.fr/;Traité
Family Center;Le Lac Chambon 63790 Chambon-sur-Lac France;http://www.familycenter.fr/;Traité
Val Fontaine - Val Cenis;Chem. des Crueux 73480 Val-Cenis France;https://www.valfontaine.com/;Traité
Loft private Spa;15 Rue Albert Ricquier 59310 Beuvry-la-Forêt France;https://www.loft-private-spa.com/;Traité
Bulles d'Inaya;113 Rue Jean Jaurès 01750 Saint-Laurent-sur-Saône France;https://www.facebook.com/profile.php?id=100073654103903;Traité
Les Sens des Cimes - Massages - Spa Valloire;202 Rue des Boriots 73450 Valloire France;http://www.les-sens-des-cimes.com/;Traité
Spa Sothys au Grand Pavillon Chantilly;4 Rte de Senlis 60500 Vineuil-Saint-Firmin France;https://legrandpavillonchantilly.com/fr/spa-sothys-chantilly.html;Traité
Alpes Spa;403 Chem. de Collaboeuf 38760 Saint-Paul-de-Varces France;http://www.alpes-spa.com/;Traité
SPA Le Christiana;1886 Rte de Briançon 05240 La Salle-les-Alpes France;;
Les Bains du Raveton;31 Rue de l'Église 77910 Varreddes France;https://www.facebook.com/groups/487432532500983;Traité
Ô des Cimes Spas d'Altitude La Reine des prés;132 Route du Grand Massif 74340 Samoëns France;http://www.odescimes.com/fr/spas/la-reine-des-pres-1013;Traité
Les Sources de Tronçais - Institut / Massage Bien Être / Spa;12 Rue Saint-Hubert 03360 Saint-Bonnet-Tronçais France;https://lessourcesdetroncais03.com/;Traité
SPA PRESTIGE;136 Bd Robert Ballanger 93420 Villepinte France;;
Bulle D'un Soir Alsace;11 Av. Louis Pasteur 67600 Sélestat France;http://www.bulledunsoiralsace.com/;Traité
Aloa Spa;63 Av. du Maréchal de Lattre de Tassigny 59350 Saint-André-lez-Lille France;;
Spa Montagnes du Monde® : Résidence Amaya - MGM Hôtels & Résidences;730 Rte de la Forêt 73270 Villard-sur-Doron France;https://www.mgm-hotels-residences.com/fr/spa-montagnes-du-monder-amaya;Traité
Sant Roch;4 Rue Saint-Roch 75001 Paris France;https://sant-roch.com/;Traité
FIVE SPA PRIVATIF;205 Rue Clemenceau 59139 Wattignies France;https://www.five-spa-privatif.fr/;Traité
Auspadore jacuzzi Nord Denain;82 Rue Pierre Neve 59220 Denain France;https://auspadore.fr/;Traité
Estrela SPA;855 Rue Edouard Vaillant 59690 Vieux-Condé France;http://estrela-spa.eatbu.com/;Traité
Le Spa at Grand-Hôtel du Cap-Ferrat;71 Bd du Général de Gaulle 06230 Saint-Jean-Cap-Ferrat France;https://www.fourseasons.com/capferrat/spa/?utm_source=google&utm_medium=organicsearch&utm_campaign=tor-ghf-spa-mid-seo-na&utm_content=na-na&utm_term=na;Traité
Spacéo;Rue du N 59840 Pérenchies France;https://spaceo-perenchies.fr/;Traité
Sauna Hammam Pergola Spas Piscine;Rue du Saulcy 54300 Moncel-lès-Lunéville France;;
Spa Day Event;36 Rue Lavoisier 59790 Ronchin France;https://www.spadayevent.com/providers-category/location-jacuzzi-spa/;Traité
Idéal Piscine et Spa - Jacuzzi®;All. de la Lavande 83160 La Valette-du-Var France;https://www.jacuzzi-var83.fr/;Traité
Latitude Cocoon;Chem. des Rimets 26190 Saint-Jean-en-Royans France;https://latitudecocoon.wixsite.com/massages;Traité
Spa du Clos du Cèdre;17 Rte de Paris 41100 Saint-Ouen France;https://www.planity.com/le-spa-du-clos-du-cedre-41100-saint-ouen;Traité
Surrenne Riviera;1551 Rte de la Turbie 06190 Roquebrune-Cap-Martin France;https://www.maybourneriviera.com/surrenne-riviera/;Traité
Technic spa;340 Le Peyrou 07200 Vesseaux France;http://technic-spa07.fr/;Traité
Ceven'spa'concept;Le Route de Ganges Pont de la Croix 30120 Le Vigan France;https://www.sudcevennes.com/commerces-services/6004643_cevenspa/;Traité
La Maison Spa;Cours N° 14 94520 Mandres-les-Roses France;http://www.lamaisonspa.fr/;Traité
"Spa ""Fée-moi Rêver"" by Garancia";478 Rte du Bois du Breuil 14600 Pennedepie France;https://jardins-coppelia.com/fr/spa-garancia.html;Traité
Le Nature Spa;7 Rue de la Durance 04290 Volonne France;https://www.l-hippocampe.com/nature-spa/;Traité
Maple Spa - Piscine Atlantique;3 allee de la briqueterie 17110 Saint-Georges-de-Didonne France;https://maple-spa.com/;Traité
Spa La Rotonde;550 Rte du Club 05220 Le Monêtier-les-Bains France;https://lesgrandsbainsdumonetier.fr/;Traité
Swim Evasion;18 All. du Clos d'Origny 91300 Massy France;https://www.swimmy.fr/l/spa-de-nage-privatif-chauffe-detente-et-sport-en-toute-intimite/67cf6b80-2f31-448b-b53c-84158c99feff?share=true;Traité
Les Ô Tortes;;https://www.lesotortes.fr/;Traité
PARADISE SPA;;https://paradisespa.fr/;Traité
5 Eléments Spa Marrakech;Quartier la kasbah 71 derb el baghala Marrakech 40000 Maroc;http://www.5elements-spa.com/;Traité
Agadir Spa Hammam and Massage;App 4 Agadir 80000 Maroc;https://agadirmassage.ma/;Traité
Alia Spa & Beauty;26 Av. Omar Benjelloun Tétouan Maroc;;
ALL LADIES;Route du golf galerie andalucia Nr 50 50 Tanger 90000 Maroc;;
Alshmokh Beauty Centre;Laayoune 70000;;
AMAROK : Spa & Massage - AGADIR;Imm Bader N 57 Agadir 80000 Maroc;http://www.amarokspa.ma/;Traité
aqua spa;bloc central C2 RDC complexe dawliz Meknès 50000 Maroc;http://aquaspa.ma/;Traité
Arij : Institut de Beauté & Spa;296V+F6J Rue Annakhil Settat Maroc;;
Arrayan : HAMMAM SPA & INSTITUT DE BEAUTÉ;Lotissement Qods - Route de Marrakech 24000 Maroc;;
Aura Glow Center;Av 30 afrag Tiznit 85000 Maroc;https://aura-glow-center.lovable.app/;Traité
Azur Art & Spa;ben Walid 15 Rue Khalid Ibn Oualid Essaouira 44000 Maroc;http://www.azur-spa-essaouira.com/;Traité
Bangkok Spa Beauty And Massage Center;imm 1 5 Rue de Damas Kénitra Maroc;http://www.bangkokspabeautycenter.com/;Traité
Basalte : Spa & Massage;Tanger Maroc;;
Benjallal SPA;N°1 Angle rue Yaacoub el mansour et Rue Moulay Abdelhafid Kénitra Maroc;https://www.facebook.com/BenjallalSPA/;Traité
Best SPA Tanger;20 Rue Antaki Tanger 90060 Maroc;;
Body and Mind Spa;Rue Rajaa Témara Maroc;;
British House Center Club;Taza Maroc;;
Cap Silhouette Parc Spa & Massage;4ème etg N°26 kamal park center imm B Mohammédia 28820 Maroc;;
center spa blue;N 1052 MAG-4 RIAD ISMAILIA 1 TR/E 50050 Meknès 50050 Maroc;;
CENTRE AL HIKMA;311 lotissement maghrib arabi d quartier maghrib arabi n 1 KENITRA Kénitra Maroc;;
Centre Beauté ASMAA SPA;côté de El MENARA Khouribga 25000 Maroc;;
Centre de Thalassothérapie Agadir;RIU TIkIDA BEACH Agadir 80000 Maroc;http://tikidathalassospa.com/;Traité
Centre Dream PH Asian Spa;11 Rue Badr Assayab Casablanca 20250 Maroc;https://www.centredeamph.com/;Traité
Cocoon Spa;F9GV+36J Bouskoura Maroc;;
Coin Homme / Spa Massage Tanger;Immeuble MAISSIL 35 Rue Al Mansour Eddahbi Tanger 90000 Maroc;https://web.facebook.com/spa.massage.tanger;Traité
Conrad SPA;Rabat 12040 Maroc;https://www.hilton.com/en/hotels/rbacici-conrad-rabat-arzana/spa/;Traité
Cristal spa Tanger;ap.G? L mouna? lt . 42 et . RDC Tangier 90000 Maroc;https://cristalspa.netlify.app/;Traité
Détente Orientale;appt n°2? 68 Rue Oued Moulouya Rabat Maroc;;
Diamond v spa;Blvd 24 November 1975 Laayoune 70003;;
Dich Beauty Center;Hammam Dich Laayoune 70000;;
DOLY SPA;sable d'or 12040 quartier tito en face de l'hôtel la Felouque Harhouha 10 Rue Témara Maroc;;
eden spa parc;Parc Résidence Eden Parc Mohammédia Maroc;;
Empire zen spa;Rue Antaki Tanger 90000 Maroc;http://empirezenspa.com/;Traité
Fairmont Spa;Palais Tazi Ksar Al Mandoub Jamaa Mokrae Tangier 90000 Maroc;https://spa.accor.com/en/hotels/B6A9;Traité
Fairmont Spa La Marina Rabat-Salé;Av. de Fès Salé Maroc;https://www.fairmont.com/rabat/spa/property-spa-detail/;Traité
Glamour Villa Spa;O Lot Bloc 10 Av. Annakhil Rabat 10000 Maroc;https://glamourvillaspa.com/;Traité
Golden spa prestige;VM32+F27 Fnideq Maroc;;
GOLDEN TIME SPA;3 Rue Mohamed Diouri Essaouira Maroc;https://spagoldentime.blogspot.com/;Traité
Hamam Alia ???? ?????;????? ????? Safi 11000 Maroc;;
Hammam & Spa Torgan;Hjar Laaroussa N?20 route de sebta Pres de Marjane tetouan? 93000 Maroc;;
hammam annasr;Lotissement haj tahr Deroua Maroc;;
Hammam L'Océan;18 Rue Bandoeng Rabat Maroc;;
Hammam Rosa Bonheur;N° 35 Derb El Arsa Marrakesh 40000 Maroc;https://www.hammamrosabonheur.com/;Traité
Hammam Sara;RWJG+FPW Khémisset Maroc;;
Hammam Turc & Spa Lombardia;Khouribga Maroc;https://www.instagram.com/centre_fitness_lombardia?igsh=cnc1N2Q2eGJla2p6&utm_source=qr;Traité
Hammam Turc Al Falah;Bd de Riyad Mohammédia Maroc;;
Hammam Ziani;14 Rue Riad Zitoun el Jdid Marrakesh 40000 Maroc;http://www.hammamziani.ma/;Traité
Hanane Center - Spa & Hammam;1er étage N°2? Bloc F? IMM El Ghandouri rue yougoslavie Marrakesh 40000 Maroc;https://www.hananecenter.com/;Traité
Happy Sens Spa Rabat;Rabat 10000 Maroc;https://www.instagram.com/happysenssarl;Traité
Havana beauty spa;bureau 9 Immeuble nour Rue Maamora Kénitra Maroc;http://www.havana-spa.ma/;Traité
Head Water Massage & Spa Tetouan Morocco;5 ème étage  numero 17 Residence hania1 Av. des Forces Armées Royales Tetouan Maroc;https://www.instagram.com/headspa_massage_tetouan/;Traité
HERITAGE SPA 40;40 Arset Aouzal Marrakesh 40000 Maroc;https://www.heritagespamarrakech.com/;Traité
Hermosa Spa Kénitra;N° 03 Lot Haddada Imm 2143 Kénitra 14000 Maroc;http://www.instagram.com/hermosaspa.ma;Traité
imperial-hammam-spa;imm californie Bd Al Khansae Témara 12040 Maroc;https://www.instagram.com/imperial_hammam_spa/?utm_medium=copy_link;Traité
Institut Sawadi;1er Etage Immeuble Aluma 27 Rue Nassih Eddine Casablanca 20000 Maroc;https://new-sawadi.com/;Traité
Itrane Spa;NR 41bis Rue Omar Ben Jalloun Hay Riad Essalam Agadir 80000 Maroc Agadir 80000 Maroc;;
IZIL SPA TANGER;residence tajmil 5 Rue Abi Dardae Tanger 90000 Maroc;https://izilspa.com/;Traité
Jasmin'Spa;19 Bd Moulay Rachid Casablanca 20000 Maroc;https://www.lecasablanca-hotel.com/fr/jasmin-spa;Traité
Jinane Beaute Spa;Bd My Youssef Residence La Corniche D'Or Imm A Mag A1 Mohammedia Maroc;;
Joudy Beauty Spa Harhoura;NUMERO 4 RESIDENCE RIAD ALBAHR Témara 12040 Maroc;https://joudybeautyspa.com/;Traité
Just Lady's;résidence al manzil al jadid Rue el Ikhaa Marrakesh 40000 Maroc;http://www.justladys.com/;Traité
Karisma Spa;KAMAL 2 Bloc B Num 462 Settat 26000 Maroc;;
Kenso spa homme;N DERRIÈRE BANK Al Maghreb 94 QUARTIER WILAYA ASSOU BASSELLAM 10b Rue 1 Tetouan Maroc;https://kenso-hammam-spa.pages.dev/;Traité
Kenzispa;Rue Mimousa Tanger 90060 Maroc;;
L’Escale de Beauté SPA et Bien-être;Villa n° 456 Secteur 2 Avenue El Atlas Salé 11030 Maroc;http://lescaledebeaute.ma/;Traité
La Belle Dame Spa;44 rue moulay ali cherif Av. Moulay Hassan Rabat 11000 Maroc;;
La Casa Beauty Center;En Face Marché Bab Aglou Oubihi Tiznit 85000 Maroc;https://lacasabeautycenter.com/;Traité
La Petite Perle de Bien-être Massage Hammam Casablanca;1 angle Nakhla et Prince Moulay Abdellah 2 ème étage N° 3 Casablanca 20000 Maroc;https://lapetite-perle-spa.com/;Traité
Lamsa Lounge Hammam-Spa-Salon Réservé aux Femmes;4 Rue Ibn Tammam Kénitra 14000 Maroc;;
Lamydior spa;110 boulevard sultane moulay Rue Sidi Mohamed? Berkane 63300 Maroc;;
Layth Spa;G67H+962 Rue Ibn Rochd Essaouira Maroc;;
Le bain de Kasbah Marrakech;near the Saadian Tombs My Yazid Derb El Hammam Marrakech 40040 Maroc;http://www.lebaindekasbah.com/;Traité
Le Boudoir Oriental Agadir - Luxury SPA;N. 32 Résidence Essa 32 Ave Abderrahim Bouabid Agadir 80000 Maroc;http://www.leboudoirorientalagadir.com/;Traité
Le Bristol Spa;Résidence Idessia Rue Cordoue Tangier 90040 Maroc;https://instagram.com/lebristolspatanger?igshid=YmMyMTA2M2Y=;Traité
Le Jardin d'Orient - Hammam & Health Spa;1 rue du Jardin d'Orient Mirleft 85352 Maroc;;
Le Spa at Four Seasons Hotel Casablanca;Boulevard de la Corniche Casablanca 20050 Maroc;https://www.fourseasons.com/casablanca/spa/?utm_source=google&utm_medium=organicsearch&utm_campaign=tor-cbl-spa-mid-seo-na&utm_content=na-na&utm_term=na;Traité
Le Spa de La Tour Hassan Palace;26 B.P. 14 Av. Chellah Rabat 10000 Maroc;https://tourhassanpalace.com/bien_etre/spa/;Traité
Lerac HD Beauty & Spa Centre;N° 20 Lerac Rue A Settat Maroc;;
Les Bains Almaha SPA;55 derb ben zina la kasbah Marrakech 40000 Maroc;https://almahamarrakech.com/spa/;Traité
Les Bains Amani;12 Derb El Miter Fès 30000 Maroc;http://www.palaisamani.com/wellbeing;Traité
Les Bains d'Agadir;N? 30 Rue 481 Agadir 80000 Maroc;https://lesbainsdagadir.com/;Traité
Les Bains d'Andalous;résidence Oasis? Immeuble Oasis? 203 N7 Marrakesh 40000 Maroc;https://lesbainsdandalous.com/;Traité
Les Bains de l'Alhambra Marrakech;kasbah de Marrakech 9 Derb Rahala Rd Marrakesh 40000 Maroc;http://www.lesbainsdelalhambra-marrakech.com/;Traité
Les Bains De Marrakech;Bab Agnaou 2 Derb Sedra Marrakech 40000 Maroc;https://www.lesbainsdemarrakech.com/;Traité
Les Bains D'Orient Marrakech;214 Arset Aouzal Rd Marrakesh 40030 Maroc;http://www.les-bains-dorient.com/;Traité
Les Bains Du Lotus Perle;200 Arset Aouzal Rd Marrakesh 40000 Maroc;http://www.lesbainsdulotus.com/;Traité
Les Jardins SPA;Club house Prestigia Golf City Bouskoura 27182 Maroc;http://www.lesjardinsspaclub.com/;Traité
L'Escapade Toulousaine;N2 Plage Jouara Skhirat 12050 Maroc;https://www.facebook.com/Lescapadetoulousaine/;Traité
Lilian's Spa;N 1425 avenue abdelkrim Témara 12040 Maroc;https://www.instagram.com/lilians_spa_wifaq?igsh=MWRxdTljZGxpcXExNA==;Traité
L'Orienthaï Spa;5 Rue Tariq Bnou Ziad Marrakech 40000 Maroc;http://lorienthai.com/;Traité
Lotus Beauty Center : Coiffure & Esthétique;Résidence Khadija Oum mominin 23 Av. Chakib Arsalane Kénitra 14000 Maroc;;
LOTUS SPA;IMM 24 N1 Rue Dakar Meknes 50000 Maroc;https://instagram.com/lotus_spa_meknes;Traité
Maison Eve Spa;W3GC+J3H wifak Rue Rajaa Témara Maroc;https://www.instagram.com/maison_eve_spa?igsh=NGNnZWNlb2pnd29u;Traité
Marajah SPA;Galerie Las Torres de Majorelle Av. Yacoub El Mansour Marrakech 40000 Maroc;http://marajahspa.com/;Traité
Mary Joya Salon & Spa;Saramika Rte de Ceuta Fnideq Maroc;;
Massage Agadir Spa (SPA Istanbul);nr 56 Rue de Fes Agadir 80030 Maroc;;
Mazagan Spa;Mazagan Beach & Golf Resort KM10 route de Casablanca El Jadida 24000 Maroc;https://www.mazaganbeachresort.com/spa-and-wellness;Traité
Meday Spa;Clinique Assalam et Café Lahaye Bd.Abi Hassan chadli Résidence Rania 1 Derrière Tanger 90000 Maroc;https://www.medayspa.com/;Traité
MEDICAL Spa;Rue Assilah Moulins Idrissia Bureau Andalouse4 ème étage Fès 30050 Maroc;;
Medina spa Marrakech;N° 27 Spa Derb Zaari Marrakech 40000 Maroc;http://www.medina-spa-marrakech.com/;Traité
Medi-Spa Tamuda Bay;203 N16 Route de Fnideq M'diq 93200 Maroc;https://www.royalmansour.com/en/tamuda-bay/medi-spa/?utm_source=google&utm_medium=organic&utm_campaign=google_local_medi_spa_tamuda_bay;Traité
MISK HOUSE Wellness & Beauty | Hammam Massage and Spa;34 Rue Mehdi Ben Toumert Agadir 80000 Maroc;https://fluxoir.com/phereusaspa;Traité
Montibella Spa;HMR7+C5J Tétouan 93030 Maroc;;
Nil Spa;W3P6+P66 R322 Témara Maroc;;
Nissyma;21 Av. Sanhaja Tanger 90060 Maroc;;
NORHAM SPA – Spa & Hammam Tétouan;bureau 6 1 etage residence Malak Av. Day Ould Sidi Baba Tétouan 93030 Maroc;https://spa-hammam-massage-tetouan.vercel.app/;Traité
O Spa Kenzi Tower;Twin Center Tour B - Boulevard Zerktouni Casablanca 22000 Maroc;https://www.kenzi-hotels.com/kenzi-tower/spa;Traité
Oceanide Spa: Massage Casablanca/ Hammam Massage Casablanca / Hammam Casablanca / Spa Casablanca / Massage Casablanca;10 Rue Boulmane Casablanca 20050 Maroc;http://oceanidespa.ma/;Traité
Olia Spa;1 Lot borj 127 Rue Sijilmassa Essaouira 44000 Maroc;https://hotelresort.site/oliaspa;Traité
OUD SPA;MMQF+8FH N13 M'diq Maroc;;
Oxygène Expériences Hammam & Spa;18 Rue Al Mansour Al Abidi Casablanca 20370 Maroc;https://oxygene-experiences.ma/;Traité
Perle de Détente : Beauty & Spa;Mohammédia 28810 Maroc;;
Rabat Spa;Av. Fal Ould Oumeir Rabat 10090 Maroc;;
Rawiya : Hammam Turquie & Spa Hommes & Femmes;MJM2+C6Q Résidence yamalki Bd Fatima Ezzahra Mohammédia Maroc;;
Raya Relax Spa Meknès | Hammam (100% Femmes);5 lotissement E28 magasin Meknès 50050 Maroc;https://rayarelaxspa.taplink.site/?utm_source=ig&utm_medium=social&utm_content=link_in_bio;Traité
Rayhanat Martil : Hammam & Spa;Martil Maroc;;
Relax Inn Spa;Rue Mecca Immeuble 8 Magasin 1 Av. Moulay Hassan Rabat 10053 Maroc;http://relax-inn-spa.ma/;Traité
Relaxation Hammam & SPA;Rma Rue moutamid Ibn abbad et Omar Ibn Rabia Youssoufia 46300 Maroc;https://web.facebook.com/relaxationhammamspa;Traité
Relooking by Angelina;Parking 39 lot hamza A. fassi Marrakech 40000 Maroc;https://relookingbyangelina.com/;Traité
Riad Luxury Spa Dakhla;Dakhla 73000;https://riadluxuryspadakhla.com/;Traité
Ryadspa Tánger;Avenue Youssef Ibn Tachfine 3 Rue Rachid Rida Tanger 90000 Maroc;https://ryadspa.com/;Traité
SDK MEN’S SPA;Nador 62000 Maroc;http://sdkspa.com/;Traité
Sea & Spa;Baie Des Palmiers P5 Agadir 80010 Maroc;https://spa.accor.com/en/hotels/5242;Traité
Sensoriel Thalasso Spa Al Hoceima;6437+HH Ajdir Maroc;https://www.sensoriel.ma/alhoceima.html;Traité
Sherazade Center & Spa - Meknès;Lotissement Hafida Immeuble 33 Mag. 1 Meknès 50000 Maroc;https://sherazadewellness.com/;Traité
Sherin Spa;Rte de Ceuta Fnideq Maroc;;
Sidi Magdoul Hammam & Spa;N°11 RESIDENCE HABOUS IMM AL JAZIRA BAIN SIS A LOT Essaouira 44000 Maroc;https://sidimagdoul.com/;Traité
Soulafa spa;358X+468 Salé Maroc;https://www.instagram.com/soulafa_beauty_spa/;Traité
Spa & Bien être Al Hoceima;Rue N 21 alhoceima Essaouira Maroc;;
SPA & HAMMAM chez Jasmine;Rdc N2 imm el fayhae Av. Hassan II Tanger 90000 Maroc;https://jasminespatanger.online/;Traité
Spa and Wellness;Ancien Hopital Marie Feuillet Av. Brahim Roudani Rabat 10000 Maroc;https://www.fourseasons.com/rabat/spa/?utm_source=google&utm_medium=organicsearch&utm_campaign=tor-rrt-spa-mid-seo-na&utm_content=na-na&utm_term=na;Traité
Spa Bay by Tulum;Oum Labouir Dakhla 73000;https://www.tulumbeachdakhla.com/;Traité
SPA BELLE FEMME;Rue Ibn Battuta Safi Maroc;;
Spa Calista By RADISSON BLU HOTEL Casablanca;Radisson Blu Hotel Rue Mohamed Diouri Casablanca 20250 Maroc;https://www.radissonhotels.com/fr-fr/hotels/radisson-blu-casablanca/spa;Traité
Spa casa mira;Residence Tingis place mosart 07 Bd de New York Tangier 90000 Maroc;;
Spa Cocooning & Hammam;2 Rue Mohamed Ben Masoud Essaouira Maroc;http://www.spacocooning.com/;Traité
Spa Dar L'Oussia;4 Rue Mohamed Ben Masoud Essaouira 44000 Maroc;https://www.spadarloussia.com/;Traité
SPA DE LUXE NADOR;N°1 Ave Massira Nador 62000 Maroc;https://www.instagram.com/__spadeluxe_;Traité
Spa Diamant rouge;295R+JGR Settat Maroc;https://www.instagram.com/centre_diamant_rouge?igsh=ZGVxcmQyNHM4a2Vm&utm_source=qr;Traité
Spa du Palace Es Saadi;El Mazini Rue Hafid Ibrahim Marrakesh 40000 Maroc;https://www.essaadi.com/bien-etre/;Traité
Spa du parc;PJ43+QQM Angle Boulevard De Fes Bd Mohamed Zerktouni Mohammedia 20800 Maroc;;
Spa Glamour larache;Larache 92000 Maroc;https://www.instagram.com/spaglamourlarache?igsh=aGJnc3l3bzVjaXRv;Traité
Spa Hammam Larimar;115 lotis Al Wahda Kénitra 14000 Maroc;https://spalarimar.ma/;Traité
Spa Kholoud ® | SPA & Beauty Center - Mohammedia;N°10 Hay El Falah 4 Bloc 11 Mohammédia 28820 Maroc;https://www.fresha.com/book-now/spa-kholoud-vbqvmyjw/all-offer?share=true&pId=2732291;Traité
Spa La Douceur Arabe Hammam Massage femme;Rue Abou Al Wakt Khalaf Casablanca 20250 Maroc;;
Spa Laaroussa;3 derb Bechara Rue Talaa Sghira Fes 30000 Maroc;http://www.riad-laaroussa.com/;Traité
Spa Laly;W3CQ+XCR Av. Moulay Rachid Ouarzazate 45000 Maroc;;
Spa le medina;G67H+4FC Rue Hajjali Essaouira Maroc;;
Spa Maison Glory by mb;rdc 13 residence loubna magasin et bureau sis Ave des FAR Kénitra 14050 Maroc;;
Spa Marwa Dakhla;23 703427 -15.926753 Dakhla 73000;;
Spa meknes;hemmam sekkaya? Route de lhajeb Meknes 31000 Maroc;;
Spa Mood;N11 Laayoune 71000;;
Spa Only Casablanca;29 rue Toufik Al Hakim angle rue Najib Mohfoud Casablanca 20000 Maroc;;
Spa Rabat Hammam & Massage;Agdal Rue Jbel Moussa Rabat 10090 Maroc;;
Spa Royal Mansour Marrakech;Abou Abbas El Sebti Royal Mansour? 40000 Maroc;https://www.royalmansour.com/marrakech/spa-bien-etre/;Traité
Spa Safaa;797F+Q8H Kénitra Maroc;https://www.instagram.com/spa.safaa/;Traité
Spa Tanger - Couples Massage - Hammam;RUE EL MANSOUR EDDAHBI Tangier 90000 Maroc;https://spa-tanger.com/;Traité
Spa Thalasso Tikida Dunas;CCH4+6X8 Tikida Dunas Agadir 80000 Maroc;http://www.spathalassotikida.com/;Traité
Spa Zen et Nature;24 Rue Laalouj Essaouira 44000 Maroc;https://spa-essaouira.com/;Traité
Spa ZOLA;Hay nahda 73 à côté morakab takafi Dakhla 73000;https://instagram.com/spa_zola?utm_medium=copy_link;Traité
SPAZIO SPA;VM42+4PP Rue Abdel khaleq Torres Fnideq Maroc;;
Sunset Hammam & Spa;N 11 lot Ben Moussa Témara 12000 Maroc;;
Tala Center Spa SALÉ / Coiffure / Centre de Beauté et Onglerie;??Lotissement Terrasse Bouregreg IMM B1 Magasin 2 Tabriquet  SALÉ RABAT 11000 Maroc;;
Tamuda Spa;HJCP+PQ5 AV. Mohamed Amziane Rue Abou Hassari Chadli? Tétouan Maroc;;
Tanger Massage Spa Hammam Beniss;Av. Sanhaja Tanger 90060 Maroc;https://tangerspamassagehammambeniss.com/;Traité
Thai Spa;44 Avenue Mohamed Bennouna Rle Al Woroud Tetouan 93040 Maroc;http://thaispa.ma/;Traité
The Spa by The Source Marrakech;Km 10 route de l'ourika Marrakech 40000 Maroc;https://thesourcemarrakech.com/spa/;Traité
Tikida Spa;M22C+49X Marrakech 40000 Maroc;http://tikidathalassospa.com/index.php/tikida-spa-marrakech/;Traité
Tikida Thalasso & SPA;Chemin des dunes Agadir 80000 Maroc;http://tikidathalassospa.com/;Traité
Traditional Thai;50 Rue Jabal Oukaïmeden? Mag 2 Agdal Rabat 10080 Maroc;https://www.ttm.ma/;Traité
Tufitri Beauté et Détente Spa;Mesk Ellil Mohammedia Maroc;;
Verlotus Spa Tanger;8 Rue Bilal Tanger 90000 Maroc;http://verlotus.ma/;Traité
Wang Thai Spa;rue Kadi lass - Maarif et? Angle Rue Charif al Idrissi Casablanca 20330 Maroc;http://www.wang-thai-casablanca.com/;Traité
Wes'spa;Avenue Hassan II Beni-Mellal Maroc;;
White Orchid Spa At One Hotel Casablanca;24 Bd du 11janvier Casablanca 20000 Maroc;https://one-hotel.hotelrunner.com/bv3/search;Traité
WSPA;JF7G+RFR Bd Chefchaouni Casablanca 20250 Maroc;http://www.wspa.ma/;Traité
Yalham SPA & Hammam;Etage 1 N21 lotisement nasser 2 Meknès 50000 Maroc;;
Zenobia Spa;5 rue A Av. Marrakech Tetouan 93000 Maroc;;
?????? ???????;??? 2 ???? ???? Larache 92000 Maroc;;
???? ??????? ?????? (????? ??????);Qt sucrafor Zaïo 62900 Maroc;;
AIT MOUMEN;HCC8+X8R Gorge Toudra Tinghir Maroc;https://warriorsafety.ae/minajliki/annuaire/best-friends-center-tinghir/;Traité
Baño natural de aguas termales Hamat Moulay Ali Cherif;5JJM+4C9 Unnamed Road Tawahit Maroc;;
Complexe El Waha;8FMV+4G3 Aït Melloul 80000 Maroc;;
Complexe Nihal : Hammam Turque;Tiznit 85000 Maroc;;
Hammam Assada;P747+32M Tiznit 85000 Maroc;;
L'atelier des Copines : Centre de Beauté;7F3C+X52 Youssoufia Maroc;;
Lchic Spa Agadir;CCHQ+XWV Rue 3 Agadir 80000 Maroc;;
Marina Fitness;VM32+RQM Fnideq Maroc;;
Minaïa - Women Only Spa & Hammam in Tamraght;Hay Tissaliouine 1 Tamraght Agadir 80000 Maroc;https://www.fresha.com/fr/a/minaia-hammam-spa-agadir-tamraght-rf3na27y?pId=2842557;Traité
Résidence RABAB SPA L'ÉVASION;5VC4+9W7 Résidence rabab Larache Maroc;;
S;Hay lasmafat 24 Sidi Bennour 24350 Maroc;;
Spa Hammam Casablanca ZAHA - Hammam individuel - Massage asiatique;138 Bd. Moulay Youssef Angle Rue de Tiznit Casablanca 20200 Maroc;https://www.fresha.com/fr/book-now/armenia-qluat6u3/services?lid=1208172&pId=596705;Traité
Spa marrakech;Marrakech 40040 Maroc;;
The Ritz-Carlton Spa;W595+J2 Rabat Maroc;;
???? ??????;6J6G+GF9 Biougra Maroc;;
???? ????????? hamam panoramique;7CG9+G53 Av. Ghandi Berrechid Maroc;;
"Auberge et Camping ""Le Temps de Vivre""";53 Rue de la Langouette 39150 Les Planches-en-Montagne France;;
Centre CCAS - Le Monêtier-les-Bains;Le Coin 05220 Le Monêtier-les-Bains France;http://www.ccas.fr/;Traité
Centre PEP;22 Av. de la Brequette 50590 Montmartin-sur-Mer France;http://www.pep50montmartin.fr/;Traité
Château de Dompierre;Le Château N 87190 Dompierre-les-Églises France;https://www.chateau-de-dompierre.com/;Traité
Château de Mauvières;78720 Saint-Forget France;https://www.mauvieres.com/;Traité
L'olivier Spa;42 Rte de Charny 77410 Messy France;;
Les jardins de Rangueil;54 Chem. de la Salade Ponsan 31400 Toulouse France;https://www.booking.com/hotel/fr/piscine-parking-metro-hopital-et-centre.fr.html;Traité
Les Loges de Mélis;Mélis 47500 Cuzorn France;https://frloc.click/loges-lis-ypidyf;Traité
Résidence Goélia Le Blanchot;294 Av. de la Grande Casse 73710 Pralognan-la-Vanoise France;https://www.goelia.com/fr/residence-vacances/pralognan-la-vanoise/goelia-le-blanchot.365.2.php;Traité
Résidence Les Sentiers du Tueda Pierre & Vacances;419 Rte du Châtelet 73550 Les Allues France;https://www.pierreetvacances.com/fr-fr/fp_MML_location-residence-les-sentiers-du-tueda;Traité
Résidence Neige et Soleil;Immeuble Trois Charrières 73210 Bellentre France;https://www.neigeetsoleil.org/;Traité
Residence Les Sources;9D Av. Albin Gilles 13210 Saint-Rémy-de-Provence France;http://www.les-sources-saint-remy.com/;Traité
Villa Kaycilia;247 Chem. des Fillols 83210 Solliès-Pont France;http://www.villakaycilia.com/;Traité
Village de gîtes de groupe ALTER ET GO Location handicap PMR salle réception mariage hébergements insolites CANIGOU;Route d'Arboussols 66320 Marquixanes France;http://gite-groupe-canigou.org/;Traité
Les Lodges de la Vigne;Rue Boitard 56840 Île-d'Arz France;http://www.leslodgesdelavigne.fr/;Traité
Village Vacances Cap Bretagne;Le Moulin Le Dourdy 29750 Loctudy France;;
Centre de vacances IGESA Villa des Sables;Base Nature François Léotard 83600 Fréjus France;http://www.igesa.fr/;Traité
Résidence Le Splendid;129 Av. du Professeur Nobécourt 38250 Villard-de-Lans France;https://le-splendid-villarddelans.com/;Traité
Clos du Champs de l'Amour SARL;8 Rte d'Allas 17500 Saint-Simon-de-Bordes France;http://leclosduchamp.fr/;Traité
Residence Anna;Berthemont les Bains 06450 Roquebillière France;http://residence-anna06.fr/;Traité
BTP Vacances;56640 Arzon France;https://vacances.probtp.com/;Traité
Résidence Le Rêve;16 Rue du Perthuis Breton 85360 La Tranche-sur-Mer France;https://www.residencelereve.fr/;Traité
Centre d'activités Martin Zédé - Le Brusc;369 Cor des Îles 83140 Six-Fours-les-Plages France;http://www.ccas.fr/;Traité
Lagrange Vacances - Les Pierres de Jade;Rue Verdi 66750 Saint-Cyprien France;https://www.vacances-lagrange.com/vacances-location-mer-montagne,logements-languedoc-roussillon,saint-cyprien-CYPRIE-L-JADE-residence.html#residence;Traité
Résidence Maeva;56520 Guidel France;https://www.maeva.com/fr-fr/location-guidel-plages,487.html;Traité
Les Chalets de l'Adonis;134 Rue Des Vallées 73440 Les Belleville France;https://www.dvm-vacances.com/residence-ski/les-chalets-de-l-adonis-les-menuires.html;Traité
Groupe PVG;23 Pl. Jean Premat 74220 La Clusaz France;http://www.groupe-pvg.fr/;Traité
Studio Piscine en Drôme Provençale - Séjour avec Repas Asiatiques - Meilleur Prix;975 route de valreas 26770 Taulignan France;https://www.booking.com/hotel/fr/provencal-getaway-pool-studio-hiking.fr.html?label=gen173nr-10CAsoTUIkcHJvdmVuY2FsLWdldGF3YXktcG9vbC1zdHVkaW8taGlraW5nSDNYBGhNiAEBmAEzuAEHyAEM2AED6AEB-AEBiAIBqAIBuALYneXJBsACAdICJDU1OWIzZWY0LTkwNjQtNGZhNC05ZDRhLTMzNjNlZmE0NGQzZdgCAeACAQ&sid=65796bc7be9e999d3c67b971f001c428&dist=0&keep_landing=1&sb_price_type=total&type=total&;Traité
maison bioclimatique avec piscine privé;30760 Salazac France;;
Château de Saint Bonnet;25 Rue du Château 63800 Saint-Bonnet-lès-Allier France;;
Villa Coté Mer ****;163 Rue des Mouettes 29250 Santec France;http://www.villa-cotemer.com/;Traité
Château de Digoine;Chateau de Digoine Chemin du chateau de digoine 231 71490 Saint-Martin-de-Commune France;http://www.chateau-de-digoine.com/;Traité
maison avec piscine et jardin arboré;1 Villeneuve 41240 Villermain France;;
Location Gîte Piscine chauffée;46330 Lentillac-du-Causse France;https://www.gites-de-france.com/fr/occitanie/lot/la-maison-de-justine-46g12380;Traité
Piscine Hôtel le Panoramic;619 Rte de Moustiers 04120 La Palud-sur-Verdon France;https://www.hotelverdon.com/;Traité
Les Suites du Domaine de la Boissière;245 Rte de Quillebeuf 27680 Trouville-la-Haule France;https://www.domainedelaboissiere.com/;Traité
Chanu-les-Bains;2 Chem. des Sources 27640 Villiers-en-Désœuvre France;;
La Petite Longère;2 La Tournerie 50450 Montaigu-les-Bois France;https://www.gites-de-france-manche.com/location-vacances-Gite-a-Montaigu-les-bois-Manche-50G249.html;Traité
Gîte Drôme Provence piscine nature;26770 Rousset-les-Vignes France;;
Cabanon douillet;380 chemins dés merlets 26770 Rousset-les-Vignes France;;
Pool house avec spa;La Faye Leygras 43620 Saint-Romain-Lachalm France;;
HISTOIRE D'O;5 BIS ROUTE DEPARTEMENTALE 62770 Wamin France;http://histoiredo62.fr/;Traité
Ô Des Cimes Spas d'Altitude;Hôtel Cgh les Suites du Névada Le Val Claret Centre 73320 Tignes France;https://www.odescimes.com/;Traité
L olivier gites spa Wittes;12 Rue de la Fossé 62120 Wittes France;https://www.loliviergitespa.com/;Traité
Chambre d'hôtes Mas du Crespenou (avec grande piscine naturiste);4 Chem. des Buis 30610 Sauve France;https://www.sauve-tourisme.com/fr/a/mas-du-crespenou?id=mpzklp7v;Traité
Gîte le vélo rouge en Baronnies;114 L'Infirmerie 26170 Vercoiran France;https://levelorouge-baronnies.com/;Traité
Gite Bellevue d'Aveyron location vacances;Gîte Bellevue d'Aveyron 12130 Sainte-Eulalie-d'Olt France;https://www.bellevuedaveyron.com/?utm_source=google&utm_medium=wix_google_business_profile&utm_campaign=6858712825334299371;Traité
Gites Equizen;5 la lande es vaux 35610 Vieux-Viel France;https://mapfr.click/gites-equizen-niflq0;Traité
Gîte de Gleny;26/27 Gleny 19220 Servières-le-Château France;;
Gîte La Ronde des Marais;21 Rue du Port 17170 La Ronde France;http://www.larondedesmarais.fr/;Traité
Gîte Layarde;47200 Mauvezin-sur-Gupie France;https://gitelayarde.fr/;Traité
Château Saint-Joseph;Château Saint-Joseph 11240 Mazerolles-du-Razès France;https://chateau-saint-joseph.com/;Traité
Chambre d'hôtes au bord du Tarn avec piscine - Joëlle BACQUÉ;519 Imp. des Randals 82290 Meauzac France;https://www.chambres-hotes.fr/ch22886;Traité
Smayl Pianottuli : Location de vacances à Pianottoli en Corse;Route du Port 20131 Pianottoli-Caldarello France;https://www.smayl.corsica/;Traité
Le Jas du Colombier;Chemin du jas de Colombier 04360 Moustiers-Sainte-Marie France;http://www.jasducolombier.com/;Traité
Les Maisonnettes De Radinghem;17 Rue Principale 62310 Radinghem France;;
BREGEAT CHANTAL NEE DUBARRY;1028 La Cabane Est Route du pont de Mariotte 24300 Lussas-et-Nontronneau France;https://www.latabledepierre.fr/;Traité
L’espace d’un Instant;32 Chem. du Tour de ville 60190 Arsy France;https://lespaced1instant.com/;Traité
Camille et Cédric;13 Rue Théodore Monod 77680 Roissy-en-Brie France;;
Villa de l'Ovalie;342 Rue du Pont l'Évêque 80670 Pernois France;https://villadelovalie.fr/;Traité
Séjours Triathlon;Les Terrasses du Lac Lac de Naussac 48300 Langogne France;https://www.naussac.com/fr/page/accueil-stage-triathlon-lozere-naussac.43.html;Traité
Centre de vacances CCAS « Écoute s’il pleut »;642 Chem. de Mont Marsis 46300 Gourdon France;;
Dinotec SARL;34 Rue de Bâle bât Dinotec 68640 Riespach France;http://www.dinotec.fr/;Traité
Domaine Mirabilis;26750 Montmiral France;http://www.domaine-mirabilis.com/;Traité
Les Domaines du Saut du Loup - Colonie de vacances & Hébergements de groupes;Rue Pierre Clerjou 47800 Miramont-de-Guyenne France;http://www.lesdomainesdusautduloup.fr/;Traité
Résidence Ty Avel;98bis Rue du Port de Pêche 56170 Quiberon France;http://www.maeva.com/fr-fr/location-ete-quiberon-ker_15L-E_fp;Traité
La Yourte Morvandelle;21 Le Bouchet 58370 Villapourçon France;http://layourtemorvandelle.fr/;Traité
Résidences Odalys Le Hameau de Saint François;Les Longes 73130 St François Longchamp France;http://qua.etr.im/TMd;Traité
Centre de Vacances;Rue de Bertheaume 29217 Plougonvelin France;;
SOWELL Family Pignada Plage;Allée du Lac Marin 40140 Soustons-Plage France;https://www.sowell.fr/hotel/pignada-plage/;Traité
Appart'Hotel les Acacias;25 Av. Louis Français 88370 Plombières-les-Bains France;;
Al hoceima Village;Ahdid Maroc;;
ASSKOUND MAISON;BLOC 6 NR 55 SIDI MIMOUNE AIT MELLOUL Agadir 80150 Maroc;;
Camping Atlantique Tantan;FMV7+JF El Ouatia 82000 Maroc;;
Club Kahrama Béni Mellal;8MF5+566 Béni Mellal Maroc;;
Complexe Agora Park;N29 Taza 35000 Maroc;https://www.facebook.com/Complexeagora?mibextid=ZbWKwL;Traité
Complexe Touristique Le Mont Vert;Mont Gourougou Azro Hammar Segangan 62000 Maroc;http://www.instagram.com/le_montvert;Traité
Essaouira Lodge;44000 Maroc;http://www.essaouira-lodge.com/;Traité
Hôtel & Café Jouhara;145 BD Mohammed VI Bouârfa 61200 Maroc;;
Hôtel & Café La Gare;62WR+6WM Ben Guerir Maroc;;
Hôtel & Café La Place;3H2R+62Q El Kelâa des Sraghna Maroc;;
Hôtel Ajdir izourane;W8RP+3JM Khénifra Maroc;https://www.facebook.com/ajdir.izourane.5;Traité
Hôtel Al Mansour;C474+6FX Taourirt Maroc;;
Hôtel Al Massira;293J+29G Settat Maroc;;
Hôtel Al Mossafirine;MH2F+6V3 Sidi Bennour Maroc;;
Hotel Al-Abrar;5592+644 Imintanoute Maroc;;
Hôtel Amal;8M5V+MV9 Sidi Yahya El Gharb 14250 Maroc;;
Hotel Asaada;45W2+M49 Imzouren 32250 Maroc;;
Hôtel Atlas;6FR7+X9W Unnamed Road Youssoufia Maroc;;
Hôtel Bel Air;Secteur Ef 32 Bd Hassan II Settat 26000 Maroc;;
Hotel Diouri;Bd. Mohammed V P.O.Box: 15000 Khémisset Maroc;;
Hôtel El Kelaa;3J32+93J El Kelaa des Sraghna 43002 Maroc;;
Hôtel Friouatou;Taza Maroc;;
Hôtel Karam;Lotissement Chabaane 161 Larache 92000 Maroc;;
Hôtel Ksar El Yamama;X3VW+24P 8 Av. Hassan II Ksar El-Kébir Maroc;;
Hôtel Larache;Av. Hassan II Larache Maroc;;
HOTEL LE REFUGE;Station cepsa Sid L'Mokhtar 41152 Maroc;https://www.instagram.com/le_refuge__cafe__restaurant?igsh=cHVyYXU5bmRmdTE1;Traité
Hôtel Ouardigha (4 étoiles);VC6J+CFC Oued Zem Maroc;;
Hotel Palais MHALLAH;Mhallah Ksar El-Kébir 92000 Maroc;;
Hôtel saada;8R3V+M4W Hey saada Jerada 60550 Maroc;;
Hôtel Sahara;No 93? EX BD PRINCE HERITIER SIDI MOHAMED? BD MOHAMEDVI Bouarfa 61200 Maroc;;
Hôtel Smara;Centre ville Avenue Mohamed V Imouzzer-Kandar 31250 Maroc;;
Hôtel Sofaris;F8X7+89F Ave Hassan II Fquih Ben Salah Maroc;;
Hôtel Targa;hotel targa Settat Maroc;https://hoteltarga.wixsite.com/targa;Traité
Hôtel Zaouia;2HVR+RJ7 El Kelâa des Sraghna Maroc;;
Kasba TanTan;Plage 9 A Bd Mohammed V El Ouatia 82010 Maroc;;
lunjavillage Aquaparc;H7V2+MF6 Rte d'Essaouira Imi Ouaddar 80750 Maroc;;
Maison d'hote tafilalet;Route el hajeb Ain Taoujdate 30000 Maroc;;
Riad Passiflora Fes;3 riad annakil route immouzer Maroc;http://hotelz.website/riadpassiflora;Traité
Tamoda Bay;2 Avenue Agadir - Rabat District - Darb 1 M'diq 93200 Maroc;;
???? Hôtel;C37M+X3G Taourirt Maroc;;
???? ?????? ??????;Sidi Kacem Maroc;;
???? ??????;Khénifra Maroc;;
Benkhaldoune;M7V9+84J Tiznit 85000 Maroc;;
Centre d'estivage;8MF5+56R Béni Mellal Maroc;;
Dar du tantan;CWRC+W3X Unnamed Road Tan-Tan 82000 Maroc;;
Hotel Milano;6MG3+5P8 Av. Abdelmoumen Guercif 35100 Maroc;;
kifax;3H9X+FQV El Kelâa des Sraghna Maroc;;
Retour;XC7G+WRM Azilal Maroc;;
???? ????;6J8H+MQ8 Biougra Maroc;;
???? ??????? ?????????? ???? ? ??????? RADEEL ????????;5VH6+W59 Av. Abderahmane Ghafiki Larache Maroc;;
Eau'z;74 Rue Jean Magnet 91170 Viry-Châtillon France;https://eauz.fr/;Traité
RESPIRE;15 rue des Armillières 34150 Gignac France;https://www.espace-respire.fr/;Traité
Les Sources du Bien-Etre;98 Bd des Alliés 70000 Vesoul France;http://sourcesdubienetre-vesoul.com/;Traité
Maison du Bonheur Lure;49 Av. de la République 70200 Lure France;https://www.maisondubonheur.eu/?utm_source=google&utm_medium=wix_google_business_profile&utm_campaign=16557342922872196282;Traité
Club Lazy&Fit Vesoul;39 Rue du Breuil 70000 Vesoul France;https://www.clublazyandfit.fr/;Traité
Au Refuge Sonore;200 Rte de Mazières 01110 Plateau d'Hauteville France;https://refugeinsoliteenbugey.fr/au-refuge-sonore/;Traité
LE CLOS DES ECUETS | Centre de soins et de Bien-être;1658 Chem. des Ecuets 01340 Attignat France;https://leclosdesecuets.com/;Traité
Aquabike Center Montpellier;Le Nuage 769 Av. de la Mer-Raymond Dugrand 34000 Montpellier France;https://montpellier.aquabikecenter.club/?utm_source=google&utm_medium=organic&utm_campaign=gbp&utm_content=fiche-google;Traité
Camping Lotussy;58360 Saint-Honoré-les-Bains France;http://www.lotussy.com/;Traité
Espace Terre de soins;Av. de la Breisse 73190 Challes-les-Eaux France;https://www.challes-les-eaux.online/sante/terre-de-soins/;Traité
Les Bains de Bibouyou;64 Rue nationale 59147 Gondecourt France;https://www.lesbainsdebibouyou.com/;Traité
Métanoïa Centre de Soins Pluridisciplinaires;16bis Rue du Grand Bois 87220 Feytiat France;https://www.metanoiacentredesoins.com/;Traité
Waiora - Centre de Bien-Être Aquatique / Yoga / Pilates;66 Av. Emile Didier 05000 Gap France;https://waiora-gap.fr/;Traité
Centre Waterbike Vincennes;8 Av. de Paris 94300 Vincennes France;https://www.treatwell.fr/salon/waterbike-vincennes/;Traité
Calicéo;3 Rue Capcir 66280 Saleilles France;https://perpignan.caliceo.com/;Traité
Sandy soin et bien-être;rue du stade 12410 Salles-Curan France;;
Chaleur Des Bois;base de loisir 74340 Samoëns France;https://www.chaleur-des-bois.com/;Traité
Ener-Ji-Zen;2 Rte de Villiers 58150 Saint-Laurent-l'Abbaye France;https://www.relaxsel.fr/;Traité
Aqua Santé;20 Bis Rue Saint-Eloi 59200 Tourcoing France;http://aqua-sante.com/;Traité
Calicéo;4 Bd Georges-Marie Guynemer 78210 Saint-Cyr-l'École France;https://saintcyrlecole.caliceo.com/;Traité
Calicéo;Rue Sainte-Barbe 69110 Sainte-Foy-lès-Lyon France;https://lyon.caliceo.com/;Traité
Ma Belle Campagne;20 RUE DU CHÂTEAU MARECHAL FAYOLLE 43350 Saint-Geneys-près-Saint-Paulien France;https://mabellecampagne.fr/;Traité
Sourcéo;355 Rue du Ctre Aéré 40990 Saint-Paul-lès-Dax France;http://www.sourceo-dax.com/;Traité
Aqua Beleza;1 Rue de Briey 57255 Sainte-Marie-aux-Chênes France;;
SPA DOMICILE FRANCE Location sur toute la France de spa à domicile avec décoration à thème;36 Rue Lavoisier 59790 Ronchin France;http://www.spadomicilefrance.fr/;Traité
Location Spa à domicile paris;52 Av. Adrien Raynal 94310 Orly France;http://www.locationjacuzziadomicileparis.com/;Traité
Calicéo;109 Rue Pavé Stratégique 59700 Marcq-en-Barœul France;http://www.caliceo.com/;Traité
Terre des Zen;47150 Montagnac-sur-Lède France;;
Découvrez Natespa : Votre Destination Bien-Être et Remise en Forme Incontournable !;Hôpital Privé Natécia Av. Rockefeller 69008 Lyon France;https://www.natespa.com/;Traité
Les Bains De L'aa;179 Chem. du Halage Voie communale 7 59820 Saint-Georges-sur-l'Aa France;;
Comme un poisson dans l'eau;50 All. des Jacinthes 62730 Marck France;;
Osmose & Vous - Bébés Nageurs - Natation Enfants - Aquagym - Aquabike - Massage Bien - être;150 Av. Jean Lombard 13011 Marseille France;https://www.osmose-et-vous.fr/;Traité
Aether Cagire - centre de ressourcement;Chemin de dessus chemin de lasalle 31800 Rieucazé France;https://aether-cagire.fr/;Traité
Eau' Smose centre de remise en forme et de bien être;13 Rue de la Garenne 51370 Champigny France;http://www.eausmose51.fr/;Traité
L'Endroit Wellness;;http://www.lendroitwellness.fr/;Traité
Stéphanie Paquelet;;http://stephanie-paquelet.fr/;Traité
3R Centre de Bien Être;1 Av. Thami Ouazzani Tétouan 93000 Maroc;https://www.3rcentre.ma/;Traité
Acqualina Beauty & Spa;N°09 Bloc 1 Secteur 4 Oued Ziz Agadir 80000 Maroc;http://www.acqualina.ma/;Traité
Al Hasnaa Spa;1er étage APP2 N 28 Rue Mohammed El Hansali? Errachidia 52000 Maroc;;
Arab Spa Essaouira;Rue My Abdelmalek Essaouira 44000 Maroc;https://arabspaessaouira.com/;Traité
Beauty Secrets - coiffure & esthétique;N 12 Avenue Alayouine Melk Chikh El Jadida 24000 Maroc;https://beauty-secrets.ma/;Traité
Centre boutaina taza;Taza 35000 Maroc;;
Centre chifae shifae bien-être&Thérapie kènitra;2ème étage beruax n12 Immeuble Oauss 34 Av. Mohamed Diouri Kénitra 14999 Maroc;;
Centre d’esthetique Bio Argana Spa Essaouira;Rue de Tanger Essaouira 44000 Maroc;https://www.bioarganaspa.com/;Traité
Centre Nora : Hammam & Spa;Ouarzazate 45000 Maroc;https://www.facebook.com/p/Spa-Nora-ouazazate-100063719163134/?locale=fr_FR;Traité
Centre ville kènitra avennue mohamed diouri;n 12 34 avennue mohamed diouri Immeuble owas beruax Kénitra Maroc;;
Chefchaouen Floatation Center - Thermal Spa & Massages;Ain haouzi Chefchaouen 91000 Maroc;http://chaouenfloatcenter.com/;Traité
DC LUXURY THERMES SPA de Dakhla I Centre holistique de thalassothérapie;PK 28 7CM6W62J+39 Point de Dragon Dakhla 73000;https://dakhlaclub.com/holistic-center-fr/;Traité
Great Spa Tetouan;Residence widad Av hassan II Slaoui hay sidi driss rdc 93000 Maroc;;
Ines wellness center;G8WF+949 Bd oued moulouya Casablanca Maroc;;
innercare Bouskoura;innercare  Bouskoura ville Centre commercial b-time verte Casablanca 27182 Maroc;https://innercare.ma/;Traité
La Perla House - Beauty & Spa ??Femmes ??;Résidence Acacia Magasin N°2 Rue De Chella Kénitra 14000 Maroc;;
L'Ambre Spa;Hôtel Art Palace Suites & Spa - 4 rue du Soldat Maurice Benhammou Casablanca 20370 Maroc;http://www.artpalacehotel.com/spa;Traité
Le palais de diamants;43 lot benssy tissir Berrechid Maroc;;
Les Massages d'Argan;Bloc 9 N°20 Hay Sidi Mohamed Agadir 80000 Maroc;;
Lotus Bora Bora ( spa centre 100% femme);I-11 IQBAL AHMED (Hamrokat Khouribga Maroc;https://www.instagram.com/lotusborabora_spa?igsh=ZWZnanY0bWl1ZzY4;Traité
Lys d'Or centre de beauté;Berkor 15 Bd Mohamed 5 Berrechid 26100 Maroc;;
m Wellness Centers - Kénitra;Quartier de la Gare 33 Rue Idriss Al Akbar Kénitra 14000 Maroc;http://www.mwellnesscenters.com/;Traité
Moulim Beauty & Spa;Lotissement meriem MJVC+Q37 Boulevard Sebta n39 Al Allia Mohammédia Maroc;https://www.instagram.com/moulim_beauty_spa?igsh=MWpreTRvZ2hvNjFvaQ==;Traité
NATEA Les Massages d'Agadir;n° 420 Rue Abbas Kabbage Agadir 80050 Maroc;http://www.natea.info/;Traité
Nirvana Spa;X538+H87 Rabat Maroc;;
Sophie Luxury Spa Ouarzazate;W3GP+FQ2 Av. Moulay Rachid Ouarzazate 45000 Maroc;https://sophieluxuryspa.com/;Traité
Spa massage Ouarzazate;W3CM+6Q8 Rue d'Agadir Ouarzazate 45000 Maroc;;
Tanger bien-être;31 Av. Sanhaja Tanger 90000 Maroc;https://tanger-bienetre.ma/;Traité
Valespo Atlas Fitness : Sport & Wellness;Unnamed Road Safi Maroc;http://www.valespo.com/;Traité
Wellness Dream Center;Rue Loubnane Kénitra 14000 Maroc;http://wellnessdreamcenter.ma/;Traité
Yalham;N21 lot nasser 2 ext.bain 50000 Meknès Maroc;https://yalham.com/;Traité
Zamane Alandalouss;numéro 163 Quartier Amani rue 6 Settat 26000 Maroc;;
??? ??? ???? ??????? ????? ??????;????? ???? ?? ??? ?????? ??? ????? ????????? Sefrou 31000 Maroc;;
???? ?????? ??????? ??????? ???????;6MG3+GX5 Av. Abdelmoumen Guercif 35100 Maroc;;
Poséidon Spa 91-piscine ibiza;11 All. Louis Tillet 91250 Saint-Germain-lès-Corbeil France;https://poseidon-spa.com/magasin/480-fontenay-le-vicomte;Traité
Les Fées Spa Lattes;5 Rue des Chevaliers de Malte 34970 Lattes France;http://www.les-fees-spa.fr/;Traité
Head Spa rituels;9 Rue de la Prairie 01630 Saint-Genis-Pouilly France;https://iwana.fr/beaute/pros/saint-genis-pouilly-head-spa;Traité
ZENHITUDE SPA *****;21 Pl. Bernard 01000 Bourg-en-Bresse France;http://www.zenhitude.fr/;Traité
B&B - Un Spa au Canyon;57800 Freyming-Merlebach France;;
Camping Resort and Spa - La Baume la Palmeraie | Camping Fréjus;3775 Rue des Combattants d'Afrique du N 83600 Fréjus France;https://www.labaume-lapalmeraie.com/fr/?utm_source=google&utm_medium=organic&utm_campaign=gbp;Traité
CenterSpas Terville : Votre magasin de spa 57 Thionville;Parc Himalaya 1 Rue du Forgeron 57180 Terville France;https://www.centerspas.com/;Traité
LE MAS 5* Spa Saint Quenin - 340 m² - 26 pers - Jacuzzi/sauna;640 Chem. du Serre Rouge 84110 Saint-Romain-en-Viennois France;https://www.saintquenin.com/;Traité
Maison & Spa thérapeutique Escapade 2 chambre et un canapé lit;77410 Annet-sur-Marne France;https://www.booking.com/hotel/fr/house-amp-therapeutic-spa-getaway.en-gb.html?aid=2068758&utm_source=seogooglelocal&utm_medium=description&utm_term=hotel-16659446&utm_campaign=en-gb&label=seogooglelocal-link-imagesaow-hotel-16659446_grp-2_gendate-20260812;Traité
Société Kopec Piscine Desjoyaux Spa et Jacuzzi;Zone Cap Malo Av. du Phare du Grand Jardin 35520 La Mézière France;https://www.kopec-piscines.fr/;Traité
Suite SPAradise - SPA Privatif;8 Chem. du Mur au Prieur 77144 Chalifert France;http://www.maisonetdetente.com/;Traité
Tiny House Home Paradis & SPA - Love Room;1 Chem. du Paradis 79800 Souvigné France;https://www.homeparadis-spa.fr/;Traité
Mondial Piscine & Spa Malou Piscines;Les Narrons 36200 Argenton-sur-Creuse France;https://www.maloupiscines.com/;Traité
Idéal Piscine & Spa en Corse;Lieu dit Pierochiacce 20221 Santa-Maria-Poggio France;https://www.idealpiscinecorse.com/;Traité
VIDALOT Piscine & Spa Le Teil;63 Rue Philomène Léonie Teyssier 07400 Le Teil France;https://www.vidalot-piscine.fr/;Traité
VIDALOT Piscine & Spa Aubenas;190 Chem. des Vignettes 07200 Saint-Didier-sous-Aubenas France;https://www.vidalot-piscine.fr/;Traité
VIDALOT Piscine & Spa Vals-les-Bains;41 Fbg d'Antraigues 07600 Vals-les-Bains France;https://www.vidalot-piscine.fr/vals-les-bains;Traité
QUALITÉ SPA & PISCINE;22 Rue de la Moussière zac du 54210 Ville-en-Vermois France;https://www.qualite-spa-piscine.fr/;Traité
RB Piscines - Magasin Piscine & Spa à Valence;Pl. Jean Rostand 26000 Valence France;https://www.rbpiscines.fr/;Traité
Essentiel Piscine Essentiel Spa - Cournon;1 Rue Saint-Exupéry 63800 Cournon-d'Auvergne France;https://www.essentiel63.fr/;Traité
Abritello - Abris de piscine - Spa - Pergola -sauna;ZAC La Gouyonnière 42480 La Fouillouse France;https://www.abritello.fr/;Traité
Nautilus Piscine et Spa SAS;ZAE 24590 Saint-Geniès France;http://www.nautilus-piscine.fr/;Traité
Piscine Spa Rive Sud;D33 44160 Sainte-Anne-sur-Brivet France;https://www.rivesud-piscine.fr/;Traité
CERTE piscines & Spa / L’esprit piscine / JACUZZI;135 Imp. de l'Artisanat 43330 Pont-Salomon France;https://www.esprit-piscine.fr/certe-piscines;Traité
Magasin Be Spa Concept - Le Mans Nord;5 Rue de l'Océane 72650 Saint-Saturnin France;https://www.be-spa.fr/magasins-spas/magasin-be-spa-concept-le-mans-nord-saint-saturnin.html;Traité
Piscine et spa 08;1 Rue de la Poterie 08000 Prix-lès-Mézières France;https://www.piscineetspa08.fr/;Traité
Atelier Piscine et Spa Pau Bearn;1460 Chem. Courrouilh 64290 Lasseube France;https://atelier-piscine-spa.fr/;Traité
Piscine & Spa David Sebastien;34 Rue Robert Schuman 86170 Neuville-de-Poitou France;https://www.piscines-de-france.fr/piscinistes/pisciniste-poitiers;Traité
Aqua Services 80 - Be Spa Neuville-Coppegueule;34 Rue Chasse Marée 80430 Neuville-Coppegueule France;http://www.aquaservices80.com/;Traité
Piscine Spa Services 66;Imp. des Cèdres 66320 Vinça France;;
Aquatika Piscine & Spa - Argelès-sur-mer;20 Rue des Loriots 66700 Argelès-sur-Mer France;https://aquatika66.fr/;Traité
Pool Ecolo piscine et spa Argelès-sur-Mer;7 Rue des Aigrettes 66700 Argelès-sur-Mer France;https://pool-ecolo.odoo.com/;Traité
Aquatika Piscine & Spa - Perpignan;259 Bd Paul Langevin 66000 Perpignan France;https://aquatika66.fr/;Traité
Poséidon spa - pont l'eveque - deauville;Le Lieu Allais 14130 Clarbec France;https://www.piscines-pays-dauge.fr/;Traité
LOCÉLO | PISCINE - SPA - HAMMAM;147 Rue du Retord 74270 Chêne-en-Semine France;https://locelo.fr/;Traité
Ceveneau SPA - Laroque;2 Av. des Platanes 34190 Laroque France;https://ceveneau-spa.fr/;Traité
HydroTech Piscine & Spa France;Mnt du Saugeon 25160 Saint-Point-Lac France;https://hydrotech-piscine.ch/;Traité
AQUAWAT Piscine Spa Sauna;40 Rte nationale 39100 Parcey France;;
Talya Piscine & Spa Inox;556 Rue Capitaine Simon 73170 Yenne France;https://www.piscine-talya.com/;Traité
EQUALI PISCINE & SPA - Pisciniste 91 & 77;19 Rue Clément ADER 91280 Saint-Pierre-du-Perray France;http://www.piscine-equali.fr/;Traité
piscine et spa pere et fils;6 Rue des Écoles 77360 Vaires-sur-Marne France;;
LR Spa & Piscine - Carré Bleu;2 Rue Frédéric Sauvage 17180 Périgny France;http://www.lrspa.fr/?utm_source=gmb;Traité
Pool'N Spa - PISCINES HydroSud Sarlat;Centre Commercial du Pontet Av. de la Dordogne 24200 Sarlat-la-Canéda France;https://www.piscines-hydrosud.fr/magasin-piscines-hydrosud/345-piscines-hydrosud-sarlat-la-caneda?utm_campaign=lbc&utm_content=Sarlat-24-Pool-N-Spa&utm_medium=maps&utm_source=gmb;Traité
Giovanni Riboli Le Puy-en-Velay 43 . Spa et Spa de nage;355 Avenue du Chambon Espace Rue de Chirel 43000 Le Puy-en-Velay France;https://www.spa-riboli-lepuy.fr/;Traité
Piscine Pool & Spa garden;81100 Castres France;https://pool-and-spa-garden.fr/;Traité
Swindo Piscine et Spa Saint Pardoux Isaac;ZA Le Rébéquet 47800 Saint-Pardoux-Isaac France;https://www.magasin-piscine.com/;Traité
Essentiel Piscine et Spa - Charmeil;1 Rue de la Fontaine 03110 Charmeil France;https://www.essentiel63.fr/;Traité
BUGEY AQUA DETENTE - PISCINE SPA SAUNA;ZONE de CORON 372 Rue Denis Papin 01300 Belley France;https://bugeyaquadetente.wixsite.com/my-site;Traité
Swindo Piscine et Spa Sainte Bazeille;rte de 47180 Sainte-Bazeille France;https://www.magasin-piscine.com/;Traité
DAVID PAYSAGE PISCINE - SPA - VANNES - PLOEREN;2 Rue Edgar Touffreau 56880 Ploeren France;https://www.david-paysage.bzh/;Traité
Piscine et Spa des Alpes;196c Rue du Rocher de Lorzier 38430 Moirans France;https://piscine-spa-alpes.com/;Traité
Swindo Piscine et spa - Casteljaloux;Lieu dit Nibon 23 Av. de Marmande 47700 Casteljaloux France;https://www.magasin-piscine.com/;Traité
Quintessence Art - Neptune piscines - SPA Vendom;1210 Av. de l'Aéroport 83400 Hyères France;https://www.quintessence-art.com/contact;Traité
Blue Lagon 82 - Pisciniste et Spa caussade;51 Av. du Gén Leclerc 82300 Caussade France;http://www.blue-lagon.fr/;Traité
Spa et spa de nage - Waterwave - Angers Saumur;Les Sabotiers 49350 Gennes France;http://www.deboislaville.com/;Traité
DAVID PAYSAGE PISCINE - SPA - AURAY - CRAC'H;2 A Kerdreven 56950 Crach France;https://www.david-paysage.bzh/;Traité
Créabois spa et sauna;13 rue Buisson Ardent Rte de Plombières 88200 Remiremont France;http://www.creabois88.com/;Traité
EDEN ET EAU piscine - spa - paysage;2 All. du Chêne Vert 35650 Le Rheu France;https://www.eden-et-eau-piscines.com/;Traité
CoastSpas France : Votre magasin de Spas & Spa de Nage;8 Rue du Saulcy Cellule C 54300 Moncel-lès-Lunéville France;https://www.coastspas.com/;Traité
La Boutique de la Piscine et du Spa 95 - Magiline Pierrelaye;208 Av. du Général Leclerc 95480 Pierrelaye France;http://www.piscineetspa92.com/;Traité
Franche Comté - Piscine & SPA DOLE;9a Rue Emmanuel Jodelet 39100 Dole France;https://www.fc-piscine.fr/;Traité
AQUACONCEPT Brest Piscines Spa Sauna Hammam;470 Rue de Mescadiou 29850 Gouesnou France;https://www.aquaconcept.fr/;Traité
AQUACONCEPT Quimper Piscines Spa Sauna Hammam;111 Rte de Brest 29000 Quimper France;https://www.aquaconcept.fr/;Traité
Magiline Piscine et Spa Pontarlier;ZA A L'Ambouchi 25300 La Cluse-et-Mijoux France;https://www.piscines-magiline.fr/;Traité
LR Spa & Piscine - Carré Bleu La Flotte en Ré;2 Rue des Caillotières 17630 La Flotte France;https://lrspa.fr/;Traité
DAVID PAYSAGE PISCINE - SPA - QUIMPER - COMBRIT;ZA Kerbénoën 29120 Combrit France;https://www.david-paysage-56.com/;Traité
VIDALOT Piscine & Spa Bagnols-sur-Cèze;2 Rue de Paniscoule 30200 Bagnols-sur-Cèze France;https://www.vidalot-piscine.fr/bagnols-sur-ceze;Traité
Carelle Groupe - Aux SPA de Carelle;Zone Megazone de Moselle A. de l'Est 57450 Henriville France;https://www.carelle-groupe.fr/;Traité
LIOU SPA FINISTÈRE;3 Rue de Dinan 29160 Crozon France;;
Pool Ecolo piscine et spa Canet en Roussillon;64 Bd de la Loge de Mer 66140 Canet-en-Roussillon France;https://poolecolo.fr/;Traité
TOULLIOU - PISCINE SPA PAYSAGE - Mondial Piscine;156 Rue Colonel Jean Muller 56100 Lorient France;https://www.toulliou.bzh/;Traité
Sensassion Piscines et Spa Arras;257 Av. John F Kennedy 62000 Arras France;https://sensassion-spa.fr/;Traité
BE SPA Ariège;9 Rue 1000 Hommes 09100 Saint-Jean-du-Falga France;https://www.be-spa.fr/magasins-spas/azur-piscines-everblue-be-spa-saint-jean-du-falga.html;Traité
VIE SPA - G.WF Groupe Wellness France;8 Rue Benjamin Franklin 37170 Chambray-lès-Tours France;https://www.viespa.fr/;Traité
NATURA SPA NORMANDIE;645 Rte de Saint-Jean d'Abbetot 76430 Saint-Vigor-d'Ymonville France;;
Piscine et SPA par Bonifay;873 Chem. des Plantades RD 98 83130 La Garde France;https://www.bonifay.fr/nos-activites/piscine-spa-par-bonifay-notre-enseigne-dediee-lunivers-de-la-piscine;Traité
Maison avec piscine spa - Ti Laouen;29880 Plouguerneau France;https://br.bluepillow.com/search/67a2273c905c444f2d03a0b3?dest=ago&cat=Vacation+rental+%28other%29&lat=48.61258&lng=-4.55843&language=pt;Traité
BULTEAU Piscine et spa - BULTEAU Design;20 Rue des Vignes 85520 Jard-sur-Mer France;https://www.bulteaupiscine.fr/;Traité
DAVID PAYSAGE PISCINE - SPA - LORIENT - PLOEMEUR;1 Rue François Kergoat 56270 Ploemeur France;https://www.david-paysage.bzh/;Traité
La Bulle d'O BE SPA LC Paysage;29 Chem. de Kéréquellou 29000 Quimper France;https://www.be-spa.fr/magasins-spas/la-bulle-d-o-quimper-be-spa.html;Traité
Poséidon Spa Béziers;565 Av. de l'Europe 34370 Maureilhan France;https://poseidon-spa.com/magasin/257-maureilhan;Traité
Magasin de spa Oorelax Saint Mitre les Remparts;5 Av. des Peupliers 13920 Saint-Mitre-les-Remparts France;https://www.oorelax.fr/?utm_source=gmb;Traité
Dépannage Piscine Spa Hammam Sauna;13 Av. de la Chesnaie 91230 Montgeron France;https://depannage-piscine-spa.fr/;Traité
Dépannage Spa Sud Ouest;196 Mézerac 32350 Ordan-Larroque France;https://depannage-spa.fr/;Traité
Freedom Pool Spa Nord;16 Rue d'Angleterre 59000 Lille France;http://www.freedompoolspa.fr/;Traité
PSM PISCINE SPA MONTAGNE;450 Rte de la Combe-Dessus 73410 Entrelacs France;https://www.piscine-spa-montagne.fr/;Traité
DRJ - Vente/Installation /SAV de Piscine - Spa - Sauna - Hammam - Paysagiste int ext - Showroom sur rendez-vous;3 Bis Rte du Pont de Cleurie 88120 Le Syndicat France;https://drj-piscine-spa.fr/;Traité
123spa.fr - Vente De Spa & Spa De Nage Intérieur - Extérieur;42 Rue de Metz 57130 Gravelotte France;https://www.123spa.fr/;Traité
Tourmalin | Piscine & Spa | Skis aux Pieds | Vallorcine – Chamonix | 4?;74660 Vallorcine France;;
La Boutique de la Piscine et du Spa 92 - Magiline Rueil-Malmaison;286 Av. Napoléon Bonaparte 92500 Rueil-Malmaison France;https://www.la-boutique-piscine-spa.fr/;Traité
Maison Du Spa Colmar : Votre magasin de Spa en Alsace;138 Rte de Neuf-Brisach 68000 Colmar France;https://www.maisonduspa.fr/colmar;Traité
Le gîte de Sainte Valière PISCINE et SPA - Five-Bedroom House;11120 Sainte-Valière France;https://www.freecancellations.com/search/F2giQ1MGHycAXFIBVVhYTQ8KV08yFAFG?lat=43.27187&lng=2.84118&language=de;Traité
Poseidon Spa Le Puy-en-Velay;Espace 355 avenue du chambon Rue de Chirel 43000 Le Puy-en-Velay France;https://www.altipiscines.com/;Traité
PISCINE 38 VOIRON : Magasin spécialisé piscine / spa / sauna;ZA Blanchisseries 9003 Rue Joseph Marie Jacquard 38500 Voiron France;http://www.piscine38.fr/;Traité
Camping Sites et Paysages - Les Pinèdes - Mobilhome 4 personnes - Cottage Premium Spa Océane;06480 La Colle-sur-Loup France;https://www.holidu.de/d/61954242?ref_source=google_vr&utm_source=google_vr_eb;Traité
Chalet Luxe piscine et spa plein soleil 18 personnes serrechevalierholidays;05220 Le Monêtier-les-Bains France;https://www.vrbo.com/pdp/lo/42329047?MDPCID=VRBO-META.HPA.WEB-ORGANIC.VR;Traité
RECIF PISCINES Constructeur Installation Rénovation de Piscines & Spa Pisciniste Challans;135 Rte de Nantes 85300 Challans France;http://www.recifpiscines.fr/;Traité
Le relais bleu de st lunaire piscine SPA \nEn juin 7nuits 2 nuits gratuites;35800 Saint-Lunaire France;;
Maison Calmus - Spa Jacuzzi® Varennes-sur-Seine;30 Av. du 8 Mai 1945 77130 Varennes-sur-Seine France;https://landing.calmus-wellness-spa.fr/;Traité
Cocktail Piscine & Spa - Cocktail Piscines® & Jacuzzi®;25 Av. Olivier Guichard 44500 La Baule-Escoublac France;https://www.cocktailpiscine.net/;Traité
Jolie maison avec piscine et Spa - Villa;35130 La Guerche-de-Bretagne France;https://www.freecancellations.com/search/F2l0RFFQG3JVXVBdCFhZFVEJDRZlE1AX?lat=47.94583&lng=-1.24252&language=de;Traité
Maison Piscine & SPA au pied des cévennes.;30520 Saint-Martin-de-Valgalgues France;https://www.vrbo.com/pdp/lo/104220869?MDPCID=VRBO-META.HPA.WEB-ORGANIC.VR;Traité
Constructeur de piscine & spa à Mauguio - Hymeo Piscines BDH;487 Rue Hélène Boucher 34130 Mauguio France;https://www.hymeo.com/;Traité
Allo Piscine Spa : Rénovation et réparation de piscine à Toulouse;9 bis Chem. de la Gare 31860 Pins-Justaret France;https://allo-piscine-spa.fr/;Traité
Villa tout confort piscine chauffée jacuzzi spa entre mer/ montagne Aleria;20270 Aléria France;;
Villa tout confort piscine chauffée jacuzzi spa entre mer / montagne Aleria;20270 Aléria France;;
O'Sea Piscine & Spa - Spécialiste en Recherche de fuite;5135 Rte d'Avignon 13540 Aix-en-Provence France;http://www.oseapiscine.fr/;Traité
Aquapooltek piscines spa matériel création installation réparation;60 Rue François 1er 75008 Paris France;;
Gîte Nature et Spa Jura;2 Rue du Château 39800 Oussières France;https://gite-spa-jura.wixsite.com/monsite;Traité
Gite Caramelle piscine interieure privee chauffee et SPA en Normandie;21 Rue d'Aulage 76270 Saint-Martin-l'Hortier France;https://app.superhote.com/#/rental/propertyKeyamJhKL3f4FdDVDnLtgeNFZPM2?startDate=&endDate=&adultsNumber=1&childrenNumber=0&lang=fr;Traité
Le Paradis du Spa Be Well Canada Spa Lyon Poseidon;Z.A. du Grand Planot 38290 La Verpillière France;http://www.leparadisduspa.net/?utm_source=gmb;Traité
Direct Spa 77 : jacuzzis extérieurs et Spas en Seine-et-Marne;7 N19 77170 Servon France;https://www.directspa.fr/;Traité
L'Ecrin du Puech - Piscine chauffée - Spa - Fitness - Nature;Chem. de Puech Bessous 81120 Teillet France;https://lecrindupuech.com/;Traité
Giovanni Riboli - Spa & Spa de nage;2 Rue Paul-Emile Victor 17640 Vaux-sur-Mer France;https://go.gr-spa.com/;Traité
Clairazur Spa Strasbourg;8 Rue de la Maison Rouge 67600 Sélestat France;https://clairazur.com/;Traité
Opulsion - Vente de spa • jacuzzi • sauna • hammam - Epinal Vosges (88);1B Rue du Char d'Argent 88000 Épinal France;https://www.opulsion.fr/;Traité
MT SPA - JACUZZI;Rn 193 20620 Biguglia France;https://www.jacuzzi-mtspa.fr/;Traité
Domaine de Farelle - SPA et Piscine privés - Gîte rural;Farelle 356 Rte de Goussaroc 46360 Les Pechs du Vers France;;
Aquavia Spa Nantes - Magasin de spas et spas de nage;2 Le Croisy 44700 Orvault France;https://aquaviaspa.com/fr/content/magasin-spas-nantes;Traité
Gîte Spa de la Comelle (fermé);5 Rue de la Comelle 08400 Semide France;https://frinn.click/te-spa-comelle-bkf09g;Traité
Demeure de Charme avec Piscine chauffée et SPA toute l'année;62170 Aix-en-Issart France;;
Piscine et Spa Ibiza;2 Bvd des 4 Arpents 28260 Anet France;;
Ma Petite Olivede SPA Piscine;30570 Saint-André-de-Majencoules France;;
Question Jardin Terville - Spa & Spas de Nage;Parc Himalaya 1 Rue du Forgeron 57180 Terville France;http://www.centerspas.com/;Traité
SPATTITUDE - SOFTUB Spa Paris & Sauna;ZA Courtaboeuf 6 Av. de l'Océanie 91940 Les Ulis France;https://www.spattitude.fr/;Traité
aqua spa piscine;Rue des Pins 31240 L'Union France;;
Gite Le Carcotier * - piscine et spa intérieur Unverre;La grande 28160 Unverre France;;
Gite La Mozanne ** - Piscine et Spa Unverre;1 28160 Unverre France;https://www.facebook.com/gitelagrandeboeufferie/;Traité
Chalet ARAVIS COSY - Spa piscine;74450 Saint-Jean-de-Sixt France;;
Piscines & Spa H'o'rmann;25 Rte de Bergues 59180 Cappelle-la-Grande France;;
Maison d'une chambre avec piscine partagee spa et jardin amenage a Rostrenen;22110 Rostrenen France;https://br.bluepillow.com/search/627d2200df4f49af9b339851?dest=bkng&cat=House&lat=48.20812&lng=-3.28899&language=pt;Traité
Maison de vacances « Camping Les Pialades - Gîte Spa » avec terrasse privée et Wi-Fi;24250 Nabirat France;;
Landes SPA Piscine Grange renovée dans airial proche de l'océan;40210 Escource France;;
Gîte spa les vallées;85 Les Vallées Durand 50150 Sourdeval France;;
Profitez de la piscine et du spa de cette ancienne magnanerie rénovée avec soin;30730 Gajan France;;
H Design Project - Création & aménagement d’espace extérieur & intérieur sur mesure - Spa & piscine;Rue Fauvettes 57480 Waldwisse France;https://www.hdesignproject.com/;Traité
Gîte des Champs Étoilés PISCINE & SPA en Mayenne;Narbonne 53110 Thubœuf France;https://gitedeschampsetoiles.fr/;Traité
Be Well Canada spa Sarreguemines;8 Rue André Rausch 57200 Sarreguemines France;http://www.spa-bewell.com/;Traité
Le Pisciniste Spa - Construction et Entretien de Piscine - Domancy (Haute-Savoie);230 Rte de Cruet 74700 Domancy France;;
Villa Maurine - Piscine chauffée - Spa - Clim - Salle de Fitness;81140 Castelnau-de-Montmiral France;;
Domaine de la Blanchère - Manoir avec piscine spa en Suisse Normande;61100 Athis-Val de Rouvre France;;
L’Appel de la Forêt – Grand Gîte 8 à 15 personnes | Piscine & Spa – Saumur;30 Rte du Doreur 49390 La Breille-les-Pins France;https://www.gites-saumur.fr/;Traité
Cinq M?ndes Spa Paris;59 Rue Léon Blum 76300 Sotteville-lès-Rouen France;;
Chambre d'hôtes de charme avec piscine et spa en Normandie;14140 Saint-Pierre-en-Auge France;;
Camping Village des Monedières - Chalet 8 personnes - LUXOR avec Spa privatif;19370 Chamberet France;;
Piscine Spa - Apartment;38660 Sainte-Marie-d'Alloix France;https://www.freecancellations.com/search/F2l0RFFRS3pVXVBdCFhZFVEJDRZgEVZB?lat=45.37811&lng=5.96808&language=de;Traité
Gîte et Spa le Clos de mon Père;1450 Rte de Rochefort 73240 Sainte-Marie-d'Alvey France;https://giteleclosdemonpere.com/;Traité
Domaine Louisa Spa et Nature;13 Rte du Haut du Tôt 88120 Sapois France;http://www.domaine-louisa.com/;Traité
L'Archipel Sainte-Maxime | Piscine et SPA (83);Les Bosquettes Av. Gaston Rebuffat CD 25 83120 Sainte-Maxime France;http://www.larchipelsaintemaxime.fr/;Traité
Résidence « la Menuiserie »\nVaste appt 4 ch avec piscine intérieure spa sauna.;88400 Gérardmer France;https://br.bluepillow.com/search/67a4c195064d51dcdc93114a?dest=bpex&cat=Apartment&lat=48.06073&lng=6.87607&language=pt;Traité
Clairazur Spa Lille;3 Rue du Dr Huart 59260 Lille France;https://clairazur.com/;Traité
Maison Piscine Chauffée SPA 6p 35 min Puy du Fou;79320 Moncoutant-sur-Sèvre France;https://br.bluepillow.com/search/681270e21a0d3c624b00dd78?dest=bpex&cat=House&lat=46.72221&lng=-0.58354&language=pt;Traité
Soulac sur Mer MAISON AVEC PISCINE PRIVATIVE ET SPA sans vis-à-vis proche mer;33780 Soulac-sur-Mer France;;
Villa Seyal - Chambre D'hôtes Avec PISCINE & SPA - LE MANS;2 Rue de Cyrus 72100 Le Mans France;https://villa-seyal.fr/;Traité
Location maison piscine intérieure - spa jacuzzi - en Gironde Aquitaine;33 Rte des Lacs 33990 Naujac-sur-Mer France;https://www.vacances-avec-piscine.com/gite-cote-ouest-153.htm;Traité
Maison Du Spa Strasbourg : Votre magasin de Spa à Vendenheim;6 Rue Transversale B 67550 Vendenheim France;https://www.maisonduspa.fr/magasin-spa-strasbourg;Traité
PISCINE COUVERTE ET CHAUFFEE D'AVRIL A OCTOBRE - CALME-DÉTENTE - SPA A L'ANNEE;14170 Courcy France;;
Sous le grand pin : piscine et spa (Gîtes Eden en Cévennes) à Anduze;30140 Anduze France;;
Le Showroom du spa - Poseidon spa France;ouverture sur RDV 152 Rue de Nice 83100 Toulon France;https://www.showroomduspa.fr/;Traité
Quality Spa - Showroom Jacuzzi Saunas - Agence La Rochelle;14 Av. des Vignes 17320 Saint-Just-Luzac France;https://www.qualityspa.fr/;Traité
LA DEMEURE 5* Spa Saint Quenin - 450 m² - 30 pers - Piscine-Jacuzzi;18 Av. Alexandre Blanc 84110 Vaison-la-Romaine France;https://www.saintquenin.com/;Traité
Villa Katharos avec SPA et piscine pour 15 personne;4 Rue de la Londe 50430 Vesly France;;
AQUAÉ SPA / SAUNA / HAMMAM;18 Av. de Mazamet 81090 Valdurenque France;https://aquae-spa.com/;Traité
Bell'eau Fontaines pisciniste et magasin de produits et équipements pour piscine & spa - Cap Corse;255 Marina 20247 Rogliano France;http://www.belleau-fontaines.fr/;Traité
Gite avec piscine et spa privatif SAINT ROME DE TARN AVEYRON proche MILLAU;12490 Saint-Rome-de-Tarn France;;
L'Ancienne Bergerie Gîte privatif Piscine intérieure et Spa (Otterswiller);67700 Otterswiller France;;
Ker'Bomat Paysagiste - piscine- spa- spa de nage - entretien;102 Rte de Pont Lorois 56550 Belz France;http://www.groupekerbomat.fr/;Traité
Parfum Piscine et Spa Kikao;111 Rue Lavoisier 37260 Monts France;http://kikao.net/;Traité
Appartement avec piscine intérieure et Spa dans Rouen;76000 Rouen France;https://br.bluepillow.com/search/6811b8c36178c7268f2d2090?dest=bkng&cat=Apartment&lat=49.44621&lng=1.10918&language=pt;Traité
Gite Lou Cantou sur Lunain-Piscine & SPA nordique;77710 Paley France;;
DANDELION GITE SPA Gorges du Tarn piscine jacuzzi rivière vue exceptionnelle villa nature design;12720 Mostuéjouls France;;
Gïte-chambre d'hôtes avec SPA intérieur privatif Ille et Vilaine;77 Av. du Général Patton 35470 Bain-de-Bretagne France;http://www.audomainedesanges.fr/;Traité
Gîte avec SPA enterré privatif dans le gîte et piscine chauffée à partager;35470 Bain-de-Bretagne France;;
MAISON 4 PERS + SPA + PISCINE CHAUFFEE CALME REPOS DANS MARAIS POITEVIN VENDÉE;85420 Liez France;;
Gîte du Placello gîte de groupe et familiale spa piscine sauna;3 Le Placello 56310 Quistinic France;https://hostelfr.click/te-placello-te-av1s0y;Traité
LES 2 CHAUMIÈRES Piscine Spa Honfleur;14600 Ablon France;;
SAS JOURDAN AND CO. - Côté Piscine & Spa 83 - Hyères;1783 Rte des Vieux Salins 83400 Hyères France;http://cote-piscine-83.fr/;Traité
Séjour LUXE pour couple avec PISCINE INTÉRIEURE terrasse SPA privé Green de GOLF - One-Bedroom House;11170 Alzonne France;;
Ecurie les Tourelles piscine intérieure spa en Normandie;76700 Gainneville France;;
Ecurie les Tourelles piscine intérieure & spa en Normandie;76700 Gainneville France;;
Poséidon Spa Montélimar;2 All. Marco Polo 26700 Pierrelatte France;https://www.poseidon-spa.com/;Traité
Domaine de la Barque: location saisonnière gîte de vacances avec piscine sauna spa Aude Carcassonne;Domaine Dela Barque 11300 Pieusse France;http://www.labarquepeltier.fr/;Traité
Camping Sites et Paysages - Les Pinèdes - Mobilhome 5 personnes - Cottage Premium Spa Taos;06480 La Colle-sur-Loup France;https://www.holidu.de/d/62705922?ref_source=google_vr&utm_source=google_vr_eb;Traité
Showroom Spa & Sauna BRIEU LE VAILLANT - Vente de Spa Jacuzzi Sauna Hammam en Bretagne;1 Rue de l'Europe 22680 BINIC France;https://www.showroom-spa-sauna.fr/;Traité
Effervescence Spa & Sauna;ZAC du Pontet 189 All. des Erables 73420 Drumettaz-Clarafond France;https://www.effervescence-spa.com/;Traité
Camping Vias & Spa à Vias Plage - Cap Soleil;Chem. de la Grande Cosse 34450 Vias France;https://www.capsoleil.fr/?utm_source=google&utm_medium=organic&utm_campaign=gbp;Traité
Villa 4 piscine intérieure privée / SPA - Plage à 200m;29430 Plouescat France;;
Côté SPA Narbonne;PUM Plastiques à côté de Atout Piscine 7 Imp. Niépce Face à 11100 Narbonne France;https://cote-spa.fr/;Traité
Caldera Spas 13 : Magasin de spa à Marseille Aix-en-provence;Zone du bas taulet Rte de Lambesc 13330 Pélissanne France;https://calderaspas13.fr/;Traité
Maison piscine et spa ????;33190 Morizès France;https://br.bluepillow.com/search/6233ad4b4c4d8d9b9b80154b?dest=bpex&cat=Cottage&lat=44.61634&lng=-0.11447&language=pt;Traité
Prestations Piscine - Piscine Spa Sauna Pool House à Donges;8 Rue du Dr Jules Poumier 44480 Donges France;;
Gîte SPA & Piscine CÔTÉ VERGER Merxheim ALSACE ( 7 pers.);68500 Merxheim France;;
Gentlemen Spa Piscine - Entretien Maintenance Piscines et Spas;;http://www.gentlemen-spa-piscine.fr/;Traité
MCG PISCINE ET SPA / MCG BÂTIMENT;;https://www.mcgpiscineetspa.fr/;Traité
Piscines et spa services;;https://www.piscines-et-spa-services.fr/;Traité
AG Hôtel & Spa Marrakech;KM 18 Douar Soukkane Route de FES Marrakech 40000 Maroc;https://www.ag-hotel.ma/;Traité
Amanar Hôtel & Spa Ouarzazate;Av. Erraha Ouarzazate 45000 Maroc;https://www.booking.com/hotel/ma/amanar-ouarzazate-boutique-amp-spa.fr.html?aid=397645&label=bin859jc-10CAEoggI46AdIDVgDaIwBiAEBmAEzuAEXyAEM2AED6AEB-AEBiAIBqAIBuAKi3-LLBsACAdICJDk3YTY0OTYzLTViMWYtNGNkMi05ZWU2LTBhYWMwOWNlMjIwN9gCAeACAQ&sid=687a2672252a0642c6dadf86ee6a070a&dest_id=14291430&dest_type=hotel&dist=0&group_adults=2&group_children=0&hapos=1&hpos=1&no_rooms=1&req_adults=2&req_children=0&room1=A%2CA&sb_price_type=total&sr_order=popularity&srepoch=1769516995&srpvid=60e357dc56de0510&type=total&ucfs=1&;Traité
Beautiful Massage and SPA Taghazout;Km3 AIT BIHI AIT BIHI Taghazout 80022 Maroc;https://www.facebook.com/BeautifulMassageTaghazout/;Traité
Borjs Hotel Suites & SPA Agadir;Lot N F7 Cité Baie des Palmiers Agadir 80000 Maroc;;
Centre Spa MADEMOISELLE;Appartement 4 immeuble 14 residence nour Av. John kennedy Safi Maroc;;
Demeures d´Orient Riad & Spa Marrakech;10 Arset Ben Nasser Marrakech 40000 Maroc;http://www.demeuresdorient.com/;Traité
DHBeaute SPA Ouarzazate;W3CH+3W2 40 Av. Mohammed V Ouarzazate 45000 Maroc;;
Domaine Dar Syada | Boutique-Hôtel & Spa Marrakech;Alouah Maroc;http://www.darsyada.com/;Traité
Hammam et Spa Jawhara - ???? ?????;Témara Maroc;https://www.temaracity.com/fr/listing/i-fitness-club/;Traité
Hôtel Le Médina Essaouira Thalassa sea & spa - MGallery;Av. Mohammed V Essaouira 44000 Maroc;https://all.accor.com/hotel/2967/index.fr.shtml;Traité
Hotel Oudaya & Spa Marrakech;147 Rue Mohammed el Beqal Marrakech 40000 Maroc;https://www.oudayahotel-spa.com/en/;Traité
Hotel SPA Atlassia;249 Bd Mohammed V angle Rue de Imam Ali Marrakech Maroc;http://www.hotelatlassia.com/;Traité
Hôtel Terminus City Center & Spa Oujda;Boulevard Zerktouni Place de la Gare Oujda 60000 Maroc;https://acollectionhotels.com/fr/our-destinations/%20Oujda/business/Atlas-Terminus-oujda;Traité
Hôtel Timoulay & Spa Agadir;Cité Founty F6 Baie des Palmiers Agadir 80000 Maroc;https://www.timoulayhotel.com/;Traité
Instant de plaisir spa 100% femme;lot smara immeuble 106 Av. Khadija Bent Khouailid Témara 12040 Maroc;;
KOREAN SPA : Massage Asiatique & Hammam;Av. Ben Badis El Jadida Maroc;;
L'Escale Spa & Wellness réserver aux femmes;12 Bd Sidi Mohamed Ben Abdallah Oujda 60000 Maroc;http://www.lescale.ma/;Traité
Luxe Spa & Wellness;numéro 1 Lot safae el hachmia n 2 magasin Témara 12010 Maroc;;
MAGIC Spa By Hotel Unico : Massage Casablanca / Hammam Casablanca / Spa Casablanca / Spa Massage Casablanca;5 Rue du Gabon Casablanca 20000 Maroc;https://magicspa-casa.com/;Traité
Moorish Spa Center;N 57 rue Larbi Laaroussi Settat Maroc;https://www.moorishcenter.com/;Traité
OMNIYA SPA by S&O;Lotissment haoud el maa Skhirat 12000 Maroc;https://instagram.com/girl_househm?utm_medium=copy_link;Traité
Palais D'Hôtes Suites & Spa Fes;9 Derb Sornass quartier Ziate Fes Medina 30200 Maroc;http://www.palais-hotes.com/;Traité
Palm Surf & Spa Hotel;Rue Taha Hessin Agadir 80000 Maroc;;
Rabat Spa Agdal;immeuble souhaila 2eme etage n 7 Av. Oqba Ibn Naafi Rabat 10090 Maroc;http://brigspa.com/;Traité
Riad Mayfez Suites & Spa Fes - Luxury Hotel Fez;36 Rue Oued souafine Douh 30000 Maroc;https://www.riadmayfez.com/;Traité
Riad Rcif & Spa Originale;Takharbicht Laayoune Rcif? n°1 Fes 30200 Maroc;https://www.riadrcif.com/;Traité
RIF SPA Kenitra;Nr2 angle rue jbala et Rue Saad Zaghloul Kénitra 14000 Maroc;;
Salon & SPA Asmae (Sidi Kacem);Angle Avenue Mohamed V Rue 22 (Immeuble El Yakout Sidi Kacem 16000 Maroc;;
Samara Spa Beauty;N 03 Bloc 09 Rue 1008 Agadir 80080 Maroc;;
Smart Body Spa Tanger;ma 8 34 res baudouin Rue Antaki Tanger 90000 Maroc;https://www.smartbodyspa.com/;Traité
The HORIZON Surf house and SPA Taghazout;G7VR+VH9 Taghazout Maroc;https://thehorizon-house.com/;Traité
Tulum Beach Resort & Spa Dakhla;Oum Labouir Dakhla;https://tulumbeachdakhla.com/;Traité
Vapeur d’Orient - Spa Wellness -;7C74+4FF Kénitra Maroc;;
YO Spa Agdal;37 Av. Fal Ould Oumeir Rabat 10090 Maroc;http://www.yosparabat.com/;Traité
Zone Fight Gym & Spa - Bouskoura;Lotissements Perla Bouskoura Lot. G32 casablanca Bouskoura 27182 Maroc;http://www.zonefightgym.ma/;Traité
Massage Spa Rabat;W3MR+FJ6 Avenida Moulay Ali Cherif Temara 12000 Maroc;;
Residence Oneloft - Aparthotel Obernai;1 Rue de Gengenbach 67210 Obernai France;http://www.oneloft.fr/;Traité
B&B HOTEL Agen;Rue Lespinasse 47000 Agen France;https://www.hotel-bb.com/fr/hotel/agen?utm_source=googlemaps&utm_medium=fichehotel&utm_campaign=yext;Traité
Aparthotel Adagio Access La Défense - Place Charras;1 Rue de Bitche 92400 Courbevoie France;https://www.adagio-city.com/8361?utm_source=googleMaps&utm_medium=seoMaps&utm_campaign=seoMaps&y_source=1_MTUzNTkyODctNzE1LWxvY2F0aW9uLndlYnNpdGU%3D;Traité
Appart'Hotel Garden & City - Marcy L'Etoile;80 Av. Marcel Mérieux 69280 Marcy-l'Étoile France;https://www.garden-city.fr/fr/marcy.html;Traité
Appart'Hotel Le Moulin du Verdon;272 Av. du Verdon 04800 Gréoux-les-Bains France;http://www.greoux.fr/;Traité
B&B HOTEL Beaune Sud 2;Rue Yves Bertrand Burgalat 21200 Beaune France;https://www.hotel-bb.com/fr/hotel/beaune-sud-2?utm_source=googlemaps&utm_medium=fichehotel&utm_campaign=yext;Traité
B&B HOTEL Bordeaux Sud;4 Rue Salvador Dali 33140 Villenave-d'Ornon France;https://www.hotel-bb.com/fr/hotel/bordeaux-sud?utm_source=googlemaps&utm_medium=fichehotel&utm_campaign=yext;Traité
B&B HOTEL Carcassonne Rocadest La Cité;Rue Joséphine Baker 11000 Carcassonne France;https://www.hotel-bb.com/fr/hotel/carcassonne-rocadest?utm_source=googlemaps&utm_medium=fichehotel&utm_campaign=yext;Traité
B&B HOTEL Honfleur;Chem. du Banc 14600 La Rivière-Saint-Sauveur France;https://www.hotel-bb.com/fr/hotel/honfleur?utm_source=googlemaps&utm_medium=fichehotel&utm_campaign=yext;Traité
B&B HOTEL Marseille Estaque;Rue Pascal Xavier Coste 13016 Marseille France;https://www.hotel-bb.com/fr/hotel/marseille-l-estaque?utm_source=googlemaps&utm_medium=fichehotel&utm_campaign=yext;Traité
B&B HOTEL Paris Nord Gonesse Parc des Expos;Rue Jean Mermoz 95500 Gonesse France;https://www.hotel-bb.com/fr/hotel/paris-nord-gonesse-parc-des-expos?utm_source=googlemaps&utm_medium=fichehotel&utm_campaign=yext;Traité
B&B HOTEL Strasbourg Sud Geispolsheim;Rue du 23 Novembre 67118 Geispolsheim France;https://www.hotel-bb.com/fr/hotel/strasbourg-sud-geispolsheim?utm_source=googlemaps&utm_medium=fichehotel&utm_campaign=yext;Traité
B&B HOTEL Toulouse Basso Cambo;12 Rue Claude-Marie Perroud 31100 Toulouse France;https://www.hotel-bb.com/fr/hotel/toulouse-basso-cambo?utm_source=googlemaps&utm_medium=fichehotel&utm_campaign=yext;Traité
B&B HOTEL Toulouse Cité de l'Espace Mouchotte;Imp. René Mouchotte 31500 Toulouse France;https://www.hotel-bb.com/fr/hotel/toulouse-cite-de-l-espace?utm_source=googlemaps&utm_medium=fichehotel&utm_campaign=yext;Traité
Brit Hotel Belfort Centre - Boreal;2 Rue Comte de la Suze 90000 Belfort France;http://belfort-centre.brithotel.fr/;Traité
Brit Hotel Confort Lannion Centre Gare;7 Av. du Général de Gaulle 22300 Lannion France;https://hotel-lannion-centre-gare.brithotel.fr/?utm_source=google&utm_medium=seo&utm_campaign=gmb;Traité
Brit Hotel Strasbourg Le Lodge;10 Rue Paul-Éluard 67200 Strasbourg France;https://hotel-strasbourg.brithotel.fr/?utm_source=google&utm_medium=seo&utm_campaign=gmb;Traité
Cit'Hotel Impérial;84 Pl. Edouard Herriot 34200 Sète France;https://www.logishotels.com/fr/hotel/-93627?partid=1535;Traité
Comfort Aparthotel Divonne-les-Bains : La Versoix;139 Rue de la Scie 01220 Divonne-les-Bains France;https://www.zenitude-hotel-residences.com/residences/divonne-les-bains-la-versoix-geneve/;Traité
Comfort Aparthotel L'Orée du Parc;237 Av. des Thermes 01220 Divonne-les-Bains France;https://www.zenitude-hotel-residences.com/residences/divonne-les-bains-loree-du-parc-geneve/;Traité
HÔTEL & APPART'HÔTEL - Brit Hotel Le Parc Vichy;7 Rue de la Grange aux Grains 03700 Bellerive-sur-Allier France;https://hotel-vichy.brithotel.fr/?utm_source=google&utm_medium=seo&utm_campaign=gmb;Traité
Hotel Frejus | Sable Et Soleil | Chambre Avec Jacuzzi Privatif Port Et Plage;158 Av. Paul Arène 83600 Fréjus France;http://www.hotel-sableetsoleil.com/;Traité
Hotel ibis budget Beaune;23 Av. Charles de Gaulle 21200 Beaune France;https://all.accor.com/lien_externe.svlt?goto=fiche_hotel&code_hotel=2524&merchantid=seo-maps-FR-2524&sourceid=aw-cen&utm_medium=seo%20maps&utm_source=google%20Maps&utm_campaign=seo%20maps;Traité
Hotel ibis Cannes Mandelieu;802 Bd des Écureuils 06210 Mandelieu-la-Napoule France;https://all.accor.com/lien_externe.svlt?goto=fiche_hotel&code_hotel=6518&merchantid=seo-maps-FR-6518&sourceid=aw-cen&utm_medium=seo%20maps&utm_source=google%20Maps&utm_campaign=seo%20maps;Traité
Hotel ibis Styles Parc des Expositions de Villepinte;54 Av. des Nations 93420 Villepinte France;https://all.accor.com/lien_externe.svlt?goto=fiche_hotel&code_hotel=5446&merchantid=seo-maps-FR-5446&sourceid=aw-cen&utm_medium=seo+maps&utm_source=google+Maps&utm_campaign=seo+maps&y_source=1_MTUzNTkyNjYtNzE1LWxvY2F0aW9uLndlYnNpdGU=;Traité
Hotel Inn Design Resto Novo Montargis;154 Rue du Vieux Bourg 45700 Villemandeur France;https://www.hotel-inn-montargis.fr/;Traité
Hotel La Croix des Bois;Lieu-dit La Croix des Bois RD987 D987 03450 Lalizolle France;http://www.lacroixdesbois.fr/;Traité
HOTEL LE MARINTAN;1 Rue de la Provalière 73140 Saint-Michel-de-Maurienne France;http://le-marintan.com/;Traité
Hotel Le Pont Neuf;25 VC Qur de la Croisette 48400 Florac Trois Rivières France;;
HOTEL LES CHAMPS - SOIREES ETAPES;2 Rue du Général Leclerc 61230 Gacé France;http://www.hoteldeschampsgace.com/;Traité
Hotel Moderne;4 Av. Emile Huchet 57800 Freyming-Merlebach France;https://hotel-restaurant-moderne-bellavi.frenchtravelescape.top/;Traité
Hotel Restaurant Atrachjata;100 Avenue St Alexandre Sauli 20270 Aléria France;https://hotel-aleria.com/;Traité
HotelF1 Fréjus Roquebrune sur Argens;"Carrefour Des 4 Chemins Lieu Dit "" Les Châtaigniers Rn 7 83520 Roquebrune-sur-Argens France";https://all.accor.com/lien_externe.svlt?goto=fiche_hotel&code_hotel=2488&merchantid=seo-maps-FR-2488&sourceid=aw-cen&utm_medium=seo%20maps&utm_source=google%20Maps&utm_campaign=seo%20maps;Traité
La symphonie des mains Headspa & Massage - Hotel de Berny Antony;129 Av. Aristide Briand 92160 Antony France;https://lasymphoniedesmains.systeme.io/instagram-lsdm;Traité
Logis Hotel Restaurant Le Petit Trôo du Cheval Blanc;47 Rue Auguste Arnault 41800 Troo France;https://www.hotel-lepetittrooduchevalblanc.com/;Traité
Nemea Appart'Hotel Europe Vélizy-Villacoublay;28 Av. de l'Europe 78140 Vélizy-Villacoublay France;https://www.nemea-appart-hotel.com/france/ile-de-france/yvelines/velizy-villacoublay/europe-velizy-villacoublay-15?utm_source=annuaire&utm_medium=seo&utm_campaign=seo-local&utm_content=gmb;Traité
Nemea Appart'Hotel Green Side Biot Sophia Antipolis;45 Rue Henri Poincaré 06410 Biot France;https://www.nemea-appart-hotel.com/france/paca/alpes-maritimes/biot-sophia-antipolis/green-side-biot-sophia-antipolis-5?utm_source=annuaire&utm_medium=seo&utm_campaign=seo-local&utm_content=gmb;Traité
Nemea Appart'Hotel Quai Victor Tours Centre;6 Rue Marcel Tribut 37000 Tours France;https://www.nemea-appart-hotel.com/france/centre/indre-et-loire/tours/quai-victor-tours-centre-7?utm_source=annuaire&utm_medium=seo&utm_campaign=seo-local&utm_content=gmb;Traité
Nemea Appart'Hotel Riviera Nice Aéroport;373 Prom. des Anglais 06200 Nice France;https://www.nemea-appart-hotel.com/france/paca/alpes-maritimes/nice/riviera-nice-aeroport-11?utm_source=annuaire&utm_medium=seo&utm_campaign=seo-local&utm_content=gmb;Traité
Nemea Appart'Hotel Toulouse Concorde Gare Matabiau;16 Bd Bonrepos 31000 Toulouse France;https://www.nemea-appart-hotel.com/residence/france/midi-pyrenees/haute-garonne/toulouse/residence-toulouse-concorde-152.html?utm_source=annuaire&utm_medium=seo&utm_campaign=seo-local&utm_content=gmb;Traité
Résidence du Parc Apparthotel;2 Rue Edouard Buffard 77144 Montévrain France;https://www.laresidenceduparc.fr/;Traité
Radisson Hotel Cannes Seaside;65 Av. du Dr Raymond Picaud 06150 Cannes France;https://www.radissonhotels.com/en-us/hotels/radisson-cannes-seaside?cid=a:se+b:gmb+c:emea+i:local+e:rad+d:+f:en-US+h:FRCEQAAA;Traité
ResidHotel Mulhouse Centre;49 Rue de la Sinne 68100 Mulhouse France;https://www.residhotel.com/mulhouse-centre;Traité
RUTHENIUM HOTEL;4 bis Bd Denys Puech 12000 Rodez France;https://ruthenium-hotel.fr/;Traité
Salvia Paris Hotel;16 Rue Cujas 75005 Paris France;https://www.hotelsalviaparis.com/;Traité
Sure Hotel by Best Western Béziers Le Monestié;10 Rue Théophile Gauthier 34760 Boujan-sur-Libron France;http://www.hotel-monestie-beziers.fr/;Traité
Sure Hotel by Best Western Port Jérome - Le Havre;1 Av. Amiral Grasset 76330 Port-Jérôme-sur-Seine France;https://www.bestwestern.fr/fr/hotel-Port-Jerome-Sur-Seine-Sure-Hotel-by-Best-Western-Port-Jerome---Le-Havre-93878;Traité
Zenitude Hôtel-Résidences Parc Marne la Vallée (Quality Aparthotel);34 Rue du Bois de Trou 77700 Bailly-Romainvilliers France;https://www.zenitude-hotel-residences.com/;Traité
Aparthotel Adagio Access Paris Reuilly;13 Rue de Reuilly 75012 Paris France;https://www.adagio-city.com/8984?utm_source=googleMaps&utm_medium=seoMaps&utm_campaign=seoMaps&y_source=1_MTUzNTkyODctNzE1LWxvY2F0aW9uLndlYnNpdGU%3D;Traité
Hotel de Plein Air Saint Hubert;Rte de Berck 62155 Merlimont France;http://www.sthubert62.com/;Traité
ResidHotel Lyon Part Dieu;79 Bd Marius Vivier Merle 69003 Lyon France;https://www.residhotel.com/lyon-part-dieu;Traité
Lagrange apart'HOTEL - Lyon Lumière;81-85 Cr Albert Thomas 69003 Lyon France;https://www.lagrange-aparthotel.com/lyon;Traité
ResidHotel Lyon Lamartine;11 Av. Victor Hugo 69130 Tassin-la-Demi-Lune France;https://www.residhotel.com/lyon-lamartine;Traité
Hotel Restaurant Le Connétable;place du Champ de Foire 05500 Saint-Bonnet-en-Champsaur France;https://www.hotel-le-connetable.com/;Traité
Aparthotel Adagio Paris Suresnes Longchamp;11 Rue Benoît Malon 92150 Suresnes France;https://www.adagio-city.com/http?utm_source=googleMaps&utm_medium=seoMaps&utm_campaign=seoMaps&y_source=1_MTUzNTkyODctNzE1LWxvY2F0aW9uLndlYnNpdGU%3D;Traité
Hotel ibis Aurillac;9 All. Georges Pompidou 15000 Aurillac France;https://all.accor.com/lien_externe.svlt?goto=fiche_hotel&code_hotel=9121&merchantid=seo-maps-FR-9121&sourceid=aw-cen&utm_medium=seo%20maps&utm_source=google%20Maps&utm_campaign=seo%20maps;Traité
Nemea Appart'Hotel Toulouse Aéroport;4 Rue Alain Fournier 31300 Toulouse France;https://www.nemea-appart-hotel.com/france/midi-pyrenees/haute-garonne/toulouse/toulouse-aeroport-14?utm_source=annuaire&utm_medium=seo&utm_campaign=seo-local&utm_content=gmb;Traité
Le NexHotel - Tarbes;2 Av. des Forges 65000 Tarbes France;http://www.lenexhotel.com/;Traité
ResidHotel Cannes Festival;107 Av. Francis Tonner 06150 Cannes France;https://www.residhotel.com/residence/cannes-la-bocca-cannes-festival/;Traité
Residhotel Villa Maupassant;8 Rue de la Verrerie 06150 Cannes France;https://www.residhotel.com/cannes-villa-maupassant;Traité
Terres de France - Appart Hotel Quimper;6 Rte de Locronan 29000 Quimper France;https://www.apparthotel-quimper.com/;Traité
Terres de France - Appart Hotel Brest;81 Rue Robert Doisneau 29200 Brest France;https://www.apparthotel-brest.com/;Traité
B&B HOTEL Dieppe;500 Rue de la Providence 76550 Saint-Aubin-sur-Scie France;https://www.hotel-bb.com/fr/hotel/dieppe?utm_source=googlemaps&utm_medium=fichehotel&utm_campaign=yext;Traité
Appart Hotel - Résidence Les 4 Sources Anduze;82 Rte de Saint-Jean du Gard 30140 Thoiras-Corbès France;https://www.les4sources.com/;Traité
hotelF1 Mulhouse Centre Ouest;Cité Du Parc 50 Rue Du Soleil All. Gluck 68200 Mulhouse France;https://all.accor.com/lien_externe.svlt?goto=fiche_hotel&code_hotel=2365&merchantid=seo-maps-FR-2365&sourceid=aw-cen&utm_medium=seo%20maps&utm_source=google%20Maps&utm_campaign=seo%20maps;Traité
Hotel U Libecciu;235 Strada di Foce 20248 Rogliano France;http://www.u-libecciu.com/;Traité
Nemea Appart'Hotel Home Suite Nancy Centre;13 Rue Albert Lebrun 54000 Nancy France;https://www.nemea-appart-hotel.com/france/lorraine/meurthe-et-moselle/nancy/home-suite-nancy-centre-10?utm_source=annuaire&utm_medium=seo&utm_campaign=seo-local&utm_content=gmb;Traité
Residhotel Grand Avignon;220 Chem. de la Blanchère 84270 Vedène France;https://www.residhotel.com/grand-avignon;Traité
Hotel Restaurant Camping Bal;500 Rue du Vieux Château 62890 Tournehem-sur-la-Hem France;https://www.hotel-camping-bal.fr/;Traité
B&B HOTEL Chartres Océane;6 Rue Blaise Pascal 28000 Chartres France;https://www.hotel-bb.com/fr/hotel/chartres-oceane?utm_source=googlemaps&utm_medium=fichehotel&utm_campaign=yext;Traité
Aparthotel Adagio Access Colombes La Défense;2 Rue Pierre Expert 92700 Colombes France;https://www.adagio-city.com/9296?utm_source=googleMaps&utm_medium=seoMaps&utm_campaign=seoMaps&y_source=1_MTUzNTkyODctNzE1LWxvY2F0aW9uLndlYnNpdGU%3D;Traité
B&B HOTEL Thionville Centre Gare;5 Pl. de la Gare 57100 Thionville France;https://www.hotel-bb.com/fr/hotel/thionville-centre-gare?utm_source=googlemaps&utm_medium=fichehotel&utm_campaign=yext;Traité
Eklo Hotels Le Havre;466 Av. du Bois au Coq 76600 Le Havre France;https://www.eklohotels.com/fr/le-havre;Traité
Aparthotel Adagio Nice Promenade des Anglais;179 Prom. des Anglais 06200 Nice France;https://www.adagio-city.com/9138?utm_source=googleMaps&utm_medium=seoMaps&utm_campaign=seoMaps&y_source=1_MTUzNTkyODctNzE1LWxvY2F0aW9uLndlYnNpdGU%3D;Traité
HOTEL GINGKO - Golf Parc 3 Etoiles;505 Rue des Moulins 28260 La Chaussée-d'Ivry France;https://hotel-gingko.com/;Traité
hotelF1;Zone De Loisirs Cantemerle Av. de Saint-Caprais 31240 L'Union France;https://all.accor.com/lien_externe.svlt?goto=fiche_hotel&code_hotel=2367&merchantid=seo-maps-FR-2367&sourceid=aw-cen&utm_medium=seo%20maps&utm_source=google%20Maps&utm_campaign=seo%20maps;Traité
hotelF1 Pontarlier;Combe Sourchet Zi Rue Gustave Eiffel 25300 Pontarlier France;https://all.accor.com/lien_externe.svlt?goto=fiche_hotel&code_hotel=2439&merchantid=seo-maps-FR-2439&sourceid=aw-cen&utm_medium=seo%20maps&utm_source=google%20Maps&utm_campaign=seo%20maps;Traité
B&B HOTEL Deauville-Touques;Rue des Tonneliers 14800 Touques France;https://www.hotel-bb.com/fr/hotel/deauville-touques?utm_source=googlemaps&utm_medium=fichehotel&utm_campaign=yext;Traité
B&B HOTEL Les Herbiers;3 Av. de l'Arborescente 85500 Les Herbiers France;https://www.hotel-bb.com/fr/hotel/les-herbiers?utm_source=googlemaps&utm_medium=fichehotel&utm_campaign=yext;Traité
Résidence hotelière Bocca Di Feno;Route de sartène 20169 Bonifacio France;https://domaine-boccadifeno.com/;Traité
RESIDENCE HOTELIERE A TRAMA;Route Santa Manza 20169 Bonifacio France;http://www.a-trama.com/;Traité
Lagrange apart'HOTEL - L'Escale Marine;36 Av. Amerigo Vespucci 17000 La Rochelle France;https://www.lagrange-aparthotel.com/la-rochelle;Traité
Hotel ibis Bourg Jasseron/Teyssonge;Aire De Bourg A40 01250 Jasseron France;https://all.accor.com/lien_externe.svlt?goto=fiche_hotel&code_hotel=1761&merchantid=seo-maps-FR-1761&sourceid=aw-cen&utm_medium=seo%20maps&utm_source=google%20Maps&utm_campaign=seo%20maps;Traité
Hotel de la Gare;229 Av. du 34EME Regiment Infanterie 40000 Mont-de-Marsan France;https://hoteldelagare.top/;Traité
Aparthotel Adagio Access Paris Quai d'Ivry;50 Bd de Brandebourg 94200 Ivry-sur-Seine France;https://www.adagio-city.com/8367?utm_source=googleMaps&utm_medium=seoMaps&utm_campaign=seoMaps&y_source=1_MTUzNTkyODctNzE1LWxvY2F0aW9uLndlYnNpdGU%3D;Traité
Sure Hotel by Best Western St-Amand-les-Eaux;Rocade du N 59230 Saint-Amand-les-Eaux France;https://www.bestwestern.fr/fr/hotel-Saint-Amand-Les-Eaux-Sure-Hotel-by-Best-Western-St-Amand-les-Eaux-93891?utm_source=ReferencementLocal&utm_medium=GMB;Traité
Aparthotel Adagio la Défense Courbevoie;2-4 Pl. des Pléiades 92400 Courbevoie France;https://www.adagio-city.com/9297?utm_source=googleMaps&utm_medium=seoMaps&utm_campaign=seoMaps&y_source=1_MTUzNTkyODctNzE1LWxvY2F0aW9uLndlYnNpdGU%3D;Traité
Aparthotel Adagio La Défense Kleber;73 Av. Gambetta 92400 Courbevoie France;https://www.adagio-city.com/6788?utm_source=googleMaps&utm_medium=seoMaps&utm_campaign=seoMaps&y_source=1_MTUzNTkyODctNzE1LWxvY2F0aW9uLndlYnNpdGU%3D;Traité
Hotel les peupliers Loriol du Comtat;1313 Rte d'Orange 84870 Loriol-du-Comtat France;http://hotel-les-peupliers.fr/;Traité
Aparthotel Adagio Access Montpellier Centre;40 Av. du Petit Train 34000 Montpellier France;https://www.adagio-city.com/a0x2?utm_source=googleMaps&utm_medium=seoMaps&utm_campaign=seoMaps&y_source=1_MTUzNTkyODctNzE1LWxvY2F0aW9uLndlYnNpdGU%3D;Traité
ResidHotel Toulouse Centre;11 Av. de la Garonnette 31000 Toulouse France;https://www.residhotel.com/toulouse-centre/;Traité
Aparthotel Adagio Annecy Centre;2 Pl. Marie Curie 74000 Annecy France;https://www.adagio-city.com/6187?utm_source=googleMaps&utm_medium=seoMaps&utm_campaign=seoMaps&y_source=1_MTUzNTkyODctNzE1LWxvY2F0aW9uLndlYnNpdGU%3D;Traité
Brit Hotel Essentiel Pau - Lescar;11 Rue Charles Moureu 64230 Lescar France;https://hotel-pau-lescar.brithotel.fr/?utm_source=google&utm_medium=seo&utm_campaign=gmb;Traité
Hotel-restaurant les Remparts;5 Prte de France 62170 Montreuil-sur-Mer France;http://www.lesremparts-montreuil.fr/;Traité
hotelF1 Vannes;Menimur Estates Rue Emile Jourdan 56000 Vannes France;https://all.accor.com/lien_externe.svlt?goto=fiche_hotel&code_hotel=2448&merchantid=seo-maps-FR-2448&sourceid=aw-cen&utm_medium=seo%20maps&utm_source=google%20Maps&utm_campaign=seo%20maps;Traité
APPART'HOTEL RESIDENCE LE SOLEIL;7 Rue Louis Pomes 65100 Lourdes France;http://www.residence-lesoleil.com/;Traité
B&B HOTEL Lourdes Centre Gare;5 Av. Général Baron Maransin 65100 Lourdes France;https://www.hotel-bb.com/fr/hotel/lourdes-centre?utm_source=googlemaps&utm_medium=fichehotel&utm_campaign=yext;Traité
B&B HOTEL Calais Centre Saint-Pierre;55 Rue de Lille 62100 Calais France;https://www.hotel-bb.com/fr/hotel/calais-centre-saint-pierre?utm_source=googlemaps&utm_medium=fichehotel&utm_campaign=yext;Traité
Appart hotel Coté Sud Allauch;Parc de Carvelan 657 Av. Marcel Pagnol 13190 Allauch France;http://www.residence-allauch.com/;Traité
Residhotel Le Grand Prado;7 Sq. des Frères Ambrogiani 13008 Marseille France;https://www.residhotel.com/marseille-grand-prado;Traité
Residhotel Vieux Port;4 Rue Coutellerie 13002 Marseille France;https://www.residhotel.com/marseille-vieux-port;Traité
Hotel de plein air Espace Pyrenees Loisirs;1 Chem. d'Artigue Menigue 65400 Lau-Balagnas France;;
Lagrange apart'HOTEL - Strasbourg Wilson;5C Bd du Président-Wilson 67000 Strasbourg France;https://www.lagrange-aparthotel.com/strasbourg;Traité
Hotel Petit Moulin;n/a 79120 Sainte-Soline France;https://www.lepetit-moulin.com/;Traité
Sunset Hotel La piscine;38 Av. de la Brigade Piron 14640 Villers-sur-Mer France;;
hotel la piscine;38 Av. de la Brigade Piron 14640 Villers-sur-Mer France;https://www.hotel-lapiscine.com/;Traité
Lachotelle Villa de vacances;1948 route de cholet 49280 La Tessoualle France;https://www.lachotelle.com/;Traité
ResidHotel St Etienne Centre;5 Rue Louis Braille 42000 Saint-Étienne France;https://www.residhotel.com/saint-etienne-centre;Traité
Hotel du Midi;Le Bourg 63850 Saint-Genès-Champespe France;http://www.auberge-hotel-saint-genes.fr/;Traité
Aparthotel Adagio Serris - Val d'Europe;18 Cr de l'Elbe 77700 Serris France;https://www.adagio-city.com/B2R7?utm_source=googleMaps&utm_medium=seoMaps&utm_campaign=seoMaps&y_source=1_MTUzNTkyODctNzE1LWxvY2F0aW9uLndlYnNpdGU%3D;Traité
Les Frégates Hotel Restaurant;3 Digue Jean Corruble 76450 Veulettes-sur-Mer France;http://www.les-fregates.com/;Traité
Fasthotel Les Ulis - Courtaboeuf;13 Av. des Tropiques 91955 Les Ulis France;https://www.fasthotel.com/hotels-pas-cher-region-parisienne/fasthotel-les-ulis;Traité
B&B HOTEL Nantes Atlantis Le Zénith;près du restaurant La Boucherie Rue du Moulin de la Rousselière 44800 Saint-Herblain France;https://www.hotel-bb.com/fr/hotel/nantes-atlantis-le-zenith?utm_source=googlemaps&utm_medium=fichehotel&utm_campaign=yext;Traité
Hotel Résidence La Transhumance;11 Rue de la Transhumance 13310 Saint-Martin-de-Crau France;https://www.hotel-transhumance.fr/;Traité
Aparthotel Adagio Nice Centre;22 Bd Du Bd Général Louis Delfino 06300 Nice France;https://www.adagio-city.com/B2H8?utm_source=googleMaps&utm_medium=seoMaps&utm_campaign=seoMaps&y_source=1_MTUzNTkyODctNzE1LWxvY2F0aW9uLndlYnNpdGU%3D;Traité
Aparthotel Adagio Access Nice Garibaldi;42 Bd Risso 06300 Nice France;https://www.adagio-city.com/8384?utm_source=googleMaps&utm_medium=seoMaps&utm_campaign=seoMaps&y_source=1_MTUzNTkyODctNzE1LWxvY2F0aW9uLndlYnNpdGU%3D;Traité
hotelF1 Saint Nazaire;Rue des Aigrettes 44570 Trignac France;https://all.accor.com/hotel/2223/index.fr.shtml?dateIn=&nights=&compositions=1&stayplus=false&snu=false#origin=hotelf1;Traité
hotelF1 Antibes Sophia Antipolis (Rénové);Live-Work Area In Farigoule Chem. de Saint-Bernard Route De 06220 Vallauris France;https://all.accor.com/lien_externe.svlt?goto=fiche_hotel&code_hotel=2303&merchantid=seo-maps-FR-2303&sourceid=aw-cen&utm_medium=seo%20maps&utm_source=google%20Maps&utm_campaign=seo%20maps;Traité
Lagrange apart'HOTEL - Les Jardins de l'Olympie;180 Voie Marie Fischer 06600 Antibes France;https://www.lagrange-aparthotel.com/antibes;Traité
Camping du Perche Bellemois - Mobilhome 4 personnes - Cottage avec terrasse 2 Ch/ 1 SdBb au domaine camp'hotel du Perche Bellêmois;61130 Bellême France;https://www.holidu.de/d/64068686?ref_source=google_vr&utm_source=google_vr_eb;Traité
Hotel Restaurant Des Pyrenees;Place Palouman 65370 Mauléon-Barousse France;http://hotelrestaurantdespyrenees.com/;Traité
NOMAD Hotel Le Havre;5 Rue Magellan 76600 Le Havre France;https://www.oceaniahotels.com/nomad-hotel-le-havre;Traité
Hotel ibis Styles Cholet;45 Av. d'Angers 49300 Cholet France;https://all.accor.com/lien_externe.svlt?goto=fiche_hotel&code_hotel=6924&merchantid=seo-maps-FR-6924&sourceid=aw-cen&utm_medium=seo%20maps&utm_source=google%20Maps&utm_campaign=seo%20maps;Traité
Brit Hotel Essentiel Cholet;Rue Maisonneuve 49300 Cholet France;https://cholet-sud.brithotel.fr/?utm_source=google&utm_medium=seo&utm_campaign=gmb;Traité
Brit Hotel de l'Hippodrome - Ploërmel;Rue Charles Aznavour 56800 Ploërmel France;https://ploermel.brithotel.fr/?utm_source=google&utm_medium=seo&utm_campaign=gmb;Traité
CIT'HOTEL LES ALIZÉS DINARD;11 Pl. de Newquay 35800 Dinard France;http://www.hotelalizes.com/;Traité
Hotel Novotel Amboise;17 Rue des Sablonnières 37400 Amboise France;https://all.accor.com/lien_externe.svlt?goto=fiche_hotel&code_hotel=0395&merchantid=seo-maps-FR-0395&sourceid=aw-cen&utm_medium=seo%20maps&utm_source=google%20Maps&utm_campaign=seo%20maps;Traité
555 Hotel Clubbing;Bd Mohamed VI Marrakech 40000 Maroc;https://www.555hotelclubbing.com/;Traité
Agadir Beach Club Hotel;Boulevard de Oued Souss Agadir 80000 Maroc;http://beachclub-agadir.com/;Traité
Algilà Fès Riad Medina Charme Hotel&SPA;17 Akibat Sbaa Fès Maroc;http://www.algilafes.com/;Traité
Anezi Tower Hotel;Boulevard Mohamed V Agadir 80000 Maroc;https://anezi-tower.agadirhotels.org/ar/;Traité
Aparthotel Les Oliviers Suites&Spa;Avenue Mohamed El Fassi n°26 Ras Kebdana 30000 Maroc;https://www.hotellesoliviers.ma/;Traité
ApartHotel Nzaha;Centre Tahannaout 42302 Maroc;http://www.nzahahotel.com/;Traité
Atlantic Palace Casino & Resort - Agadir hotels;Secteur Balneaire Et Touristique BP 194 Agadir 80000 Maroc;https://casinoatlanticagadir.com/;Traité
Atlas Aura Hotel Ourika - Marrakech;Douar Tafantant Ourika 40000 Maroc;https://www.atlasaurahotel.com/;Traité
CAMPING HOTEL AMERDOUL;Douar Icht 84100 Maroc;http://www.amerdoul.com/;Traité
Château Roslane Boutique Hotel & Spa;QH56+FC8 Domaine viticole – Château Roslane Meknès 50302 Maroc;https://www.roslaneboutiquehotel.com/;Traité
Dakhla Club Hotel & Spa;Point de Dragon PK 28 Dakhla Morocco 73000;https://dakhlaclub.com/;Traité
Dakhla Club Hotel & Spa;7CM6W62J+39 Point de Dragon PK 28 Dakhla 73000;https://www.dakhlaclub.com/;Traité
Delta Hotels by Marriott Marrakech Eden Andalou;P2009 Maroc;https://www.marriott.com/en-us/hotels/rakea-delta-hotels-marrakech-eden-andalou/overview/?scid=f2ae0541-1279-4f24-b197-a979c79310b0;Traité
DoubleTree by Hilton Ben Guerir Hotel & Residences;Mohammed VI Polytechnic University Ben Guerir 43150 Maroc;https://www.hilton.com/en/hotels/rakeddi-doubletree-ben-guerir-hotel-and-residences/?SEO_id=GMB-EMEA-DI-RAKEDDI;Traité
Fes Marriott Hotel Jnan Palace;8 Avenue Ahmed Chaouki Fes 30000 Maroc;https://www.marriott.com/en-us/hotels/fezmc-fes-marriott-hotel-jnan-palace/overview/?scid=f2ae0541-1279-4f24-b197-a979c79310b0;Traité
Flower Town Hotel & Spa;20 Av. Michlifen Rabat 10090 Maroc;https://flowertown-hotel.com/;Traité
Grand Mogador Hotel;10? Lotissement Al Ghandouri Av. du Front de Mer Tangier 90000 Maroc;http://www.mogadorhotels.com/tanger;Traité
Helnan Chellah Rabat Hotel;N2 Rue D'Ifni Rabat 10010 Maroc;http://www.helnan.com/;Traité
Hivernage Hotel & Spa;Hivernage And Spa Rue du Temple Marrakesh 40000 Maroc;https://www.hivernage-hotel.com/?utm_source=gmb_listing&utm_medium=organic;Traité
Honor Appart Hotel;Rte de Ceuta Fnideq 93100 Maroc;https://honorhotel.ma/;Traité
Hotel Achark;LOT ELOUHDA N°12 BD MOHAMMED VI? Bouarfa Maroc;;
Hotel Al Alba Hammam & Restaurant;Lot. Nakhil 35 Asilah 90050 Maroc;https://www.hotelalalba.com/;Traité
Hotel Atlas;el amraoui 3 Rue Mohamed Zerktouni Midelt Maroc;;
Hotel Atlas Guercif;"6MH3+9QQ +34° 13' 42.69"" -3° 20' 44.42"" Guercif N6 Guercif 35100 Maroc";;
Hotel Aymen;735H+VFW Sidi Slimane Maroc;http://www.hotel-aymen.com/;Traité
HOTEL BELLE VUE MEKNES;Rue Ibn Sina et 3 Zenkat Ibn Zoubir V Meknès 50000 Maroc;;
Hotel Bin el Ouidane;Route de Ouaouizerte R306 Bin El Ouidane 22200 Maroc;http://www.hotelbinelouidane.com/;Traité
Hotel Borj Rabat;PLACE 16 NOVEMBRE Bd Mohamed Lyazidi Rabat 10000 Maroc;https://www.barcelo.com/fr-ma/hotel-borj-rabat/?utm_source=google&utm_medium=organic&utm_campaign=my_business&utm_content=45092;Traité
HOTEL CAFE RESTAURANT BORJ AL ARAB;N°21 V3XJ+VX7 Lotissement El Aidi N11 Khouribga 25000 Maroc;;
Hotel Chark;Bd Mohammed 5 Guercif 35100 Maroc;https://hotelchark.ma/;Traité
Hotel Dakar;CVHR+949 Tan-Tan 82000 Maroc;;
Hotel Dar Eddaya;P4314 Maroc;http://www.dareddayahotel.ma/;Traité
Hotel Des Thermes;P4318 Tarmilate Maroc;;
Hotel El Yacouta;Km 3 Route De Tétouan-ceuta 93000 Maroc;http://www.hotelyacouta.com/;Traité
Hotel Glamour;Av. Mohamed V Al Hoceïma 32000 Maroc;;
Hotel Golden Flora;Lot.Janah N 3Angle Bd.Mohammed VI & Bd Ibn Khaldoun Beni-Mellal Maroc;https://hotelgoldenflora.com/;Traité
Hotel Imilchil;Zaouiat Cheikh Maroc;;
Hotel Le Coq Hardi;38 Km de Marrakech Route d'Ouarzazate BP 18 Pont du Zat Aït Ourir 42050 Maroc;;
Hotel Le Golf D’Essaouira & Spa;Domaine Mogador Diabat 44000 Maroc;https://golfdessaouira.com/;Traité
Hotel Les Jardins de La Koutoubia;J2G5+676 26 Rue Koutoubia Marrakech 40000 Maroc;http://www.lesjardinsdelakoutoubia.com/;Traité
Hotel les oliviers;Avenue de Ben Guerir Maroc;https://eb-lesoliviers.com/;Traité
Hotel Manarat;Rue Saguia El hamra Boujdour 71000;https://hotelboujdour.com/;Traité
Hotel Nour Plazza;19Avenue Allal Ben Abdellah V.N Fès 30000 Maroc;https://www.nourplazza.com/;Traité
Hotel Restaurant Ali;Rue Enajjarine Midelt 54350 Maroc;https://www.instagram.com/hotelrestaurantali/;Traité
Hotel Rherssllah Zaìo ???? ??? ???? ????;N° 2 Route Principale Zaïo 62900 Maroc;https://hotel-rherssllah.com/;Traité
Hotel Riu Palace Tikida Agadir;Chemin des Dunes B.P. 901 Chemin des dunes? Agadir 80000 Maroc;https://www.riu.com/en/hotel/morocco/agadir/hotel-riu-palace-tikida-agadir?utm_source=google&utm_medium=organic&utm_campaign=my_business&utm_content=XTA;Traité
Hotel Riu Palace Tikida Taghazout;Taghazout Bay Agadir 80022 Maroc;https://www.riu.com/en/hotel/morocco/agadir/hotel-riu-palace-tikida-taghazout?utm_source=google&utm_medium=organic&utm_campaign=my_business&utm_content=XTG;Traité
Hotel Riu Tikida Beach;Rte de L'Oued Sous Agadir 80000 Maroc;https://www.riu.com/en/hotel/morocco/agadir/hotel-riu-tikida-beach?utm_source=google&utm_medium=organic&utm_campaign=my_business&utm_content=TBE;Traité
Hotel Riu Tikida Dunas;9CX2+9W6? BP N° 901 Chemin des dunes Agadir 80000 Maroc;https://www.riu.com/en/hotel/morocco/agadir/hotel-riu-tikida-dunas?utm_source=google&utm_medium=organic&utm_campaign=my_business&utm_content=TDU;Traité
Hotel Riu Tikida Palmeraie;Route Fés N8 km 6 (Annakhil) Marrakesh 40007 Maroc;https://www.riu.com/en/hotel/morocco/marrakech/hotel-riu-tikida-palmeraie?utm_source=google&utm_medium=organic&utm_campaign=my_business&utm_content=TPA;Traité
Hotel Royal Mirage;Av. Mohammed V Agadir 80000 Maroc;http://www.royalmirageinternational.com/;Traité
Hotel Sahrai;Fès 30000 Maroc;http://www.hotelsahrai.com/;Traité
Hotel Sania;Avenue des FAR Sidi Bennour Maroc;;
HOTEL TARGANTE BIOUGRA;Biougra Maroc;https://www.instagram.com/hotel.targante/;Traité
Hotel Tarik;RJXW+628 Av. Mohammed V Fnideq 93100 Maroc;;
IDOU ANFA HOTEL CASABLANCA;85 Bd d'Anfa Casablanca 20000 Maroc;https://hotelidouanfacasablanca.com/;Traité
Imperial Casablanca Hotel & Spa;Ex Rond Point Shell? 291 Boulevard Mohamed V &? Angle Rue d'Azilal Casablanca 20110 Maroc;http://www.hotelimperialcasablanca.com/;Traité
Kabila Hotel & Spa;Km 20 Hotel Kabila Route de Ceuta M'diq 93200 Maroc;https://www.kabila-hotel.com/;Traité
Kenzi Rissani Hotel-Er-rachidia;BP 03 Avenue Moulay Ali chérif Errachidia 52000 Maroc;https://www.kenzi-hotels.com/kenzi-rissani;Traité
L’adresse Boutique Hotel & Spa;Q5GV+W46 Rue Imam El Ghazali Tanger Maroc;http://www.hoteladresse.com/;Traité
Le Casablanca Hotel;19 Bd Moulay Rachid Casablanca 20250 Maroc;http://www.lecasablanca-hotel.com/;Traité
Le Diwan Hotel Rabat - MGallery Collection;Place De L'Unité Africaine Hassan District Rabat 10005 Maroc;https://mgallery.accor.com/hotels/2820?merchantid=seo-maps-MA-2820&sourceid=aw-cen&utm_source=google+Maps&utm_medium=seo+maps&utm_campaign=seo+maps&utm_term=MGallery-Launch;Traité
L'Escale Hotel & Spa;QCPX+PH Ouazzane Maroc;http://www.7avhotels.com/;Traité
L'Escale Suites Résidence Hôtelière By 7AV HOTELS;Quartier Mohammédia Maroc;http://www.7avhotels.com/;Traité
New Hotel Piscine wellness & Spa;Boulevard Abdelmoumen 10 Rue du Calavon Casablanca Maroc;http://www.newhotel.ma/;Traité
Nobu Hotel Marrakech;Av. Echouhada et Rue du Temple Marrakesh 40000 Maroc;https://marrakech.nobuhotels.com/?utm_source=google&utm_medium=local&utm_campaign=nobu-hotel-marrakech;Traité
Oasis Hotel & Spa;Rue Granada Agadir 80010 Maroc;https://www.instagram.com/hotel_oasis_agadir?igsh=MXFtMTVzYmY4Y3ZicQ==;Traité
Odyssee Park Hotel;Av. Mohammed V Agadir 80000 Maroc;http://www.odysseepark.com/;Traité
Ourika Camp Suites Hotel & Resort;Km 10 Route de Ourika Marrakesh 44000 Maroc;https://ourikacamp.com/;Traité
Palais du Désert Hotel & Spa;Erfoud 52200 Maroc;http://www.palaisdudesert.com/;Traité
Palmiers Hotel Club;Errachidia Maroc;https://www.palmiershotelclub.space/;Traité
Résidence Hotelière Rim Aquatique;Km8 Rte Principale Fès Meknès Fès 30000 Maroc;https://rimaquatique.com/;Traité
Riad Ennakhil - Hotel & Spa;KM 5 Rte de Casablanca Marrakech 40000 Maroc;https://valladolidhostel.com/riad-ennakhil;Traité
Riad Villa Blanche - Boutique Hotel & Spa;Secteur R n° 19 Agadir 80000 Maroc;https://www.riadvillablanche.com/;Traité
Royal Mirage Hotel Fes;n 4 Av. des Forces Armées Royales Fès 30050 Maroc;http://royalmirageinternational.com/;Traité
Sahara Beach Hotel;FMX8+VX2 El Ouatia Maroc;https://hotelsaharabeach.com/;Traité
Sahariano Hotel City Center;Morocco Boulevard Mekka Anguel 20 Aout N5 Laayoune 70000;https://hotel.backend.elsahariano.com/en;Traité
SALUT MAROC! Luxury Boutique Hotel & Restaurant.;32 Rue Ibn Rochd Essaouira 44000 Maroc;http://www.salutmaroc.com/;Traité
Spa hotel igoudar;hotel igoudar Agadir 80000 Maroc;http://www.massageagadir.ma/;Traité
Suites Hotel Mohammed V by Accor;Place mohamed VI Maroc;https://www.facebook.com/suitehotelmohammedv;Traité
Taj Atlas Wellness Boutique Hotel & Spa;Route D'Amizmiz Km 47 Lalla Takerkoust Marrakech Maroc;https://www.taj-atlas-wellness.com/;Traité
Tigmi Hotel;Douar Tagadert Ait El Kadi BP 78 Tameslouht 42312 Maroc;https://www.tigmi.com/;Traité
Valley Boutique Hotel;Ovallay Safi 46000 Maroc;;
Weedan Hotel & spa;Km 17 Route de Fès Oulad Hassoune 44000 Maroc;http://www.weedanhotel.com/;Traité
Aglou beach hotel;R539+F55 Corniche Aglou Maroc;;
Campingplatz am Ksar Timnay Hotel;Q32J+HQ4 Ait Toughach Maroc;;
Kenz Mehdia Hotel Resort Aqua Park;Kénitra Maroc;;
B&B HOTEL Leiria Fátima;R. Carlos Leonel Sousa Caiado 2400-449 Leiria Portugal;https://www.hotel-bb.com/pt/hotel/leiria?utm_source=googlemaps&utm_medium=fichehotel&utm_campaign=leiria;Traité
B&B HOTEL Santo Tirso;R. Picoto 267 4780-521 Santo Tirso Portugal;https://www.hotel-bb.com/pt/hotel/santo-tirso?utm_source=googlemaps&utm_medium=fichehotel&utm_campaign=santotirso;Traité
Grande Hotel de Paris;Rua da Fábrica 27 4050-247 Porto Portugal;https://www.stayhotels.pt/grandehotelparis/;Traité
Hotel The Cliff Bay;Estrada Monumental 147 São Martinho 9004-532 Funchal Portugal;https://www.portobay.com/en/hotels/madeira-hotels/the-cliff-bay/;Traité
LA MAISON ROUGE Hôtel Restaurant Séminaires & Spa;61 Rue de la République 73000 Barberaz France;http://www.chambery-hotel.fr/;Traité
Logis Hôtel le Val de Vence;Rue Cécilia Gazanière 08430 Launois-sur-Vence France;https://www.logishotels.com/fr/hotel/-9945?partid=1535;Traité
Appart'City Classic Angoulême Centre - Appart Hôtel;70 Av. de Cognac 16000 Angoulême France;https://www.appartcity.com/fr/destinations/france/nouvelle-aquitaine/angouleme/angouleme-centre?utm_source=google&utm_medium=mybusiness&utm_campaign=angouleme-centre;Traité
Appart'City Classic Lyon Part-Dieu - Appart Hôtel;111 Bd Marius Vivier Merle 69003 Lyon France;https://www.appartcity.com/fr/destinations/france/auvergne-rhone-alpes/lyon/lyon-part-dieu?utm_source=google&utm_medium=mybusiness&utm_campaign=lyon-part-dieu;Traité
Appart'City Classic Lyon Part-Dieu Villette - Appart Hôtel;6 Av. Lacassagne 69003 Lyon France;https://www.appartcity.com/fr/destinations/france/auvergne-rhone-alpes/lyon/lyon-part-dieu-villette?utm_source=google&utm_medium=mybusiness&utm_campaign=lyon-part-dieu-villette;Traité
Appart'City Classic Marseille Aéroport Vitrolles - Appart Hôtel;Parc aero Industries ZAC de la 1 Imp. Descartes 13127 Vitrolles France;https://www.appartcity.com/fr/destinations/france/provence-alpes-cote-dazur/marseille/marseille-aeroport-vitrolles?utm_source=google&utm_medium=mybusiness&utm_campaign=marseille-aeroport;Traité
Appart'City Classic Reims Parc des Expositions - Appart Hôtel;ZAC Croix de Blandin 17 Rue Marie Marvingt 51100 Reims France;https://www.appartcity.com/fr/destinations/france/grand-est/reims/reims-parc-des-expositions?utm_source=google&utm_medium=mybusiness&utm_campaign=reims-parc-des-expositions;Traité
Appart'City Confort Amiens Gare - Appart Hôtel;80 Bd d'Alsace Lorraine 80000 Amiens France;https://www.appartcity.com/fr/destinations/france/hauts-de-france/amiens/amiens-gare?utm_source=google&utm_medium=mybusiness&utm_campaign=amiens-gare;Traité
Appart'City Confort Angers - Appart Hôtel;57 Rue de Rennes 49100 Angers France;https://www.appartcity.com/fr/destinations/france/pays-de-la-loire/angers/angers?utm_source=google&utm_medium=mybusiness&utm_campaign=angers;Traité
Appart'City Confort Cherbourg - Appart Hôtel;65 Av. Carnot 50100 Cherbourg-en-Cotentin France;https://www.appartcity.com/fr/destinations/france/normandie/cherbourg/cherbourg-centre-port?utm_source=google&utm_medium=mybusiness&utm_campaign=cherbourg-centre-port;Traité
Appart'City Confort Lille Grand Palais - Appart hôtel;19 Rue Berthe Morisot 59000 Lille France;https://www.appartcity.com/fr/destinations/france/hauts-de-france/lille/lille-grand-palais?utm_source=google&utm_medium=mybusiness&utm_campaign=lille-grand-palais;Traité
Appart'City Confort Lyon Cité Internationale - Appart Hôtel;157 Grande Rue de St Clair 69300 Caluire-et-Cuire France;https://www.appartcity.com/fr/destinations/france/auvergne-rhone-alpes/lyon/lyon-cite-internationale?utm_source=google&utm_medium=mybusiness&utm_campaign=lyon-cite-internationale;Traité
Appart'City Confort Reims Centre - Appart Hôtel;33 Rue Ponsardin 51100 Reims France;https://www.appartcity.com/fr/destinations/france/grand-est/reims/reims-centre?utm_source=google&utm_medium=mybusiness&utm_campaign=reims-centre;Traité
Appart'Hôtel Le Liberté Vannes Centre;6 Pl. de la Libération 56000 Vannes France;http://www.residenceleliberte-vannescentre.com/;Traité
Appart'hôtel Odalys City Aix en Provence Centre Rotonde (Les Floridianes);24 Bd Albert Charrier 13090 Aix-en-Provence France;https://www.odalys-vacances.com/location-campagne/provence-et-luberon/aix-en-provence/aix-en-provence-centre-rotonde-les-floridianes.html?ept-publisher=uska&ept-name=aix-en-provence-aix-en-provence-centre-rotonde-les-floridianes;Traité
Appart'hôtel Odalys City Aix en Provence Ouest;42 Rte de Galice 13090 Aix-en-Provence France;https://www.odalys-vacances.com/location-campagne/provence-et-luberon/aix-en-provence/aix-en-provence-ouest.html?ept-publisher=uska&ept-name=aix-en-provence-aix-en-provence-oust;Traité
Appart'hôtel Odalys City Antibes Olympe;670 1ère Avenue 06600 Antibes France;https://www.odalys-vacances.com/location-mer/cote-d-azur/antibes/olympe.html?ept-publisher=uska&ept-name=antibes-olympe;Traité
Appart'hôtel Odalys City Cosy Tours Le Jardin des Lettres;49 bis Bd Preuilly 37000 Tours France;http://qua.etr.im/OJab;Traité
Appart'hôtel Odalys City Le Mans Centre Palais des Congrès;7 Rue Barbier 72100 Le Mans France;https://www.odalys-vacances.com/location-ville/pays-de-la-loire/le-mans/odalys-city-le-mans-centre-palais-des-congres.html?ept-publisher=uska&ept-name=le-mans-centre-palais-des-congres;Traité
Appart'hôtel Odalys City Strasbourg Centre Les Halles;27/29 Rue du Marais-Vert 67000 Strasbourg France;https://www.odalys-vacances.com/location-campagne/alsace-lorraine/strasbourg/strasbourg-centre-les-halles.html?ept-publisher=uska&ept-name=strasbourg-strasbourg-centre-les-halles;Traité
Appart'hôtel Odalys City Toulouse Blagnac Aéroport;6 Pl. Marcel Dassault 31700 Blagnac France;https://www.odalys-vacances.com/location-ville/sud-ouest/toulouse/toulouse-blagnac-aeroport.html?ept-publisher=uska&ept-name=toulouse-toulouse-blagnac-aeroport;Traité
Appart'hôtel Odalys City Toulouse Centre Compans Caffarelli;39 Rue du Béarnais 31000 Toulouse France;https://www.odalys-vacances.com/location-ville/sud-ouest/toulouse/centre-compans-caffarelli.html?ept-publisher=uska&ept-name=toulouse-centre-compans-caffarelli;Traité
Appart'hôtel Odalys City Toulouse Centre Gare;76 Rue de la Colombette 31000 Toulouse France;https://www.odalys-vacances.com/location-ville/sud-ouest/toulouse/toulouse-centre-gare.html?ept-publisher=uska&ept-name=toulouse-toulouse-centre-gare;Traité
Appart'Hôtel Serris Rive Gauche Séjours & Affaires;20 Cr du Danube 77700 Serris France;https://www.myresidhome.com/serris/sejours-affaires-rive-gauche/apparthotel-residence-hoteliere.html;Traité
Appart Hôtel;73 Rue Blaise Pascal 01630 Saint-Genis-Pouilly France;https://www.myresidhome.com/st-genis-pouilly/sejours-affaires-saint-genis/apparthotel-residence-hoteliere.html;Traité
Appart Hôtel - Residhome Carrières La Défense;2 Av. Eiffel 78420 Carrières-sur-Seine France;https://www.myresidhome.com/carrieres-sur-seine/residhome-carrieres-la-defense/apparthotel-residence-hoteliere.html;Traité
Appart Hôtel - Residhome Nantes Berges de la Loire;3 All. Jacques Berque 44000 Nantes France;https://www.myresidhome.com/nantes/residhome-nantes-berges-de-la-loire/apparthotel-residence-hoteliere.html;Traité
Appart Hôtel Mer & Golf City;6 Rue Jean Pommiès 33520 Bruges France;https://www.meretgolf.com/mon-sejour/114-appart-hotel-mer-golf-city-bordeaux-bruges.html;Traité
Appart Hôtel Résidence CERISE Dax - Les Jardins Du Lac;728 All. de Christus 40990 Saint-Paul-lès-Dax France;https://www.cerise-hotels-residences.com/cerise-dax-les-jardins-du-lac/;Traité
Association Tarnaise de l'Hôtellerie de Plein Air (ATHPA);Hôtel Reynès 10 Rue des Grenadiers 81000 Albi France;https://www.campingtarn.com/;Traité
Aux Terrasses - Hôtel Restaurant Tournus;18 Av. du 23 Janvier 71700 Tournus France;https://www.aux-terrasses.com/;Traité
"Belambra Hôtel ""L'Orée des Pistes""";5 Place des 2 Alpes 38860 Les Deux Alpes France;https://www.belambra.fr/destinations/auvergne-rhone-alpes/club-les-deux-alpes-l-oree-des-pistes-hiver?ept-name=partoo-belambra-gmb&ept-publisher=partoo&utm_campaign=partoo-belambra-gmb&utm_medium=partner&utm_source=partoo;Traité
"Belambra Hôtel ""Le Grand Hôtel de la Mer""";17 Rue d'Ys 29160 Crozon France;https://www.belambra.fr/destinations/bretagne/club-morgat-le-grand-hotel-de-la-mer-ete?ept-name=partoo-belambra-gmb&ept-publisher=partoo&utm_campaign=partoo-belambra-gmb&utm_medium=partner&utm_source=partoo;Traité
Camping et hôtel plein aire chalets tout confort avec lac naturel et plage;rue de Lalande 87250 Bessines-sur-Gartempe France;;
Chambres d'hôtes & Camping Les Jardins de Camelot Villegouge;40 Rte de Camelot 33141 Villegouge France;http://www.lesjardinsdecamelot.com/;Traité
Chambres d'hôtes - Camping La Prévôté - Gironde;4 La Prévoté 33240 Périssac France;https://www.tourisme-fronsadais.com/hebergement-locatif/la-prevote/;Traité
Chambres d'hôtes le Loubarré;550 Rue des Montifaux 62130 Gauchin-Verloingt France;https://www.facebook.com/LeLoubarre/;Traité
Chambres d’hôtes La Joyeuse;3 Pl. de la République 18370 Préveranges France;http://www.la-joyeuse.com/;Traité
Demeures & Châteaux - Hôtel de la Porte Saint-Malo - DINAN;35 Rue Saint-Malo 22100 Dinan France;http://www.hotelportemalo.com/;Traité
Domaine des Pierres Jumelles - Balade à cheval - Chambre d’hôtes-Hébergements insolites-Mayenne;280 hameau de rame 53600 Sainte-Gemmes-le-Robert France;https://www.pierresjumelles.com/;Traité
Enzo Hôtels Diane - Logis Amnéville;Bois de Coulange Cité des loisirs 230 Rue de la Source 57360 Amnéville France;https://www.enzo-hotels.com/hotel/enzo-hotels-diane-amneville/?date_from&date_to;Traité
Fasthôtel Périgueux - Un hôtel FH Confort;12 Av. du Parc 24430 Marsac-sur-l'Isle France;https://www.fasthotel-perigueux.com/?utm_source=Google&utm_medium=Mybusiness&utm_campaign=GoogleMyBusiness;Traité
Grand Hôtel du Palais Royal;4 Rue de Valois 75001 Paris France;http://www.grandhoteldupalaisroyal.com/;Traité
HÔTEL D’ORLÉANS ANGOULEME;133 Av. Gambetta 16000 Angoulême France;http://hotel-orleans-angouleme.fr/;Traité
HÔTEL DE FRANCE Restaurant-Brasserie LA TAVERNE;1 Bis Rue de la République 76170 Lillebonne France;https://hoteldefrance-lillebonne.fr/;Traité
Hôtel - Hostel Cap'Étoilé - Cap'Découverte;Hostel Cap Découverte 81450 Le Garric France;https://www.hostel-capdecouverte.com/;Traité
Hôtel 4 étoiles Le Vieux Chalet;309 Rte du Crêt du Merle 74220 La Clusaz France;https://levieuxchalet.fr/;Traité
Hôtel Astrid Caen Centre;39 Rue de Bernières 14000 Caen France;https://hotelastrid.fr/;Traité
Hôtel Beaulieu;88 Chem. des Éboulis 74220 La Clusaz France;http://www.hotel-carlina.com/;Traité
Hôtel Cambon;3 Rue Cambon 75001 Paris France;http://www.hotelcambon.com/;Traité
Hôtel Campanile Millau;ZA Cap du Crès Bd Georges Brassens 12100 Millau France;https://millau.campanile.com/fr-fr/?utm_content=partoo&utm_medium=seo-bgp&utm_source=google;Traité
Hôtel Campanile Sète Balaruc;Zone Commerciale de La 34540 Balaruc-le-Vieux France;https://sete-nord-balaruc.campanile.com/fr-fr/?utm_content=partoo&utm_medium=seo-bgp&utm_source=google;Traité
Hôtel Casa Moho | Saint-François-Longchamp;Station Basse 1450 340 Rue des Clochettes 73130 St François Longchamp France;https://www.casamoho.com/;Traité
Hôtel de France;59 Rue Nationale 74500 Évian-les-Bains France;https://www.hotel-france-evian.fr/;Traité
Hôtel de l'Opéra;35 Rue Esprit des Lois 33000 Bordeaux France;https://opera.hotel-bordeaux-centre.com/;Traité
Hôtel de la Colombiere;7 Av. Boucicaut 71100 Chalon-sur-Saône France;http://www.hotel-delacolombiere.com/;Traité
Hôtel des Bords De L'Ill;1 Rue du Muhlbach 67150 Erstein France;https://hotel-bords-ill.fr/;Traité
Hôtel des Jacobines;10 Rue des Jacobines 71100 Chalon-sur-Saône France;http://www.hotel-lesjacobines.com/;Traité
Hôtel Deybach;4 Rue du Badischhof 68140 Munster France;http://www.hotel-deybach.com/;Traité
Hôtel du Domaine du Mas Blanc (by Popinns);Rte de Theza 66200 Alénya France;https://masblanc.popinns.com/?utm_source=GMB+FICHE+&utm_medium=GMB+FICHE+-+MBC&utm_campaign=GMB+FICHE+-+MBC+-+ORGANIQUE;Traité
Hôtel du Golf Pierre & Vacances;Domaine Et Golf De Pont-Royal 13370 Mallemort France;https://www.pierreetvacances.com/fr-fr/fp_POH_location-hotel-golf-pont-royal;Traité
Hôtel Escale Oceania Vannes;Av. Jean Monnet 56000 Vannes France;https://www.oceaniahotels.com/escale-oceania-vannes;Traité
Hôtel Estelou;297 Av. de la Gare 30250 Sommières France;http://www.hotelestelou.fr/;Traité
Hôtel Floralp;79 Chem. du Pré de Foire 74220 La Clusaz France;http://hotelfloralp.com/;Traité
Hôtel Henri IV;4 Pl. du Général Leclerc 47600 Nérac France;http://www.hotelhenriiv.fr/;Traité
Hôtel Ibis;Rn7 Rue du Plt de la Bonne Dame 58000 Nevers France;http://www.ibis.com/;Traité
Hôtel Ibis Arcachon La Teste;1 Rn 250 Impasse du Bosquet Rn 250 33260 La Teste-de-Buch France;https://all.accor.com/lien_externe.svlt?goto=fiche_hotel&code_hotel=3576&merchantid=seo-maps-FR-3576&sourceid=aw-cen&utm_medium=seo%20maps&utm_source=google%20Maps&utm_campaign=seo%20maps;Traité
Hôtel ibis budget Angoulême Centre;Angle 179 Avenue Gambetta Rue de l'Éperon 16000 Angoulême France;https://all.accor.com/lien_externe.svlt?goto=fiche_hotel&code_hotel=2554&merchantid=seo-maps-FR-2554&sourceid=aw-cen&utm_medium=seo%20maps&utm_source=google%20Maps&utm_campaign=seo%20maps;Traité
Hôtel ibis Budget Bordeaux le Lac;Centre Hôtelier Du Lac Rue du Petit Barail 33300 Bordeaux France;https://all.accor.com/lien_externe.svlt?goto=fiche_hotel&code_hotel=3085&merchantid=seo-maps-FR-3085&sourceid=aw-cen&utm_medium=seo%20maps&utm_source=google%20Maps&utm_campaign=seo%20maps;Traité
Hôtel ibis Budget Courbevoie Paris La Défense 1;Accès Piéton: 37 Quai Du Président Paul Doumer 60 Rue Victor Hugo 92400 Courbevoie France;https://all.accor.com/lien_externe.svlt?goto=fiche_hotel&code_hotel=3583&merchantid=seo-maps-FR-3583&sourceid=aw-cen&utm_medium=seo%20maps&utm_source=google%20Maps&utm_campaign=seo%20maps;Traité
Hôtel Ibis Budget Deauville/Saint-Arnoult;Av. Michel d'Ornano 14800 Saint-Arnoult France;https://all.accor.com/lien_externe.svlt?goto=fiche_hotel&code_hotel=2557&merchantid=seo-maps-FR-2557&sourceid=aw-cen&utm_medium=seo%20maps&utm_source=google%20Maps&utm_campaign=seo%20maps;Traité
Hôtel Ibis budget Marne-la-Vallée Val d'Europe;6 Rue de la Gare 77144 Montévrain France;https://all.accor.com/hotel/5047/index.fr.shtml;Traité
Hôtel ibis budget Paris Porte de Vanves;110 Rue Jean Bleuzen 92170 Vanves France;https://all.accor.com/lien_externe.svlt?goto=fiche_hotel&code_hotel=2602&merchantid=seo-maps-FR-2602&sourceid=aw-cen&utm_medium=seo%20maps&utm_source=google%20Maps&utm_campaign=seo%20maps;Traité
Hôtel ibis budget Pau Lescar;1 Rue du Bilaa 64230 Pau France;https://all.accor.com/lien_externe.svlt?goto=fiche_hotel&code_hotel=2583&merchantid=seo-maps-FR-2583&sourceid=aw-cen&utm_medium=seo%20maps&utm_source=google%20Maps&utm_campaign=seo%20maps;Traité
Hôtel Ibis Budget Valence Sud;Rue de Chantecouriol 26000 Valence France;https://all.accor.com/lien_externe.svlt?goto=fiche_hotel&code_hotel=9134&merchantid=seo-maps-FR-9134&sourceid=aw-cen&utm_medium=seo%20maps&utm_source=google%20Maps&utm_campaign=seo%20maps;Traité
Hôtel ibis Paris Porte d'Italie;13 Rue du Val de Marne 94250 Gentilly France;https://all.accor.com/lien_externe.svlt?goto=fiche_hotel&code_hotel=0634&merchantid=seo-maps-FR-0634&sourceid=aw-cen&utm_medium=seo%20maps&utm_source=google%20Maps&utm_campaign=seo%20maps;Traité
Hôtel ibis Styles Bordeaux Meriadeck;Avenue Du General Larminat 54 Rue Joseph Abria 33000 Bordeaux France;https://all.accor.com/lien_externe.svlt?goto=fiche_hotel&code_hotel=7368&merchantid=seo-maps-FR-7368&sourceid=aw-cen&utm_medium=seo%20maps&utm_source=google%20Maps&utm_campaign=seo%20maps;Traité
Hôtel Kyriad Toulouse Roques;1 Chem. des Moines 31120 Roques France;https://toulouse-sud-roques.kyriad.com/fr-fr/?utm_content=partoo&utm_medium=seo-bgp&utm_source=google;Traité
Hôtel La Cachette de Nina;3 Beauregard 09200 Saint-Girons France;https://www.hotel-lacachette.com/;Traité
Hôtel La Ferme de la Huppe;Hameau des Pourquiers 570 route de Goult RD 156 84220 Gordes France;https://www.lafermedelahuppe.com/;Traité
Hôtel La Fontaine Caen Centre;26 Rue de la Fontaine 14000 Caen France;https://www.hotelfontaine-caen.com/;Traité
Hôtel la Montagne Restaurant Le Petit Montagnard;9 Rte de la Piscine 74220 La Clusaz France;https://laclusaz-montagne.com/;Traité
Hôtel La Vallée Longemer - Boutique Hôtel;2817 Rte de Colmar 88400 Xonrupt-Longemer France;https://www.hotel-lavallee.fr/;Traité
Hôtel Le 10Bis Paris;10bis Rue du Débarcadère 75017 Paris France;https://www.hotel-10bis-paris.fr/fr/;Traité
Hôtel Le Christiania;77 Rte du Col des Aravis 74220 La Clusaz France;http://www.hotel-christiania.fr/;Traité
Hôtel Le Clos;22 Rue des Gravières 21200 Montagny-lès-Beaune France;https://www.hotelleclos.com/;Traité
Hôtel le Clos du Montvinage Rest. Auberge Val de l'Oise;8 Rue Albert Ledant 02580 Étréaupont France;;
Hôtel le Littoral;36 Av. Marianne Toute Seule 62600 Berck France;http://le-littoral.fr/;Traité
Hôtel Le Monêtier;376 Rte de Grenoble 05220 Le Monêtier-les-Bains France;https://www.lemonetier.com/;Traité
Hôtel Le Reynita;29 Rue Carnot 14360 Trouville-sur-Mer France;http://www.hotelreynita.com/;Traité
Hôtel Les Colchiques;123 Chem. des Condamines 05220 Le Monêtier-les-Bains France;http://www.hotel-lescolchiques.com/;Traité
Hôtel Les Rives d'Allier;Avenue Jean Moulin Lieu-dit 43300 Mazeyrat-d'Allier France;http://hotellesrivesdallier.fr/;Traité
Hôtel les Sapins;105 Chem. des Riffroids 74220 La Clusaz France;http://www.clusaz.com/;Traité
Hôtel Mercure Annemasse Porte de Genève;9 Rue des Jardins 74240 Gaillard France;https://all.accor.com/lien_externe.svlt?goto=fiche_hotel&code_hotel=0343&merchantid=seo-maps-FR-0343&sourceid=aw-cen&utm_medium=seo%20maps&utm_source=google%20Maps&utm_campaign=seo%20maps;Traité
Hôtel Mercure Beaune Centre;7 Av. Charles de Gaulle 21200 Beaune France;https://all.accor.com/lien_externe.svlt?goto=fiche_hotel&code_hotel=1217&merchantid=seo-maps-FR-1217&sourceid=aw-cen&utm_medium=seo%20maps&utm_source=google%20Maps&utm_campaign=seo%20maps;Traité
Hôtel Mercure Cavaillon;601 Av. Boscodomini 84300 Cavaillon France;https://all.accor.com/lien_externe.svlt?goto=fiche_hotel&code_hotel=1951&merchantid=seo-maps-FR-1951&sourceid=aw-cen&utm_medium=seo%20maps&utm_source=google%20Maps&utm_campaign=seo%20maps;Traité
Hôtel Mercure Rodez Cathédrale;1 Av. Victor Hugo 12000 Rodez France;https://all.accor.com/lien_externe.svlt?goto=fiche_hotel&code_hotel=7013&merchantid=seo-maps-FR-7013&sourceid=aw-cen&utm_medium=seo%20maps&utm_source=google%20Maps&utm_campaign=seo%20maps;Traité
Hôtel Noemys - Viviers Du Lac;85 Rte du Bourget 73420 Viviers-du-Lac France;https://noemys.fr/hotels/hotel/hotel-viviers-du-lac/;Traité
Hôtel Novotel Montpellier;125 Bis Av. de Palavas 34070 Montpellier France;https://all.accor.com/lien_externe.svlt?goto=fiche_hotel&code_hotel=0450&merchantid=seo-maps-FR-0450&sourceid=aw-cen&utm_medium=seo%20maps&utm_source=google%20Maps&utm_campaign=seo%20maps;Traité
Hôtel Oum El Fadl;Maroc;;
Hôtel Plein Sud;102 Rue de l'Eyrette Chantemerle Serre Chevalier 05330 France;https://www.hotelpleinsud.com/;Traité
Hôtel Première Classe Vannes;Zac Du Chapeau Rouge 56000 Vannes France;https://vannes.premiereclasse.com/fr-fr/?utm_content=partoo&utm_medium=seo-bgp&utm_source=google;Traité
Hôtel Restaurant Campanile Poitiers site du Futuroscope;10 Boulevard René Descartes Téléport 3 86360 Chasseneuil-du-Poitou France;https://poitiers-futuroscope.campanile.com/fr-fr/?utm_content=partoo&utm_medium=seo-bgp&utm_source=google;Traité
Hôtel Restaurant des Lacs;9 Rte de Genève 39150 Chaux-des-Crotenay France;http://www.hotelrestaurantdeslacs.com/;Traité
Hôtel ECO LIGIS - L'IMPIADE;48 Rue du 8 Mai 65600 Séméac France;http://www.hotel-eco-logis.com/;Traité
Hôtel Restaurant la Terrasse Berck;1 Av. du Général de Gaulle 62600 Berck France;https://www.hoteldelaterrasseberck.com/;Traité
Hôtel Restaurant Panoramique César - Logis Hôtel;Place de la Liberté 84480 Bonnieux France;http://www.hotel-restaurant-cesar-bonnieux.fr/;Traité
Hôtel Saint Antoine;2 Rue du Gond 16000 Angoulême France;http://www.angouleme-hotel.com/;Traité
Hôtel Saint Etienne;2 Rue de l'Académie 14000 Caen France;http://www.hotelsaintetiennecaen.com/;Traité
Hôtel Saint-Louis en l'Isle - Notre-Dame;75 Rue Saint-Louis en l'Île 75004 Paris France;http://www.saintlouisenlisle.com/;Traité
Hôtel Val Saint-Hilaire;7 Quai des Fours 08600 Givet France;https://www.hotel-val-st-hilaire.com/;Traité
IGESA Hôtel Premium & Résidence Le Trez-Hir;16 Bd de la Mer 29217 Plougonvelin France;https://www.igesa.fr/vos-vacances/recherche-sejour/reserver-mes-vacances/etablissement/le-trez-hir-hotel-premium-ete;Traité
Karaez Hôtel - Brit Hôtel;12 Bd de la République 29270 Carhaix-Plouguer France;http://hotel-carhaix.brithotel.fr/?utm_source=google&utm_medium=seo&utm_campaign=gmb;Traité
La Maison d'Eole - Chambres d'hôtes en Creuse;19 route d'aubusson 23480 Saint-Sulpice-les-Champs France;http://www.lamaisondeole.com/;Traité
Le Brochet - Hôtel plein air - Camping - Mobil home - Insolite ouvert 365J;88 Rue Georges Clemenceau 80200 Péronne France;https://campinglebrochet.fr/locations/;Traité
Le Clos de Banes - Camping et Chambre d'hôtes;1 hameau de 12420 Argences en Aubrac France;http://www.leclosdebanes.com/;Traité
LE CLOS DU MOULIN hôtel village vacances Dordogne;Rte du Moulin de Bouch 24120 Terrasson-Lavilledieu France;https://www.leclosdumoulin.com/;Traité
LE GRAND LAC Hôtel bar restaurant;12 Rte du Lac 38220 Laffrey France;https://www.hotel-restaurant-legrandlac.com/;Traité
Logis Hôtel à la Villa Boucicaut;33 BIS Av. Boucicaut 71100 Chalon-sur-Saône France;https://www.logishotels.com/fr/hotel/-112190?partid=1535;Traité
Logis Hôtel Ar Milin;30 Rue de Paris 35220 Châteaubourg France;https://www.logishotels.com/fr/hotel/-3778?partid=1535;Traité
Logis Hôtel Arvor;5 Rue Auguste Pavie 22100 Dinan France;https://www.logishotels.com/fr/hotel/-11920?partid=1535;Traité
Logis Hôtel Aux Tauzins;547 Rte Raphaël Lonne 40380 Montfort-en-Chalosse France;https://auxtauzins.com/;Traité
Logis Hôtel du Lauragais;15 Rue de la République 31290 Villefranche-de-Lauragais France;https://www.logishotels.com/fr/hotel/-15439?partid=1535;Traité
Logis Hôtel le Port et Restaurant les Bains;1 Quai Blavet 80230 Saint-Valery-sur-Somme France;https://www.hotelhpb.com/;Traité
Logis Hôtel les Chardons Bleus Rest. le Bistrot de la Mer;4 Rue Amiral Réveillère 29680 Roscoff France;https://www.hotel-chardons-bleus.com/;Traité
Logis Hôtel Restaurant Résidence;35 Av. de la Cave 34440 Nissan-lez-Enserune France;http://www.hotel-residence.com/;Traité
Mas des Collines Gîtes et chambre d'hôtes de Charme avec piscine;205 CHEMIN DES LAVANDES 26110 Châteauneuf-de-Bordette France;http://location-hebergement-drome.com/;Traité
MOKA Hôtel centre-ville;11 rue pierre waldeck rousseau 56100 Lorient France;https://lorient.mokahotel.fr/;Traité
Naéco Baie d'Audierne Hôtel & Camping;3 Rue des Lavandières 29780 Plouhinec France;https://www.naeco.bzh/audierne/;Traité
Parc de NIBELLE - Hôtellerie et Hôtel de Plein Air - 365j;15 Rte de Boiscommun 45340 Nibelle France;https://camping-nibelle.fr/;Traité
Paris Camping International ?le du Roi/Camping Île de France/hôtel de plein air et apart hôtel/Guinguette/aire de service;181 Chem. de Médan 78510 Triel-sur-Seine France;http://www.campingileduroi.fr/;Traité
Résidence Hôtelière de l'Estuaire;92 Rue Anatole France 76600 Le Havre France;https://residencehotelieredelestuaire.top/;Traité
Residence Amarena - Appart'hôtel dans les Landes;6 Rue du 19 Mars 1962 40990 Saint-Paul-lès-Dax France;http://www.residence-amarena.fr/;Traité
Restaurant hôtel Le Perroquet Bleu;7 Rue d'Ange d'Orsay 37240 La Chapelle-Blanche-Saint-Martin France;http://leperroquetbleu.com/;Traité
Suzane Hôtel - Angers;2 Pl. de la Gare 49000 Angers France;https://suzanehotel.com/;Traité
Urban Style Bordeaux Centre Hôtel de la Presse;8 Rue de la Prte Dijeaux 33000 Bordeaux France;https://www.logishotels.com/fr/hotel/urban-style-bordeaux-centre-hotel-de-la-presse-7576?partid=1535;Traité
Zenitude Hôtel-Résidences Bassin d'Arcachon (Comfort);960 Av. de l'Europe 33260 La Teste-de-Buch France;https://www.zenitude-hotel-residences.com/residences/arcachon-le-bassin-darcachon/;Traité
Appart'City Classic Limoges - Appart Hôtel;3 Rue Chaudron 87000 Limoges France;https://www.appartcity.com/fr/destinations/france/nouvelle-aquitaine/limoges/limoges?utm_source=google&utm_medium=mybusiness&utm_campaign=limoges;Traité
"Belambra Hôtel ""Magendie""";2-4 Rue Magendie 75013 Paris France;http://www.belambra-magendie.fr/fr;Traité
Appart'hôtel Odalys City Paris XVII;14 Rue Hélène et François Missoffe 75017 Paris France;https://www.odalys-vacances.com/location-ville/paris-ile-de-france/paris/paris-xvii.html?ept-publisher=uska&ept-name=paris-17-uska;Traité
Appart'hôtel Odalys City Paris Levallois;34 Rue Jules Verne 92300 Levallois-Perret France;https://www.odalys-vacances.com/location-ville/paris-ile-de-france/levallois-perret/odalys-paris-levallois.html?ept-publisher=uska&ept-name=levallois-perret-paris-levallois;Traité
Adagio Aparthôtel Paris Clichy;19-23 Av. Anatole France 92110 Clichy France;https://www.adagio-city.com/8989?utm_source=googleMaps&utm_medium=seoMaps&utm_campaign=seoMaps&y_source=1_MTUzNTkyODctNzE1LWxvY2F0aW9uLndlYnNpdGU%3D;Traité
Hôtel de Plein Air Camping Le Chanset;Rue du Camping 63122 Ceyrat France;http://www.camping-ceyrat.fr/;Traité
All Suites Appart Hôtel | Dunkerque Centre;Quai Freycinet 1 1 Av. de l'Université 59140 Dunkerque France;https://www.allsuites.com/hotel/appart-hotel-dunkerque;Traité
Appart'City Classic Blois - Appart Hôtel;20 Rue de la Chocolaterie 41000 Blois France;https://www.appartcity.com/fr/destinations/france/centre-val-de-loire/blois/blois?utm_source=google&utm_medium=mybusiness&utm_campaign=blois;Traité
Hôtel Les Rives de l'Avance;Moulin de Trivail 47430 Sainte-Marthe France;;
Appart'hôtel Odalys City Bioparc Lyon Est;60 Av. Rockefeller 69008 Lyon France;https://www.odalys-vacances.com/location-ville/lyonnais/lyon/odalys-city-bioparc-lyon-est.html?ept-publisher=uska&ept-name=lyon-bioparc-lyon-est;Traité
Appart'hôtel Odalys City Colmar Centre;15 Av. d'Alsace 68000 Colmar France;https://www.odalys-vacances.com/location-campagne/alsace-lorraine/colmar/colmar-centre.html?ept-publisher=uska&ept-name=colmar-colmar-centre;Traité
Logis Hôtel la Cremaillère;252 Rte de la Motte 05500 Saint-Bonnet-en-Champsaur France;https://www.cremaillere.eu/;Traité
Hôtel & Camping Les Sources;6 Rue des Chaumettes 05160 Savines-le-Lac France;https://www.hotel-les-sources.com/;Traité
Hôtel F1;ZA d'Hellieule 1 88100 Saint-Dié-des-Vosges France;https://all.accor.com/lien_externe.svlt?goto=fiche_hotel&code_hotel=2371&merchantid=seo-maps-FR-2371&sourceid=aw-cen&utm_medium=seo%20maps&utm_source=google%20Maps&utm_campaign=seo%20maps;Traité
Royal Annecy Appart-hôtel;9 Rue Royale 74000 Annecy France;https://www.royal-annecy.com/;Traité
Boulogne Résidence Hôtel;32 Rue des Longs Prés 92100 Boulogne-Billancourt France;https://www.brh.fr/;Traité
Hôtel Les Terres Blanches;28 Chem. du Tour des Bois 78400 Chatou France;http://www.hotel-terres-blanches.fr/?utm_source=gmb;Traité
Hôtel des 2 Nations;5 Rue Victor Hugo 31110 Bagnères-de-Luchon France;https://www.hotel-des2nations.com/;Traité
Alti Hôtel;19 All. d'Etigny 31110 Bagnères-de-Luchon France;https://www.alti-hotel.com/;Traité
Hôtel Restaurant d'Etigny;3 Av. Paul Bonnemaison 31110 Bagnères-de-Luchon France;http://www.hoteldetigny.com/;Traité
Panoramic Hôtel;6 Av. Carnot 31110 Bagnères-de-Luchon France;http://www.hotelpanoramic.fr/;Traité
Hôtel Henry II Beaune Centre;Rue du Faubourg Saint-Nicolas 21200 Beaune France;http://www.henry2.fr/;Traité
Le Central Boutique-Hôtel - Beaune Centre;2 Rue Victor Millot 21200 Beaune France;https://lecentralbeaune.com/;Traité
Hôtel le Home;138 Rte de Dijon 21200 Beaune France;;
Logis Hôtel Restaurant De L'Ecu;7 Rue Auguste Carré 21500 Montbard France;http://www.hotelecu-montbard.fr/fr;Traité
Hôtellerie de plein air La Baie de Somme;Av. du Château d'Eau 80550 Le Crotoy France;http://www.campingbaiedesomme.com/;Traité
Hôtel ibis budget Metz Sud Augny;Pôle Actisud 13 Rue des Gravières 57685 Augny France;https://all.accor.com/lien_externe.svlt?goto=fiche_hotel&code_hotel=6385&merchantid=seo-maps-FR-6385&sourceid=aw-cen&utm_medium=seo%20maps&utm_source=google%20Maps&utm_campaign=seo%20maps;Traité
Hôtel Marina d'Oro;Macinaggio 20248 Macinaggio France;http://www.hotelmarinadoro.fr/;Traité
Appart Hôtel - Residhome Paris Massy;7 Rue Christophe Colomb 91300 Massy France;https://www.myresidhome.com/massy/residhome-paris-massy/apparthotel-residence-hoteliere.html;Traité
Hôtel Les Thermes;8 Pl. de l'Église 17500 Jonzac France;https://lesthermesjonzac.com/;Traité
Hôtel Gascogne - Toulouse;25 All. Charles de Fitte 31300 Toulouse France;https://www.hotel-gascogne.com/fr/;Traité
Hôtel LES VOYAGEURS;9 Av. Villebois Mareuil 85600 MONTAIGU France;http://www.hotel-restaurant-les-voyageurs.fr/;Traité
Hôtel Mercure Vichy;130 Bd des États Unis 03200 Vichy France;https://all.accor.com/lien_externe.svlt?goto=fiche_hotel&code_hotel=0460&merchantid=seo-maps-FR-0460&sourceid=aw-cen&utm_medium=seo%20maps&utm_source=google%20Maps&utm_campaign=seo%20maps;Traité
Be Cottage Hôtel;41 Rue Jean Monnet 62520 Le Touquet-Paris-Plage France;http://www.hotelbecottage.com/?utm_source=google&utm_medium=organic&utm_campaign=my_business;Traité
Hôtel RED FOX le Touquet;Le 60 Rue de Metz 62520 Le Touquet-Paris-Plage France;https://www.hotelredfox.com/;Traité
Hôtel Equinoxe;19 Rue de la Paix 62520 Le Touquet-Paris-Plage France;https://www.hotel-equinoxe.com/;Traité
Hôtel Jules;73 Rue de Moscou 62520 Le Touquet-Paris-Plage France;https://www.hoteljulesletouquet.fr/?utm_source=google&utm_medium=organic&utm_campaign=my_business;Traité
Hôtel la Résidence;17 Av. Lazare Carnot 47300 Villeneuve-sur-Lot France;http://www.hotellaresidence47.com/?utm_source=gmb;Traité
Résidence & Hôtel Odalys Nakâra;162 Rte de Rochelongue 34300 Agde France;https://www.odalys-vacances.com/location-mer/languedoc-roussillon/cap-d-agde/nakara.html?ept-publisher=uska&ept-name=agde-nakara;Traité
Hôtel ibis budget Paris Porte de Pantin;96-98 Av. du Général Leclerc 93500 Pantin France;https://all.accor.com/lien_externe.svlt?goto=fiche_hotel&code_hotel=3088&merchantid=seo-maps-FR-3088&sourceid=aw-cen&utm_medium=seo%20maps&utm_source=google%20Maps&utm_campaign=seo%20maps;Traité
Appart'hôtel les Tilleuls;16 All. des Tilleuls 33490 Saint-Macaire France;https://www.tilleul-medieval.com/;Traité
Hôtel des Congrès by Arteloge;Pl. du Commandant Rivière 69100 Villeurbanne France;https://www.hoteldescongres.com/?utm_source=google-my-business;Traité
Hôtellerie du Couvent;Couvent de Saint-Ulrich - Dolving 57400 Sarrebourg France;https://www.hotelducouvent.fr/;Traité
HÔTEL LE LACUZON;2 Rue du Jura 39260 Moirans-en-Montagne France;https://www.hotel-lacuzon.com/fr;Traité
Hôtel Mercure Paris Vélizy;22 Av. de l'Europe 78140 Vélizy-Villacoublay France;https://all.accor.com/lien_externe.svlt?goto=fiche_hotel&code_hotel=8817&merchantid=seo-maps-FR-8817&sourceid=aw-cen&utm_medium=seo%20maps&utm_source=google%20Maps&utm_campaign=seo%20maps;Traité
Hôtel Robinson;Rte de Tarbes 32000 Auch France;http://www.hotelrobinson.net/;Traité
Logis Hôtel Chez Planes;6 Pl. de Cerdagne 66800 Saillagouse France;https://www.logishotels.com/fr/hotel/-2360?partid=1599&utm_source=google_business_profile&utm_medium=organic&utm_campaign=fiche_principale_uberall;Traité
Hôtel First Inn Paris Sud - Les Ulis;14 Rue de la Réunion 91140 Les Ulis France;http://www.hotel-les-ulis.fr/fr;Traité
Mon Hôtel à Gap;4 Pl. Frederic Euziere 05000 Gap France;https://www.contact-hotel.com/hotel-france/986/mon-hotel-a-gap-gap.htm;Traité
Hôtel du Parc;10 Pl. de la République 57100 Thionville France;http://www.hdpthionville.com/;Traité
Hôtel Club Marina Viva;HOTEL CLUB MARINA VIVA 20166 Grosseto-Prugna France;http://marinaviva.fr/;Traité
Logis Hôtel le Puits Doré;24 Pl. du marché 37120 Richelieu France;https://www.logishotels.com/fr/hotel/-11877?partid=1599&utm_source=google_business_profile&utm_medium=organic&utm_campaign=fiche_principale_uberall;Traité
Appart'hôtel Odalys City Nice Centre;57 Bd Gambetta 06000 Nice France;https://www.odalys-vacances.com/location-mer/cote-d-azur/nice/odalys-city-nice-centre.html?ept-publisher=uska&ept-name=nice-nice-centre;Traité
"Belambra Hôtel ""Le Terra Nova""";133 Rte du Boulevard 73210 La Plagne Tarentaise France;https://www.belambra.fr/destinations/auvergne-rhone-alpes/club-la-plagne-le-terra-nova-hiver?ept-name=partoo-belambra-gmb&ept-publisher=partoo&utm_campaign=partoo-belambra-gmb&utm_medium=partner&utm_source=partoo;Traité
Eklo Hôtels Le Mans;34 Rue Louis de Broglie 72000 Le Mans France;https://www.unisotel.fr/fr;Traité
Hôtel Restaurant Campanile Pontarlier;4 Rue Donnet Zedel 25300 Pontarlier France;https://pontarlier.campanile.com/fr-fr/?utm_content=partoo&utm_medium=seo-bgp&utm_source=google;Traité
Logis Hôtel le Lion d'Or;8 Rue du Marché 86300 Chauvigny France;http://www.logishotels.com/fr/hotel/-3209?partid=661;Traité
Hôtel Saint Georges;334 Rue de la République 73300 Saint-Jean-de-Maurienne France;https://www.hotel-saintgeorges.com/;Traité
SOWELL Hôtels Le Beach;Hôtel Le Beach 2 Quai Albert 1er 14360 Trouville-sur-Mer France;https://www.sowell.fr/hotel/le-beach/;Traité
Logis Hôtel La Bonne Adresse;29 Rue du Général de Gaulle 76310 Sainte-Adresse France;https://www.logishotels.com/fr/hotel/-118958?partid=1535;Traité
Hôtel Panorama;Hotel Panorama 2 Cr Honoré Cresp 06130 Grasse France;https://www.panoramagrasse.com/;Traité
Hôtel Erromardie Plage by Odalys;Chem. d'Erromardie 64500 Saint-Jean-de-Luz France;https://www.odalys-vacances.com/location-mer/pays-basque/saint-jean-de-luz/erromardie-plage-by-odalys.html?ept-publisher=uska&ept-name=erromardie-plage-by-odalys-st-jean-de-luz;Traité
Hôtel Athanor Beaune Centre;9 - 11 Av. de la République 21200 Beaune France;https://hotelathanor-beaune.fr/;Traité
Hôbou - Anciennement Hôtel Acanthe;9 Rdpt Rhin et Danube 92100 Boulogne-Billancourt France;https://hobou.com/fr/index.html;Traité
Hôtel Novotel Limoges Le Lac;Parc D'Activités Nord Jaune 2 Av. d'Uzurat 87280 Limoges France;https://all.accor.com/lien_externe.svlt?goto=fiche_hotel&code_hotel=0431&merchantid=seo-maps-FR-0431&sourceid=aw-cen&utm_medium=seo%20maps&utm_source=google%20Maps&utm_campaign=seo%20maps;Traité
Hôtel Home du Buisson;4 Rue du Buisson 87170 Isle France;https://www.vyv3-cda.fr/hebergement;Traité
Hôtel Le Logis des Cordeliers;2 Rue de la Paix 32100 Condom France;http://www.logisdescordeliers.com/;Traité
Hôtel Du Sablar;3 Pl. Jean Jaures 40000 Mont-de-Marsan France;http://www.hotelsablar.fr/?utm_source=gmb;Traité
Hôtel La Fête en Provence;Place du Vieux Marche 11 84110 Vaison-la-Romaine France;http://www.hotellafete-provence.com/;Traité
Adonis Hôtels & Résidences;149 Rue d'Ollioules 83140 Six-Fours-les-Plages France;http://www.adonis-hotels-residences.com/;Traité
Appart'City Confort Brest - Appart Hôtel;16-18 Rue du Vercors 29200 Brest France;https://www.appartcity.com/fr/destinations/france/bretagne/brest/brest-place-de-strasbourg?utm_source=google&utm_medium=mybusiness&utm_campaign=brest-place-de-strasbourg;Traité
Hôtel Centre Rouen Vieille Tour;42 Pl. de la Haute Vieille Tour 76000 Rouen France;http://www.rouencentrehotel.fr/;Traité
Hôtel le Village;4 Rue Neuve 91190 Gif-sur-Yvette France;http://hotellevillage.fr/;Traité
Hôtel Royal Emeraude Dinard MGallery;1 Bd Albert 1er 35800 Dinard France;https://mgallery.accor.com/hotels/6956?merchantid=seo-maps-FR-6956&sourceid=aw-cen&utm_source=google+Maps&utm_medium=seo+maps&utm_campaign=seo+maps&utm_term=MGallery-Launch;Traité
Hôtel du Baou;246 All. Hector Pintus 06610 La Gaude France;http://www.hoteldubaou.com/;Traité
Hôtel Urbain V;Hotel Urbain V 0 9 Bd Théophile Roussel 48000 Mende France;https://hotel-urbain-v.top/;Traité
Hôtel VTF L'Ouka;1600 Pra Loup 04400 Uvernet-Fours France;https://www.vtf-vacances.com/fr_FR/summer/village-vacances/alpes-de-haute-provence/uvernet-fours/l-ouka;Traité
Aparthôtel Adagio Access Paris Asnières;16 Rue des Frères Chausson 92600 Asnières-sur-Seine France;https://www.adagio-city.com/8447?utm_source=googleMaps&utm_medium=seoMaps&utm_campaign=seoMaps&y_source=1_MTUzNTkyODctNzE1LWxvY2F0aW9uLndlYnNpdGU%3D;Traité
Hôtel de l'Orb;Rte de Saint-Pons 34600 Bédarieux France;https://www.hotel-orb.com/;Traité
Aparthôtel Adagio access Rennes Centre;35 Rue d'Antrain 35700 Rennes France;https://www.adagio-city.com/8398?utm_source=googleMaps&utm_medium=seoMaps&utm_campaign=seoMaps&y_source=1_MTUzNTkyODctNzE1LWxvY2F0aW9uLndlYnNpdGU%3D;Traité
Hôtel Anne de Bretagne;31 Av. du Dr Jean Laigret 41000 Blois France;http://www.hotelannedebretagne.com/?utm_source=gmb;Traité
Hôtel du Village Catalan;Aire du Village Catalan Ouest A9 66300 Banyuls-dels-Aspres France;http://hotel-village-catalan.fr/;Traité
Hôtel ibis Paris Pantin Eglise;153 Av. Jean Lolive 93500 Pantin France;https://all.accor.com/lien_externe.svlt?goto=fiche_hotel&code_hotel=2082&merchantid=seo-maps-FR-2082&sourceid=aw-cen&utm_medium=seo%20maps&utm_source=google%20Maps&utm_campaign=seo%20maps;Traité
Hôtel Eden by Odalys;1800 Rte du Chantel 73700 Bourg-Saint-Maurice France;https://www.odalys-vacances.com/location-montagne/savoie/les-arcs/eden-by-odalys.html?duree=2&ept-publisher=uska&ept-name=les-arcs-hotel-eden;Traité
Belambra Hôtel du Golf;322 Imp. de l'Hôtel du Golf 73700 Bourg-Saint-Maurice France;https://www.belambra.fr/destinations/auvergne-rhone-alpes/club-arc-1800-hotel-du-golf-hiver?ept-name=partoo-belambra-gmb&ept-publisher=partoo&utm_campaign=partoo-belambra-gmb&utm_medium=partner&utm_source=partoo;Traité
Hôtel Spunta Di Mare;6 rue Menuisiers Quartier Rte Saint-Joseph 20090 Ajaccio France;http://www.hotel-spuntadimare.com/;Traité
Hôtel Suite Home Porticcio;Lieu Dit Scaglione 20166 Grosseto-Prugna France;http://www.suitehome-porticcio.com/fr;Traité
Hôtel de la Résidence;24 Rue Louis Borel 60000 Beauvais France;;
Hôtel Ibis Budget - Centre les Ports;2 Bis Bd Daunou 62200 Boulogne-sur-Mer France;https://all.accor.com/lien_externe.svlt?goto=fiche_hotel&code_hotel=3486&merchantid=seo-maps-FR-3486&sourceid=aw-cen&utm_medium=seo%20maps&utm_source=google%20Maps&utm_campaign=seo%20maps;Traité
Hôtel Les 4 Montagnes;505 Av. du Général de Gaulle 38250 Villard-de-Lans France;http://www.les4montagnes.com/;Traité
Hôtel le Nautica | Perros-Guirec;87 Rue Ernest Renan 22700 Perros-Guirec France;https://www.hotel-nautica-perros.com/;Traité
Logis Hôtel & Restaurant & Bar LeCottage;648 Rue de Tunis 62100 Calais France;https://www.logishotels.com/fr/hotel/-172216?partid=1535;Traité
Logis Hôtel le Continental;1 Rue Cantrelle 36000 Châteauroux France;https://www.logishotels.com/fr/hotel/-1590?partid=1535;Traité
La Bellême Bleue Maison d’Hôtes;28 Rue André Desjouis 61130 Bellême France;http://labellemebleue.com/;Traité
Hôtel La Verniaz - Evian Resort;1404 Av. du Léman 74500 Évian-les-Bains France;https://hotel-laverniaz.evianresort.com/fr?utm_source=gmb;Traité
Novotel Annecy Centre Hôtel;1 Place Marie Curie 1 Av. Berthollet 74000 Annecy France;https://all.accor.com/lien_externe.svlt?goto=fiche_hotel&code_hotel=1357&merchantid=seo-maps-FR-1357&sourceid=aw-cen&utm_medium=seo%20maps&utm_source=google%20Maps&utm_campaign=seo%20maps;Traité
Hôtel Saint-Michel;2 Chem. des Alpilles 04000 Digne-les-Bains France;https://www.hotelsaintmichel.com/;Traité
Appart Hôtel Lourdes Saint Jean;1 Av. du Paradis 65100 Lourdes France;http://www.saintjeanlourdes.com/;Traité
Hôtel Istres;2 Av. Regis Huillier 13800 Istres France;;
Hôtel & Résidence San Roccu;6 rue du Centre 20217 Saint-Florent France;http://www.residencesanroccu.com/;Traité
Auberge Backpacker La Buhôtellerie;3 La Buhotellerie 50440 La Hague France;https://la-buhotellerie.com/;Traité
Hôtel Le Cyrano Bergerac;134 AVENUE DU GENERAL DE GAULLE LA CAVAILLE SUD Rte de Bordeaux 24100 Bergerac France;https://www.hotel-lecyrano-bergerac.fr/;Traité
Hôtel & Résidence Lido Marana;centre commercial le Lido 100 Rte du Stade 20600 Furiani France;http://www.hotel-residence-furiani.com/;Traité
Hôtel Le Mondon;8 Av. Foch 57000 Metz France;https://www.hotel-mondon-metz.fr/;Traité
Hôtel du Bosquet;74 Chem. des Perissols 06580 Pégomas France;http://www.hoteldubosquet.com/;Traité
Hôtel balladins Dieppe;113 Imp. de la Maison Blanche 76550 Saint-Aubin-sur-Scie France;https://www.balladins.com/fr/mon-hotel/dieppe/;Traité
Hôtel Villa Teranga;20 Av. Thiers 33510 Andernos-les-Bains France;http://www.villaterangahotel.com/;Traité
Hôtel Maison Turenne;10 Rte de Bâle 68000 Colmar France;http://www.maisonturenne.com/;Traité
Fasthôtel Narbonne;51 Imp. Antoine Becquerel ZI de 11100 Narbonne France;https://www.fasthotel.com/languedoc-roussillon/hotel-narbonne?utm_source=Google&utm_medium=Mybusiness&utm_campaign=GoogleMyBusiness;Traité
Hôtel Ibis Budget Thonon;La Grangette Av. de la Grangette 74200 Thonon-les-Bains France;https://all.accor.com/lien_externe.svlt?goto=fiche_hotel&code_hotel=6392&merchantid=seo-maps-FR-6392&sourceid=aw-cen&utm_medium=seo%20maps&utm_source=google%20Maps&utm_campaign=seo%20maps;Traité
Hôtel Alaia;40 Rte D'arraioa 64310 Ascain France;https://www.residence-hotel-alaia.fr/;Traité
Hôtel CERISE Auxerre;ZA Rue d'Athènes 89470 Monéteau France;https://www.cerise-hotels-residences.com/cerise-auxerre/;Traité
Hôtel Le Castellan;15 Av. Léon Blum 13800 Istres France;http://www.hotel-lecastellan.com/;Traité
A l'Aube de Troyes - Chambre d'hôtes de charme avec piscine et Sauna;105 Av. du Général Gallieni 10300 Sainte-Savine France;https://www.alaubedetroyes.fr/;Traité
Appart'hôtel & Restaurant Le Glacier Blanc;Saint Antoine Quartier 05340 Vallouise-Pelvoux France;https://www.leglacierblanc.com/;Traité
Résidence hôtelière Odalys l'Archipel;27 Rue de la Huguenote 17000 La Rochelle France;https://www.odalys-vacances.com/location-mer/poitou-charentes/la-rochelle/archipel.html?ept-publisher=uska&ept-name=la-rochelle-l-archipel;Traité
Hôtel Albizzia Valras-Plage;12 ancien Chem. Creux 34350 Valras-Plage France;http://www.hotel-albizzia-valras.com/;Traité
Hôtel Le Bleu Marine;15 Av. du Dr Cambon 13460 Saintes-Maries-de-la-Mer France;https://hotellebleumarine.top/;Traité
"Maison d'hôtes ""La Clef des Champs"" Piscine Ortance";31370 Sajas France;;
Gîte et Chambres d'Hôtes - Côté Chênes Verts au nord de Montpellier;50-59 Chem. de Peyres Canes 34380 Viols-en-Laval France;http://www.cotechenesverts.com/;Traité
Les Terrasses du Vernolet - Chambres d'hôtes;4586 Bobon 07610 Vion France;https://lesterrassesduvernolet.com/;Traité
Hôtel F1 Montpellier est Vendargues;34 Av. des Romarins 34130 Saint-Aunès France;https://all.accor.com/lien_externe.svlt?goto=fiche_hotel&code_hotel=2413&merchantid=seo-maps-FR-2413&sourceid=aw-cen&utm_medium=seo%20maps&utm_source=google%20Maps&utm_campaign=seo%20maps;Traité
Restaurant-Hôtel Le Grand Monarque;1 Pl. de l'Église 55270 Varennes-en-Argonne France;http://www.legrandmonarquevarennes.fr/;Traité
Hôtel et Restaurant La Grange aux Marmottes;10 chemin du pic 65120 Viscos France;https://www.grangeauxmarmottes.com/;Traité
Piscine de l’Hôtel Plaisance;348 Le Port 24200 Vitrac France;;
Hôtel du Lac;40 Rue André Theuriet 74290 Talloires-Montmin France;http://www.hotel-du-lac.com/;Traité
Zenitude Hôtel-Résidences Besancon Hauts du Chazal (Comfort);26 Rue Paul Milleret 25000 Besançon France;https://www.zenitude-hotel-residences.com/residences/besancon-les-hauts-du-chazal/;Traité
Résidence l'Insolite - Résidence Hôtelière d'Altitude;29 Bd François Arago 66120 Font-Romeu-Odeillo-Via France;https://www.residence-linsolite.fr/?utm_source=google&utm_medium=organic&utm_campaign=fiche;Traité
Résidence Hôtelière Le Wilson;1 Av. Wilson 63240 Mont-Dore France;http://www.residence-wilson.com/;Traité
Hôtel De L'Aviation;32 Rue de Metz 63150 La Bourboule France;http://www.hotel-aviation.com/?utm_source=gmb;Traité
Relais de la Tour Termes d'Armagnac au cœur de l'Armagnac / 5 chambres d'hôtes et 1 gîte tout confort / piscine / parc;10 Rue des Pyrénées 32400 Termes-d'Armagnac France;http://www.relaisdetermes-gers.com/;Traité
Logis Hôtel Résidence les Cèdres;39 Av. Pasteur 30400 Villeneuve-lès-Avignon France;https://www.logishotels.com/fr/hotel/-1038?partid=1535;Traité
Hôtel Les 4 Ours;Station de PIAU ENGALY 65170 Aragnouet France;http://hotel-4ours-piau.com/;Traité
Le Clos Bleu - Chambres d'hôtes avec piscine et jacuzzi proche de Strasbourg;2 Rue des Comtes de Hanau 67340 Schillersdorf France;http://www.leclosbleu.com/;Traité
Chambre d hôtes àTrausse avec piscine à 25km de Carcassonne. 1 chambre/2 pers;11160 Trausse France;https://www.vrbo.com/pdp/lo/109880629?MDPCID=VRBO-META.HPA.WEB-ORGANIC.VR;Traité
Chambre d'hôtes La Longère de Treffort;236 Rue Principale 38650 Treffort France;https://www.lalongere.net/;Traité
Hôtel Les Abrets : Gîte de Pressins;1005 Rte de Reculfort 38480 Pressins France;;
Hôtel Restaurant Campanile Chanas;Rue des Bourgeons 38150 Chanas France;https://chanas.campanile.com/;Traité
Appart'hôtel Mont Saint Michel;5 Rue de Grandelle 50170 Beauvoir France;http://www.fleurdumont.com/;Traité
Hôtel La Neste de Jade;Graouès 65170 Vignec France;https://hotelnestedejade.com/;Traité
Hôtel Aurélia Logis;65170 Saint-Lary-Soulan France;https://www.hotel-aurelia.com/;Traité
Hôtel De La Poste;7 Rue du 19 Mars 1962 15230 Saint-Martin-sous-Vigouroux France;http://www.hoteldelaposte-cantal.com/;Traité
Piscine hôtel du commerce;3 Grande Rue 26120 Peyrus France;;
Logis Hôtel le Vieil Amandier;Montée de Saint-Roch 83840 Trigance France;http://www.logishotels.com/fr/hotel/-2439?partid=661;Traité
Luxueuse chambre d'hôtes terrasse et piscine privées;18 Av. des Longs Buts 14360 Trouville-sur-Mer France;https://www.chambres-hotes.fr/ch52995;Traité
Hôtel-Restaurant La Croix Blanche;1 Rue Marie Guillemot 89130 Villiers-Saint-Benoît France;https://www.croixblanche-puisaye.fr/;Traité
Hôtel Camou;Place de l'église Herriko plaza Eliza ondoa Rte de Lasse 64220 Uhart-Cize France;http://www.newreservationhotel.blogspot.com/;Traité
Parc de CHARLIEU - Hôtellerie et Hôtellerie de Plein Air - 365j;Rue du Camping 42190 Charlieu France;https://camping-charlieu.fr/;Traité
Zenitude Hôtel-Résidences Carcassonne (Comfort);14 Rte de Villemoustaussou 11000 Carcassonne France;https://www.zenitude-hotel-residences.com/residences/carcassonne-nord/;Traité
Chambre d'hôtes Villa des Perrayes;20 Rte de Melay 70270 Ternuay-Melay-et-Saint-Hilaire France;https://www.bourgognefranchecomte.com/chambres-dhotes/villa-les-perrayes;Traité
Appt cosy Arc 1950 4 /5 pers Départ retour à skis Piscine Services parahôteliers;73700 Bourg-Saint-Maurice France;https://br.bluepillow.com/search/6233855f4c4d8d9b9b77b1aa?dest=bpex&cat=Apartment&lat=45.5721&lng=6.82776&language=pt;Traité
Hôtel Le Martagon;1400 Sous le Village 04370 Villars-Colmars France;http://www.le-martagon.com/;Traité
Hôtel restaurant Au Bien Etre;523 chemin du Bien-être 83690 Villecroze France;http://www.aubienetre.com/;Traité
Agréable chambre d’hôte calme avec piscine;Franche-Comté FR 26 Rue du Val d'Amour 39380 Souvans France;;
Logis Hôtel Burnel et la Clé des Champs;22 Rue Jeanne d'Arc 88500 Rouvres-en-Xaintois France;https://www.logishotels.com/fr/hotel/-549?partid=1535;Traité
Résidence Club et Hôtel Odalys Les Albères;Chem. de Negue Bous 66700 Argelès-sur-Mer France;http://qua.etr.im/8bg;Traité
Chambres en vigne - Chambres d'hôtes et gîtes de charme avec piscine proche St Emilion entre Bordeaux et Bergerac;641 rue du 19 mars 1962 33350 Ruch France;http://www.chambresenvigne.com/;Traité
Hôtel LA GRAVENNE;41 Av. du Val d'Ardèche 07330 Thueyts France;http://hotellagravenne.fr/;Traité
Hôtel La Vallée des 3 Barbus;1739 Rte de Mialet 30140 Générargues France;https://www.les3barbus.fr/hotel-3-etoiles;Traité
Hôtel 4 étoiles Les 3 Barbus - Anduze Cévennes;1739 Rte de Mialet 30140 Générargues France;https://www.les3barbus.fr/;Traité
Chambres d'hôtes Domaine du Perrier - Sainte-Agathe-la-Bouteresse - Loire Forez;730 route de la bastie 42130 Sainte-Agathe-la-Bouteresse France;https://www.domaineduperrier.fr/;Traité
La Paresse en Douce - chambres et table d'hôte;1 Chemin de la Planche Le Bourg 63590 Tours-sur-Meymont France;http://www.laparesseendouce.nl/;Traité
Chambre d'hôtes à Laplume dans un domaine avec grande piscine proche d'Agen;47310 Laplume France;;
Presbytère de VIEUVY- Chambres d'hôtes;4 Imp. du presbytère 53120 Vieuvy France;https://presbyteredevieuvy.com/index_fr.html;Traité
Le 10.18 Hôtel - Restaurant - Piscine;le castellas 04500 Sainte-Croix-du-Verdon France;http://le10-18.fr/;Traité
Logis Hôtel Eden Lac;1 Rue des Maisonnettes 05160 Savines-le-Lac France;https://www.logishotels.com/fr/hotel/-456?partid=1535;Traité
Hôtel 3 étoiles Delcloy - Saint Jean Cap Ferrat - Vacances Bleues;3 Av. Jean Monnet 06230 Saint-Jean-Cap-Ferrat France;https://www.hotel-delcloy-capferrat.com/?utm_campaign=GMB_DELCLOY&utm_medium=DIRECT&utm_source=GOOGLE;Traité
La Danasha - Chambres d'hôtes de charme près de Sully-sur-Loire;Lieu-dit les Champs 193 Chemin des Champs 45600 Viglain France;https://ladanasha.com/fr;Traité
La Roseraie - Chambres d'Hôtes proche Giverny;2 Rue des Jacobins 27620 Sainte-Geneviève-lès-Gasny France;;
Hôtel Restaurant Au Sans Souci;679 route de Gresse 38650 Saint-Paul-lès-Monestier France;http://www.au-sans-souci.com/;Traité
Hôtel le Centre;10 Rue Arago 66160 Le Boulou France;https://hotellecentre.hotelbaratoeuropa.com/;Traité
Château d'Uzer Chambre d'hôtes de caractère et grande piscine en Ardèche méridionale;15 place Général Mangin 07110 Uzer France;http://www.chateau-uzer.com/;Traité
Villa Gites Chambre d hôtes avec piscine Dordogne 2-4-6-8-10 personnes - Holiday Home;24360 Bussière-Badil France;;
Hôtel de France;Le Bourg 24210 Sainte-Orse France;;
Rossi Hôtel;Route de propriano 20100 Sartène France;https://www.hotelrossi-sartene.com/;Traité
Le Relais des Dalles - Logis Hôtel & Restaurant;6 Rue Élisabeth d'Autriche 76540 Sassetot-le-Mauconduit France;http://www.lerelaisdesdalles.fr/;Traité
Hôtel Les Gabarres;621 rue Louis Benech 46330 Tour-de-Faure France;http://www.hotellesgabarres.com/;Traité
Maison d'Hôtes La Combe de Redoles;rue de La 295 Combe de Redoles 46330 Tour-de-Faure France;https://www.lacombederedoles.fr/;Traité
Le Pailler Gîte Millau Jacuzzi | Restaurant | Chambres d'Hôtes | Piscine;12520 Verrières France;http://www.lepailler.fr/;Traité
Hôtel Restaurant La Châtelleraie;Château de La Devèze 1 La Devèze 15600 Saint-Étienne-de-Maurs France;https://lachatelleraie.fr/;Traité
Camping et Chambres d'hôtes du Moulin d'Onclaire;105 Espace Onclaire 07000 Coux France;http://www.onclaire.com/;Traité
Hôtel des Bains;3 Rue de Greenock 76450 Veulettes-sur-Mer France;https://hoteldesbains.sirvoy.me/;Traité
Le Clos de Chaussy CHAMBRE D HÔTES;18 Rte de Villers 95710 Chaussy France;https://www.leclosdechaussy.fr/;Traité
La fontaine: chambres et tables d'hôtes- organisation de mariages;"Lieu dit ""La Fontaine 04150 Simiane-la-Rotonde France";http://www.gitelafontaine.fr/;Traité
Hôtel de Valdeblore;Rue Centrale La Bolline 06420 Valdeblore France;http://www.hotel-valdeblore.fr/;Traité
hôtel restaurant Ici M'aime;4 Rte de Paris 21530 Rouvray France;http://icimaime.fr/;Traité
La Bergerie Hôtel Restaurant;25 Le Bourg Bât Temp 3 Pav 1- B 671 15130 Vezels-Roussy France;https://www.hotel-restaurant-la-bergerie-vezels-roussy.fr/;Traité
Domaine U Bugnu (maisondhôtes) piscine;QT Fontanella 20160 Vico France;http://www.gite-vico-corse.com/?utm_medium=referral&utm_source=gmb&utm_campaign=lnk-gmb;Traité
Hôtel Piscine;53 Av. de la République 87260 Pierre-Buffière France;https://www.hotel-limousin.fr/contact-hotel-restaurant-dupuytren;Traité
"Chambres d'hôtes ""Le Conilh""";WALTER Michel 47200 Mauvezin-sur-Gupie France;https://www.chambres-hotes.fr/chambres-hotes_chambres-d-hotes-le-conilh_mauvezin-sur-gupie_43470.htm;Traité
Hôtel les Sources;1515 Av. des Sources 40465 Préchacq-les-Bains France;;
Appart'hôtel Odalys City Aix en Provence Centre Palais des Congrès;15 Cr Gambetta 13100 Aix-en-Provence France;https://www.odalys-vacances.com/location-campagne/provence-et-luberon/aix-en-provence/aix-en-provence-centre-palais-des-congres.html?ept-publisher=uska&ept-name=aix-en-provence-aix-en-provence-centre-palais-des-congres;Traité
Appart'City Confort Niort Centre - Appart Hôtel;13 Av. de Paris 79000 Niort France;https://www.appartcity.com/fr/destinations/france/nouvelle-aquitaine/niort/niort-centre?utm_source=google&utm_medium=mybusiness&utm_campaign=niort-centre;Traité
Hôtel Saint Amant;14 Av. Carnot 56360 Le Palais France;http://www.hotelsaintamant.com/;Traité
Complexe Hôtelier Le Forez / Hôtel - Bar - Restaurant - Piscine - Balnéo;Le Bourg 63880 Le Brugeron France;;
Gîtes & Chambres d'hôtes Les Oliviers du Verdon;Quartier Saint-Christophe 114 Chem. du Moulin À Vent 04500 Montagnac-Montpezat France;http://lesoliviersduverdon.fr/;Traité
Chambre d'hôtes Gascogne avec piscine au domaine de pouzergues proche d'Agen;47310 Moncaut France;https://www.vrbo.com/pdp/lo/118949558?MDPCID=VRBO-META.HPA.WEB-ORGANIC.VR;Traité
Perla di Mare - Corse du sud - T3 haut de gamme et prestations hôtelières - Piscine et bord de mer;110 Strada Di San Ghjuvani 20131 Pianottoli-Caldarello France;;
Le Petit Hôtel de Pianottoli-Caldarello;Lieu-dit Baritedda Pianottoli 20131 Pianottoli-Caldarello France;https://www.petit-hotel-de-pianottoli-caldarello.com/fr;Traité
Villa Figue Blanche – Maison d’hôtes avec piscine en Bourgogne du sud;5 Rue du Bourg 71390 Montagny-lès-Buxy France;http://www.villafigueblanche.com/;Traité
La Petite Résie Chambres d'hôtes;21 Pl. Marcel Abbey 70140 La Résie-Saint-Martin France;http://www.lapetiteresie.fr/;Traité
Atrium Chambres d'Hôtes Piégut-Pluviers;27 Rue des Alliés 24360 Piégut-Pluviers France;https://atriumrestaurant.fr/chambres;Traité
Piscine de l'hôtel;20 Av. de la Fosse des Pressoirs 77700 Magny-le-Hongre France;;
Hôtel VTF l'Hôtel des Bains;18 Bd de la Mer 22380 Saint-Cast-le-Guildo France;https://www.vtf-vacances.com/fr_FR/summer/village-vacances/cotes-d-armor/saint-cast-le-guildo/l-hotel-des-bains;Traité
Appart'Hôtel Les Rives des Habsbourg;14 Fbg Saint-Martin 68190 Ensisheim France;http://rivesdeshabsbourg.fr/;Traité
Cocon de Verdure - Chambre d'Hôtes de charme avec piscine entre Agen - Nérac - Villeneuve s/ Lotot;du 2080 rte de la Vallée Chemin de St Martin 47360 Lusignan-Petit France;;
LA SAURA Chambres d'hôtes de charme BEAUNE (16km);Rte de Beaune 21360 Lusigny-sur-Ouche France;https://www.la-saura.com/;Traité
Hôtel Le Castelet;4 Roc de la Gadide 09110 Perles-et-Castelet France;http://www.axhotelcastelet.com/;Traité
Hôtel Le Marat;Place de l'église 63480 Marat France;https://www.hotellemarat.com/;Traité
Appart'City Classic Thonon les Bains - Appart Hôtel;18 Bd Georges Andrier 74200 Thonon-les-Bains France;https://www.appartcity.com/fr/destinations/france/auvergne-rhone-alpes/thonon-les-bains/thonon-les-bains?utm_source=google&utm_medium=mybusiness&utm_campaign=thonon-les-bains;Traité
La Sarlamandre - Chambres et table d'hôtes;215 Route du Plateau La Croix de Saint Quentin 24200 Marcillac-Saint-Quentin France;http://www.lasarlamandre.com/;Traité
Domaine O Petit BOnheur I Salle de réception I Maison d'hôtes Sud-Ouest;Navarrenx par 2 Chem. de Larrouy 64190 Ogenne-Camptort France;http://www.opetitbonheur-bearn.com/;Traité
Chambres d'hôtes Le Cartounier;Cartouniers 47380 Pinel-Hauterive France;http://www.le-cartounier.com/;Traité
Chambre d'hôtes au bord de l'eau | Gîte | Magnac sur Touvre;Imp. de la Pisciculture 16600 Magnac-sur-Touvre France;;
Hôtel 3 étoiles Le Royal - Nice - Vacances Bleues;23 Prom. des Anglais 06000 Nice France;https://www.hotel-leroyal-nice.com/fr?utm_campaign=GMB_Hotel_Royal&utm_medium=DIRECT&utm_source=Google;Traité
Chalet Hôtel Turquoise by Altitude Résidences;Chalet Hôtel Turquoise 73210 La Plagne Tarentaise France;https://www.altituderesidences.com/residence/chalet-hotel-turquoise-16;Traité
Chambre d'hôtes avec piscine Le refuge du montagnard;527 Imp. de l'Orchidée 73400 Marthod France;https://www.booking.com/hotel/fr/le-refuge-du-montagnard-marthod.fr.html?aid=318615&label=New_French_FR_FR_21427174465-Pk3jEylX2FWP%2An3y4lDZiQSM637818831021%3Apl%3Ata%3Ap1%3Ap2%3Aac%3Aap%3Aneg%3Afi%3Atidsa-162435868585%3Alp9050270%3Ali%3Adem%3Adm%3Aag21427174465%3Acmp339479545&sid=0ca6f0466a3f081f496147ef7a5d222e&dest_id=-1450003&dest_type=city&dist=0&group_adults=2&group_children=0&hapos=1&hpos=1&no_rooms=1&req_adults=2&req_children=0&room1=A%2CA&sb_price_type=total&sr_order=popularity&srepoch=1778595329&srpvid=6644643f134d0267&type=total&ucfs=1&;Traité
Appart'hôtel Odalys City Marseille Le Dôme;27 Bd du Maréchal Juin 13004 Marseille France;https://www.odalys-vacances.com/location-mer/provence-et-luberon/marseille/le-dome.html?ept-publisher=uska&ept-name=marseille-le-dome;Traité
Hôtel Restaurant La Hulotte au Lion D'Or;27 Pl. de l'Église 27 08380 Signy-le-Petit France;http://www.hotel-restaurant-signy.fr/fr?utm_source=gmb;Traité
Chambre d'hôtes / Camping à la ferme / Gîtes / Auberge Bramefort;1 Bramefort 87230 Champsac France;http://www.bramefort.com/;Traité
Family Hôtel;19 Av. Emile Duclaux 15800 Vic-sur-Cère France;https://www.family-hotel.fr/;Traité
Hôtel La Résidence - Roscoff;14 Rue des Johnnies 29680 Roscoff France;http://www.hotelroscoff-laresidence.fr/;Traité
Olydea les Epesses - Hôtel proche du Puy du Fou;D11 le-Rouet Rte des Herbiers 85590 Les Epesses France;https://www.olydea.com/residence/location-vacances-vendee;Traité
Best Western Hôtel Le Beffroi;76 Rue du Maréchal Foch 59120 Loos France;https://hotel-le-beffroi.com/;Traité
Best Western Atlantys Hôtel Nantes Zénith;8 Rue des Cochardières 44800 Saint-Herblain France;http://www.atlantys-hotel.fr/;Traité
Maison Cabotte Beaune (Hôtel d'Hôtes);4 Av. de la Sabliere 21200 Beaune France;http://maison-cabotte-beaune.com/;Traité
ferme-auberge et chambres d'hôtes les Clarines;Entrepierre 05800 Saint-Jacques-en-Valgodemard France;http://www.auberge-clarines.com/;Traité
Hôtel E Tre Stelle;Chemin De Finocchio 20169 Bonifacio France;https://www.bonifacio-hotel.fr/;Traité
Logis Hôtel Château des Tourelles;8 Rue Principale 62142 Le Wast France;https://www.logishotels.com/fr/hotel/-1877?partid=1535;Traité
Hôtel Résidence Les Flots Saint Palais sur mer;48 Av. de la Grande Côte 17420 Saint-Palais-sur-Mer France;https://hotel-residence-les-flots.com/;Traité
Logis Hôtel de la Baie;Rue Alphonse Daudet 62179 Wissant France;https://www.logishotels.com/fr/hotel/-185593?partid=1535;Traité
Hôtel WISSANT Le Vivier - Vue Mer;34 Av. Victor Hugo 62179 Wissant France;http://www.levivier.com/;Traité
Hôtel & Restaurant de la PLAGE;1 Pl. Edouard Houssin 62179 Wissant France;https://www.hotelplage-wissant.com/;Traité
Normandy Hôtel;Pl. de Verdun 62179 Wissant France;http://www.lenormandy-wissant.com/;Traité
Hôtel Le Bellevue;10 Rue Paul Crampel 62179 Wissant France;http://www.wissant-hotel-bellevue.com/;Traité
Appart'City Classic La Rochelle Centre - Appart Hôtel;8 Rue Franc Lapeyre 17000 La Rochelle France;https://www.appartcity.com/fr/destinations/france/nouvelle-aquitaine/la-rochelle/la-rochelle-centre?utm_source=google&utm_medium=mybusiness&utm_campaign=la-rochelle-centre;Traité
Hôtel & Appartements LA RÉSERVE SAINT-JEAN-DE-LUZ;1 Rue Gaëtan de Bernoville 64500 Saint-Jean-de-Luz France;https://www.hotel-lareserve.com/;Traité
Zenitude Hôtel-Résidences Six-Fours (Comfort);68 Rue de Carqueiranne 83140 Six-Fours-les-Plages France;https://www.zenitude-hotel-residences.com/residences/six-fours/;Traité
Hôtel ibis Toulon La Seyne;80 Chemin De La Capellane Six-Fours-Les-Plages 83500 La Seyne-sur-Mer France;https://all.accor.com/lien_externe.svlt?goto=fiche_hotel&code_hotel=0828&merchantid=seo-maps-FR-0828&sourceid=aw-cen&utm_medium=seo%20maps&utm_source=google%20Maps&utm_campaign=seo%20maps;Traité
Hôtel Ker Noyal;43 Chem. des Dunes 56170 Quiberon France;;
Hôtel La Petite Sirène;15 Bd René Cassin 56170 Quiberon France;http://www.hotel-lapetitesirene.fr/;Traité
Hôtel Port Haliguen Quiberon;10 Pl. de Port Haliguen 56170 Quiberon France;https://www.hotel-port-haliguen.com/;Traité
Hôtel des Druides;6 Rue de Port Maria 56170 Quiberon France;http://www.hotel-des-druides.com/;Traité
Hôtel la Gentilhommière;4 rue de l'Industrie ZAC de Sautés-le-Bas 11800 Trèbes France;http://www.lagentilhom.com/;Traité
Hôtel Restaurant de la Mer;Bd du Coz-Pors 22730 Trégastel France;https://www.hoteldelamer-tregastel.com/;Traité
Hôtel Henri IV;16 Rue du Havre 76460 Saint-Valery-en-Caux France;https://hotelhenri4.com/HH4;Traité
Appart Hôtel Mandelieu;Résidence Le Surcouf 150 All. de la Marine Royale Entrée D 06210 Mandelieu-la-Napoule France;https://www.apphotelm.com/;Traité
Zenitude Hôtel-Résidences Mandelieu la Napoule Village (Comfort);161 Rue Yves Brayer 06210 Mandelieu-la-Napoule France;https://www.zenitude-hotel-residences.com/residences/mandelieu-la-napoule/;Traité
Résidence Hôtelière Cap Neige;123 Rte du Rosset 73320 Tignes France;https://www.altituderesidences.com/residence/chalet-hotel-cap-neige-22;Traité
Zenitude Hôtel-Résidences Narbonne Centre;18 Bd Général de Gaulle 11100 Narbonne France;https://www.zenitude-hotel-residences.com/residences/narbonne-narbonne-centre/;Traité
Le Panoramic Hôtel;113 Rem des Augustins 18300 Sancerre France;http://www.panoramic-sancerre.com/;Traité
Contact Hôtel Garden;3 Rue Jean Marie Duhamel 35000 Rennes France;http://www.hotel-garden.fr/;Traité
Résidence Hôtelière LE BEAU LIEU - La Garde;prendre à droite avant le pont Sur Avenue Eugène Augias 164 Imp. Eugène Augias 83130 La Garde France;;
Hôtel VTF Clairefont;526 Av. Albert 1 Er 83150 Bandol France;https://www.vtf-vacances.com/fr_FR/summer/village-vacances/var/bandol/clairefont;Traité
Hôtel La Réserve;15 Route de Montpellier La plaine basse D612 34110 Vic-la-Gardiole France;http://www.hotellareserve.fr/;Traité
Base Camp Lodge Les Arcs / Bourg-Saint-Maurice - Hôtel Restaurant;170 Pl. du Commandant Bulle 73700 Bourg-Saint-Maurice France;https://www.hotel-basecamplodge.com/fr/;Traité
Hôtel Campo Dell'Oro;Rte du Ricanto 20700 Ajaccio France;http://www.hotel-campodelloro.com/;Traité
Appart'hôtel Odalys City Montpellier Centre Gare St Roch;20 Rue de la République 34000 Montpellier France;https://www.odalys-vacances.com/location-mer/languedoc-roussillon/montpellier/montpellier-centre-gare-st-roch.html?ept-publisher=uska&ept-name=montpellier-montpellier-centre-gare-st-roch;Traité
Appart Hôtel Eurociel;2 Av. du Pont Juvénal 34000 Montpellier France;https://www.hotel-montpellier-eurociel.fr/;Traité
Hôtel La Bonne Auberge Saint-Martin-Vésubie;98 All. de Verdun 06450 Saint-Martin-Vésubie France;http://www.labonneauberge06.fr/;Traité
Les Pins Galants Hôtel Résidence et Séminaires;137 Rte de Tarbes 31170 Tournefeuille France;http://www.lespinsgalants.fr/;Traité
Logis Hôtel la Résidence;5 Rue des Mousses 88340 Le Val-d'Ajol France;https://la-residence.com/;Traité
Hôtel Kandahar;853 Av. Olympique 73150 Val-d'Isère France;https://www.hotel-kandahar.com/;Traité
Hôtel Ormelune;Rue Noël Machet 73150 Val-d'Isère France;https://www.google.com/url?q=https://ormelune.com/&sa=U&ved=0ahUKEwjZt53R7rvZAhUDjiwKHSuqAUUQFggEMAA&client=internal-uds-cse&cx=005791863822052451275:-kbtvptt--c&usg=AOvVaw0VDMTI05QpyOneGm3JbgiC;Traité
Hôtel de la Terrasse;Le Bourg N 15120 Vieillevie France;https://www.hotel-terrasse.com/;Traité
Hôtel & Résidence 3 étoiles Orhoïtza - Hendaye - Vacances Bleues;1 Rue des Oliviers 64700 Hendaye France;https://www.vacancesbleues.fr/fr/vacances-en-france/sud-ouest/hendaye-hotel-orhoitza?utm_campaign=GMB_Hotel_Orhoitza&utm_medium=DIRECT&utm_source=Google;Traité
HôtelF1 Montpellier Sud;Chemin St Hubert Chem. de Saint-Hubert 34970 Lattes France;https://all.accor.com/lien_externe.svlt?goto=fiche_hotel&code_hotel=2319&merchantid=seo-maps-FR-2319&sourceid=aw-cen&utm_medium=seo%20maps&utm_source=google%20Maps&utm_campaign=seo%20maps;Traité
The Catalogne - Appartements et Hôtel - Font Romeu;9 Av. d'Espagne 66120 Font-Romeu-Odeillo-Via France;https://www.thecatalogne.com/?utm_source=google&utm_medium=organic&utm_campaign=fiche;Traité
Val Hôtel;3 Pl. des 10 Toises 78117 Châteaufort France;http://www.valhotel.fr/;Traité
Logis Hôtel le Relais Saint-Jacques;6 Bd Adrien Pressemane 87400 Saint-Léonard-de-Noblat France;https://www.logishotels.com/fr/hotel/-5195?partid=1535;Traité
Hôtel La Turra;20 Rue de la Parrachée 73500 Val-Cenis France;http://www.hotel-laturra.com/;Traité
Hôtel Résidence A Torra;Lieu-dit Suertolu D237 20215 Vescovato France;https://www.hotelatorra.fr/;Traité
Camping La Faloise - Mobilhome 2 personnes - Module hôtelier - 12 m² - 1 chambre;60940 Angicourt France;https://www.holidu.de/d/62285145?ref_source=google_vr&utm_source=google_vr_eb;Traité
Hôtel Saint Sauveur;2 Pl. Jean Séquier 48150 Meyrueis France;;
Appart'City Classic Montélimar - Appart Hôtel;1 Rue Général de Chabrillan 26200 Montélimar France;https://www.appartcity.com/fr/destinations/france/auvergne-rhone-alpes/montelimar/montelimar?utm_source=google&utm_medium=mybusiness&utm_campaign=montelimar;Traité
Hôtel Mercure Angoulême;1 Pl. des Halles Centrales 16000 Angoulême France;https://all.accor.com/lien_externe.svlt?goto=fiche_hotel&code_hotel=1213&merchantid=seo-maps-FR-1213&sourceid=aw-cen&utm_medium=seo%20maps&utm_source=google%20Maps&utm_campaign=seo%20maps;Traité
Hôtel Eden - La Baigneuse.;16 Av. Louis Gallet 06160 Antibes France;https://www.hoteleden-labaigneuse.fr/;Traité
Hôtel Epicéa Lodge;Quartier Isertan 73710 Pralognan-la-Vanoise France;http://www.epicealodge.com/;Traité
Hôtel Le Manoir Les Minimes;34 Quai Charles Guinot 37400 Amboise France;http://www.manoirlesminimes.com/;Traité
Appart'City Confort Perpignan Centre Gare - Appart Hôtel;12 Bd Saint-Assiscle 66000 Perpignan France;https://www.appartcity.com/fr/destinations/france/occitanie/perpignan/perpignan-centre-gare?utm_source=google&utm_medium=mybusiness&utm_campaign=perpignan-centre-gare;Traité
Hôtel Saint Alban;31 Av. d'Agde 34120 Nézignan-l'Évêque France;http://hotel-saintalban.com/;Traité
Hôtel Charembeau;1730 chemin du milieu 04300 Forcalquier France;http://www.charembeau.com/;Traité
Montempô Marseille Dôme - Appart hôtel;5 Imp. Madeleine Simon 13004 Marseille France;https://www.montempo.fr/appart-hotels/marseille-centre-dome/;Traité
Appart'hôtel Odalys City Marseille Centre Parc Chanot Vélodrome;114 Rue du Rouet 13008 Marseille France;https://www.odalys-vacances.com/location-mer/provence-et-luberon/marseille/marseille-centre-parc-chanot-velodrome.html?ept-publisher=uska&ept-name=marseille-marseille-centre-parc-chanot-velodrome;Traité
Demeure Terrisse | Résidence Hôtelière à Marseillan;2 Rue Général de Gaulle 34340 Marseillan France;http://www.demeureterrisse.com/;Traité
Hôtel Richelieu;132 Rue de Paris 76600 Le Havre France;https://hotelrichelieu-lehavre.fr/;Traité
Hôtel Les Rives Bleues;3 Place de l'Église 34280 La Grande-Motte France;https://hotel-lesrivesbleues.com/;Traité
Hôtel de l'Europe;63 Bd de Verdun 76200 Dieppe France;http://www.hotel-europe-dieppe.com/;Traité
Logis Hôtel Au Relais d'Alsace;Mittler Befand Lieu dit 68250 Rouffach France;https://www.logishotels.com/fr/hotel/-778?partid=1535;Traité
Hôtel l'Escale Coté Port;Lot. des Îles 20220 L'Île-Rousse France;http://www.hotelilerousse.com/;Traité
Hôtel ibis Thonon Centre;2 Ter Av. d'Evian 74200 Thonon-les-Bains France;https://all.accor.com/lien_externe.svlt?goto=fiche_hotel&code_hotel=0927&merchantid=seo-maps-FR-0927&sourceid=aw-cen&utm_medium=seo%20maps&utm_source=google%20Maps&utm_campaign=seo%20maps;Traité
Hôtel Thonon Centre Le Comte Rouge;10 Bd du Canal 74200 Thonon-les-Bains France;http://www.lecomterouge.com/;Traité
Hôtel La Chaumière;222 Av. de Genève 74170 Saint-Gervais-les-Bains France;http://www.lachaumierehotel.com/;Traité
L'Hôte Antique;8 Grande Rue 21120 Pichanges France;http://www.hote-antique-dijon.fr/;Traité
Hôtel Vauban;191 Rue des Remparts 56360 Le Palais France;http://www.hotel-vauban-belleile.com/;Traité
Hôtel Atlantique;Quai de l'Acadie 56360 Le Palais France;http://www.hotel-atlantique.bzh/;Traité
Hôtel L'Acadien;36 Rue Joseph le Brix 56360 Le Palais France;http://www.hotel-acadien.com/;Traité
Moulin Géant (chambres d'hôtes insolites);Moulin Géant 1 Chemin du Moulin Géant 49190 Rochefort-sur-Loire France;https://www.dormira.fr/fiche-hebergement-49H1285.html;Traité
2Ciels Boutique Hôtel;Rue Oued EL Makhazine Angle Rue Imam Chafai (en face du Club Royal de Tennis) Marrakech Maroc;http://2ciels.com/;Traité
Amoudou : Hôtel & Restaurant;54/55 Lot bendremz 2 Bd Hassan II Tiznit 85000 Maroc;;
Appart Hôtel Golden Sky Home;N°02 Boulevard Mohammed V Béni Mellal 23040 Maroc;https://goldenskyhome.ma/;Traité
Appart-Hôtel Flamant Rose;Angle rue Omar Ben Abdelaziz Rue Ibn Aajeroume Tanger Maroc;http://flamant-rose.net/;Traité
Atlantic Hôtel Agadir;B.P 53 Av. Hassan II Agadir 80000 Maroc;http://www.atlantichotelagadir.com/?utm_source=local&utm_medium=organic&utm_campaign=GMB;Traité
Avanti Beach Hôtel;Boulevard Moulay Youssef La Corniche Mohammédia Maroc;http://avantimohammediahotel.myguests.net/;Traité
Dar de Santis Hôtel;9M2R+9PW Maroc;;
Dar Del Mare - Maison d'hôtes de charme;18 rue Joseph Amiel? Cité portugaise El Jadida 24010 Maroc;;
Dar LalZohra Maison d'hôtes.;11 rue seqayat belmekki Rabat Maroc;https://darlalzohra.com/;Traité
Dar Land Maison d'hôtes;Douar Oulad Sidi Abdellah Commune Sidi Mhamed Dalil Kiyadat Essaidat 41000 Maroc;;
Dar Tourkia Maison d'hôtes;Taroudant Maroc;https://www.dartourkia.com/;Traité
Espace Bejaad : Hôtel Café Restaurant;RH44+86G Station Shell route de Bejaâd Maroc;https://www.facebook.com/p/Espace-Boujaad-100065373135528/;Traité
Fellah Hôtel;Route d'ourika 13 km zaraba 44000 Maroc;http://www.fellah-hotel.com/;Traité
Four Seasons Hôtel Rabat at Kasr Al Bahr;Ancien Hopital Marie Feuillet Av. Brahim Roudani Rabat 10000 Maroc;https://www.fourseasons.com/rabat/?utm_source=google&utm_medium=organicsearch&utm_campaign=tor-rrt-hre-mid-seo-na&utm_content=na-na&utm_term=na;Traité
Fredj Boutique Hôtel & Spa;42 Rue de Hollande Tangier 90000 Maroc;;
Green Cactus Hôtel;A 500m du péage autoroute de Ben Guerir 43150 Maroc;http://www.hotel-cactus.com/;Traité
Hôtel & Café Achokre;n° 8 Route National Oulad Yaich 23502 Maroc;https://www.facebook.com/ACHOKRE/?locale=fr_FR;Traité
Hôtel & Restaurant Badraoui;V3PH+CM2 Khouribga 25000 Maroc;;
Hôtel & Restaurant Fedala;Rue Elhaouz? 28800 Maroc;;
Hôtel & Restaurant Salime-Al Khozama;5VR2+98W Av. Mohamed V Larache Maroc;;
Hôtel & Restaurant Youssoufia;6FV7+RV5 R201 Youssoufia Maroc;;
Hôtel & Ryads Barrière Le Naoura Marrakech;Rue el Adala Marrakech 40000 Maroc;https://www.hotelsbarriere.com/marrakech/le-naoura;Traité
Hôtel Abda;Av. John kennedy Safi 46000 Maroc;http://www.hotelabda.com/;Traité
Hôtel Adil Moussafir;VI 869 Quartier Guelmim Maro Avenue Mohammed V Maroc;;
Hôtel Afoulki;Boulevard Mohamed Hafidi route tafraout Tiznit 85000 Maroc;https://hotelafoulki.ellohaweb.com/;Traité
Hôtel Afra;CWQ5+2XV Bd Bir Anzarane Tan-Tan 82000 Maroc;http://www.hotelafra.ma/;Traité
Hôtel AL AKHAWIN BILAL Khouribga (???????);Khouribga Maroc;https://www.facebook.com/pg/HOTELAlAKHAWINBILAL/about/?ref=page_internal;Traité
Hôtel Al Amal : Café & Restaurant;P30 Tiznit 85000 Maroc;https://fr.hotels.com/ho703570944/hotel-al-amal-tiznit-maroc/;Traité
Hôtel Al Andalous;Fnideq Maroc;http://andalous.xtadia.com/;Traité
Hôtel Al Bassatine;8JPF+RHR quartier Ouled Hamdan  route Fkih Ben Salah Béni Mellal 23000 Maroc;http://www.hotel-albassatine.com/;Traité
Hôtel Al Hoceima Bay;Plage Sfiha Ajdir Al Hoceima 32000 Maroc;https://www.hotel-alhoceima-bay.com/;Traité
Hôtel Al Khaima;Club PTT Asilah Ave Moulay Ismail Asilah Maroc;https://asilah.city/hotels/hotel-al-khaima/;Traité
Hôtel Al Madina;Av. de la Liberte Safi 46000 Maroc;http://www.hotel-al-madina.com/;Traité
Hôtel Al Massira Laayoune;Avenue Mekka Laayoune 70000;;
Hôtel Almounia & spa;C2CQ+WGV Secteur Scolaire Assalam Ouled Mhala Maroc;;
Hôtel Amine;3 S311 Taza Maroc;;
Hôtel Amir Plage;Al Hoceïma Maroc;http://hotelamirplage.site/;Traité
Hôtel Andalucia Golf & Spa;Route De Tangier 90000 Maroc;http://hotelandalucia.site/;Traité
Hôtel Angle Atlas;J2C9+2GC Tarda Maroc;https://www.facebook.com/profile.php?id=100075960523443;Traité
Hôtel Aqua Mirage Club & Aqua Parc - All Inclusive - Marrakech;Km 5 Route de Tahanaout Marrakesh 40065 Maroc;http://www.magichotels.ma/;Traité
Hôtel Argana;B P 93 Boulevard Mohamed V Agadir 80000 Maroc;http://www.argana-hotel.com/;Traité
Hôtel Asilah 32;FX99+539 Av. Moulay Hassan Ben Mahdi Asilah 90050 Maroc;http://www.asilah32.com/;Traité
Hôtel Assif;7QV8+HQM Avenue de la liberté - Plateau Av. de la Liberte Safi Maroc;;
Hôtel Atlantic Agdal;20 Av. Al Atlas Rabat Maroc;http://www.atlanticagdal.com/;Traité
Hôtel Atlantique Panorama Safi;Safi Maroc;http://www.hotelpanoramasafi.com/;Traité
Hôtel Atlas Resorts Ait Ourir;H8FV+PQ3 Aït Ourir Maroc;http://www.atlasresorts.com/;Traité
Hôtel Azaghar;275 RN8 route de khénifra M'rirt 54450 Maroc;https://hotelazaghar.com/;Traité
Hôtel Azul Palace;Av. Mohamed V Sidi Yahya El Gharb 14250 Maroc;;
Hôtel Babylon Dadès;A 28km De 704 Route Boumalne Dades 45150 Maroc;https://hotelbabylondades.com/;Traité
Hôtel Barcelona (1*) ???? ???????;Ave Hassan II Al Aaroui Maroc;;
Hôtel Baroudi;Missour Maroc;;
Hôtel Batha;Ave de La Liberte Fes 30000 Maroc;;
Hôtel Beach Club La Perle;6FG2+436 El Jadida 24000 Maroc;https://www.morocco-hotels24.com/hotel-beach-club-la-perle/;Traité
Hôtel Belle Vue;N 3 Ave Zerktouni Khénifra 54000 Maroc;;
Hôtel Belle Vue et Spa;21 Av. des F.A.R Meknès 50000 Maroc;http://hotelz.website/hotelbellevue;Traité
Hôtel Béni Mellal Atlas;Angle Boulevard Hassan II et Bd Chawki Béni Mellal 23000 Maroc;http://www.hotel-benimellal-atlas.com/;Traité
Hôtel Borj des Cascades;Amazir Ouzoud Maroc;http://www.borjdescascades.ma/;Traité
Hôtel Bouârfa;G2JQ+HMP Bouârfa Maroc;;
Hôtel Café Le Manoir;217 6 Ave Sidi Mohammed Taza 35000 Maroc;;
Hôtel Café Palais Salam;Boulevard Mohammed V Béni Mellal Maroc;http://www.palacealsalam.com/;Traité
Hôtel Café Restaurant Le Ruban d'Or;hay tichibit rue platan Azilal Maroc;https://instagram.com/ruban.or?igshid=YmMyMTA2M2Y=;Traité
hôtel café smyhy;Béni Mellal Maroc;https://hotelsmyhy.com/;Traité
Hôtel Café Zellaka;921 Boulevard Mohamed VI 921 Khouribga 25000 Maroc;;
Hôtel Casablanca le Lido Thalasso & Spa;Bd de la Corniche Casablanca 20180 Maroc;https://www.hotel-casablanca-lido.com/;Traité
Hôtel Casablanca Suites & Spa;Quartier Florida Casablanca 20270 Maroc;https://www.ca.ma/;Traité
Hôtel Centre Ville;Av. Mohamed VI El Jadida 24000 Maroc;http://nearmehotel.site/hotelcentreville;Traité
Hôtel Chems;N8 Beni-Mellal 23000 Maroc;http://www.hotelchems.com/;Traité
Hôtel Chems Le Tazarkount;Rue Afourer Afourer Maroc;http://www.hoteltazarkount.com/;Traité
Hôtel Choumis;Av. Omar Ben Abdelaziz Larache Maroc;;
Hôtel Clim Oriental;Boulevard Moulay Rachid? Bouârfa Maroc;http://www.climoriental.com/;Traité
Hôtel Club Al Moggar;C9CR+X88? Boulevard Mohammed V Agadir 80000 Maroc;http://hotelclubalmoggar.com/;Traité
Hôtel Continental;Cité Al Amal Moha Ou Hammou Zayani 54000 Maroc;;
Hôtel Dar Zitoune;N10? Hôtel Dar Zitoune F42C+P2W Taroudant Maroc Boutarialt Taroudant 83000 Maroc;http://www.darzitoune.com/;Traité
Hôtel de Paris;Bd Hassan II Tiznit 85000 Maroc;;
Hôtel Deauville EL Jadida;6GWR+4V El Jadida Maroc;http://www.hoteldeauville.ma/;Traité
Hôtel des Cèdres;P24 Azrou Maroc;;
Hôtel Diamant Vert;Ain chkf Fès 30000 Maroc;https://www.instagram.com/diamantvertfes.officiel/;Traité
Hôtel Equi Palace Berrechid;benhmed à droite Rte de Khouribga Berrchid 26100 Maroc;https://be.itcyber.ma/book/125060b009;Traité
Hôtel Espace Tifawine;Ammeln R 105 Route Tafraoute 85450 Maroc;http://hotel-tifaouine-tafraout.is-best.net/;Traité
Hôtel España;6 Av. Hassan II Larache 92000 Maroc;https://www.a-hotel.com/fr/maroc/148768-larache/2753565-1-hotel-espana/;Traité
Hôtel Essalam;V3XG+PGM Rte de Casablanca Khouribga Maroc;;
Hôtel Étoile Du Nord;11 Av. Sidi Mohamed Ben Abdellah Tanger 90060 Maroc;https://www.etoiledunord.ma/fr/;Traité
Hôtel Farah Tanger;El Ghandouri Tangier 90000 Maroc;http://www.farahtanger.com/;Traité
Hôtel Fnideq;124 Av. Mohammed V Fnideq Maroc;;
Hôtel Golden Tulip Farah Safi;Avenue Zerktouni Safi 46000 Maroc;http://www.farahsafi.com/;Traité
Hôtel Hadaik Ain Asserdoune;Boulevard Mohammed VI N°5 Lot Lalla Faiza N°5 Béni Mellal.? 32.341160 -6.369838 Beni-Mellal 23000 Maroc;;
Hôtel Hamza;XXV2+32M lotissement Sahara Guelmim 81000 Maroc;;
Hôtel Hannioui;Boulevard Mohammed Vi Lotissement Assma 7 A Cote De Marjane Béni Mellal 23000 Maroc;http://hotelhannioui.ma/;Traité
Hôtel ibis El Jadida;Place Nour El Kamar Route De Casablanca El Jadida 24000 Maroc;https://all.accor.com/hotel/5708/index.fr.shtml;Traité
Hôtel iBiza : Café & Restaurant;Boulevard Mohammed V Azemmour 24100 Maroc;https://ibiza-hotel.com/;Traité
Hôtel Idou Tiznit;Bd Hassan II Tiznit 85000 Maroc;https://www.hotelidoutiznit.com/;Traité
Hôtel Imi Plage;sis a La résidence km 27 C.R Tamri au local Itran Imiouadar Agadir 80000 Maroc;;
Hôtel Kasba Tantan;FMX8+CF3 El Ouatia Maroc;;
Hôtel Kasbah Asmaa;54350 P21 Midelt Maroc;https://hotelkasbahasmaa.com/;Traité
Hôtel Kasbah Club;Bd Prince Moulay Abdellah Skhirat Maroc;https://www.hotelkasbahclub.com/;Traité
Hôtel Kasbah Izoran;Ksar Tabenattout Midelt 54350 Maroc;;
Hôtel Kenz Mehdia;Rte de Mehdia Kénitra Maroc;https://www.kenzmehdia.com/;Traité
Hôtel Kenzi Azghor;Av. Prince Moulay Rachid Ouarzazate 45000 Maroc;https://www.kenzi-hotels.com/kenzi-azghor;Traité
Hôtel Kenzo;Avenue john Kennedy 64 angle bd Kennedy et rue lafkih .safi 64 Av. John kennedy Safi 46000 Maroc;http://hotelz.website/kenzo;Traité
Hôtel La Coline;Lot Omnia Imm 11 Av. Mohammed VI Béni Mellal 23000 Maroc;;
Hôtel La Luna;Boulevard Mohammed V Béni Mellal 23000 Maroc;http://www.laluna.ma/;Traité
Hôtel La Maison Arabe;Derb Assehbi Marrakesh 40000 Maroc;http://www.lamaisonarabe.com/;Traité
Hôtel la Maison Attawba;8MW3+QV Aire de Jeux D’enfant Béni Mellal Maroc;https://attawba.com/;Traité
Hôtel la Maison des Oliviers;km 6 Route de l'Ourika BP 429 Marrakech 40000 Maroc;https://lamaison-desoliviers.com/;Traité
Hôtel La Mamounia;Avenue Bab Jdid Marrakesh 40040 Maroc;https://www.mamounia.com/?utm_source=MyBusiness&utm_medium=google;Traité
Hôtel La Perla;Bd Tarik Ibn Ziyad Al Hoceïma 32000 Maroc;https://hotellaperla.ma/;Traité
Hôtel la Tour Eiffel;6XMJ+2Q3 Boulevard Bir Anzarane Taza Maroc;;
hôtel le Mirage;B.P.: 2198 Route des Les Rte des Grottes d'Hercule Tanger Maroc;http://www.lemirage.com/;Traité
Hôtel Le Mont Vert;Azro Hamar Gorogo Segangan 30000 Maroc;https://www.instagram.com/le_montvert?igsh=ZG5qY3czbDl5MWN4;Traité
Hôtel Le Riad;WG7P+Q76 N10 Errachidia Maroc;http://www.hotelleriad.com/;Traité
Hôtel Les Idrissides;Avenue Mohamed Vi Marrakech 40000 Bd Mohamed VI Marrakesh 40000 Maroc;;
Hôtel L'Iglesia;Eglise Espagnole - Cité Portugaise El Jadida 24000 Maroc;https://liglesia.com/;Traité
Hôtel Mamora Kénitra;place administrative Angle Av. Hassan II Kenitra 14000 Maroc;http://www.mamorakenitra.com/;Traité
Hôtel Manader;Boulevard du 20 Aout Agadir 80000 Maroc;;
Hôtel Marhaba;VC7H+F7F R312 Oued Zem Maroc;;
Hôtel Medina Gardens Marrakech - Adults Only - All Inclusive;Arset Djenan Lakhdar Marrakech 40000 Maroc;https://www.tui-blue.com/de/de/hotels/tui-blue-medina-gardens/?utm_source=googlemybusiness&utm_medium=organic;Traité
Hôtel Mercure Quemado Resort;Av. Mohamed V Al Hoceïma 32000 Maroc;https://all.accor.com/lien_externe.svlt?goto=fiche_hotel&code_hotel=9676&merchantid=seo-maps-MA-9676&sourceid=aw-cen&utm_medium=seo%20maps&utm_source=google%20Maps&utm_campaign=seo%20maps;Traité
Hôtel Mira Palace;Hay Mirador Al hoceima Espace Mirador alhoceima Al Hoceïma 32000 Maroc;http://hotel-mirapalace.com/;Traité
Hôtel Moulay Yacoub;5007 Moulay Yaâcoub Maroc;https://hotel-moulay-yacoub.com/;Traité
Hôtel Mounia Fès;60 Rue Mohammed Zerktouni Fes 30050 Maroc;;
Hôtel Musée Palais Claudio Bravo;Route de Tamaloukt - Agwidir Taroudant 83000 Maroc;http://www.palaisclaudiobravo.com/;Traité
Hôtel Nostress;Al Youmne 03 Khénifra Maroc;;
Hôtel Novotel;Angle Boulevard De Fes Bd Mohamed Zerktouni Mohammedia 20800 Maroc;https://all.accor.com/lien_externe.svlt?goto=fiche_hotel&code_hotel=9746&merchantid=seo-maps-MA-9746&sourceid=aw-cen&utm_medium=seo%20maps&utm_source=google%20Maps&utm_campaign=seo%20maps;Traité
Hôtel Oasis Palace;Errachidia Maroc;;
Hôtel Oasis Palm;22J2+954 Guelmim Maroc;http://www.oasispalmhotel.com/;Traité
Hôtel Oriental Palace;728V+XG Taza Maroc;https://hotelorientalpalace.com/;Traité
Hôtel Panorama;W28J+HG4 Témara 12040 Maroc;;
Hôtel particulier Le Doge - Relais & Châteaux;9 Rue Dr Veyre Casablanca 20250 Maroc;http://www.hotelledoge.com/;Traité
Hôtel Pasta Plaza;15RUE AL KHALID IBN Al WALID N 26  LOTISSEMENT ANAKHIL Asilah 90050 Maroc;https://www.morocco-hotels24.com/hotel-pasta-plaza/;Traité
Hôtel Pyramides Taza;RN 1? Quartier La Gare Taza 35000 Maroc;http://hotelpyramidestaza.site/;Traité
Hôtel Rabat;21? ???? ???? ???? Rabat 10000 Maroc;http://www.hotelrabat.ma/;Traité
Hôtel Résidence Kabila Vista;B.P. 696 Route de Sebta km 13 M'diq. 93200 Maroc;http://www.hotelkabilavista.com/;Traité
Hôtel Résidence Louban;Ave du Sidi Mohammed Agadir 80000 Maroc;;
Hôtel Restaurant Complex Europe;7PW5+2RR Merada 35100 Maroc;;
Hôtel Restaurant Dar Al Madina;AV MOHAMED V EN FACE MAROC TELECOM 45800 Maroc;https://daralmadinatinghir.com/;Traité
Hôtel Restaurant Les Remparts;84 Derb Fougani Azemmour 24100 Maroc;https://www.booking.com/hotel/ma/les-remparts.fr.html?aid=356980&label=gog235jc-1FCAsojAFCDGxlcy1yZW1wYXJ0c0gNWANojAGIAQGYAQ24ARjIAQ3YAQHoAQH4AQKIAgGoAgS4At7_tboGwAIB0gIkM2FiYThlMWYtNDYzNC00NTUzLTk0YTktMjdjOWNiOTg5NjFj2AIF4AIB&sid=abf3c165ad035d3d606c3126dae312e0&all_sr_blocks=1291890708_402146800_2_1_0&checkin=2025-08-06&checkout=2025-08-07&dest_id=-25085&dest_type=city&dist=0&group_adults=2&group_children=0&hapos=1&highlighted_blocks=1291890708_402146800_2_1_0&hpos=1&matching_block_id=1291890708_402146800_2_1_0&no_rooms=1&req_adults=2&req_children=0&room1=A%2CA&sb_price_type=total&sr_order=popularity&sr_pri_blocks=1291890708_402146800_2_1_0__5500&srepoch=1733132260&srpvid=3a5943af528b0354&type=total&ucfs=1&;Traité
Hôtel Riad Asfi;11 Place de l'Indépendance? Oued Tensift Safi 46000 Maroc;;
Hôtel Riad Cafétéria Lahlou;95 rue mazouzie (souk edahab:bijoutier) Oujda 60000 Maroc;http://hotelriadcafeterialahlou.com/;Traité
Hôtel Riad Dar Daïf;BP 93 Ouarzazate Ouarzazate 45000 Maroc;https://dardaif.ma/;Traité
Hôtel Riad Taroudant;243 Av. Al Quds Taroudant 83000 Maroc;;
Hôtel Riad Zahra;Rue Amira Lalla Meryem Essaouira 44000 Maroc;http://www.riadzahra.com/;Traité
Hôtel Robinson Club;9CQ2+J8C? 2 Chemin des dunes Agadir 80000 Maroc;https://www.robinson.com/de/de/cluburlaub/marokko/agadir/club-details/?utm_campaign=googlemybusiness&utm_medium=organic&utm_source=google;Traité
Hôtel Sable d'Or;126 Bd Hassan II Tan-Tan 82000 Maroc;;
Hôtel Sahara Beach Akhfenir;Akhfennir Maroc;;
Hôtel Saja;Nador 62000 Maroc;;
Hôtel Senator;Rte de Ceuta Fnideq 93100 Maroc;https://facebook.com/SenatorFnideq;Traité
Hôtel Senhaja Sefrou Maroc;station Ziz klm 3 route boulemane en face Boulemane Maroc;;
Hôtel Sindibad;PLACE LAHCEN OU BRAHIM TAMRI Agadir 80000 Maroc;https://hotelsindibad.ma/fr;Traité
Hôtel Sultana Larache;calle real 8 rue halhoula Larache 92000 Maroc;http://hotelz.website/sultana;Traité
Hôtel Sunset;LOT JANAH bd.Mohamed VI Beni-Mellal 23000 Maroc;https://www.instagram.com/hotelsunsetbm/;Traité
Hôtel Swani;6 rue numéro 1 quartier belair Meknes 50010 Maroc;http://www.swanihotel.com/?utm_source=local&utm_medium=organic&utm_campaign=GMB;Traité
Hôtel Tafilalet & Spa;Meknès Maroc;https://hoteltafilaletmeknes.ma/;Traité
Hôtel Tamuda Beach;B.P. 696 Route de Sebta Km 13 M'diq? 93200 Maroc;http://www.hoteltamudabeach.com/;Traité
Hôtel Tanjah Flandria;6 Rue Moussa Ben Noussair Tangier 90001 Maroc;https://hoteltanjahflandria.ma/;Traité
Hôtel Titanic;22W6+V3H Missour 33250 Maroc;;
Hôtel Tomboctou;126 avenue bir Anzarane Tinghir 45800 Maroc;http://www.hoteltomboctou.com/;Traité
Hôtel Touristique Ammi Driss;Rte de Fès Bouâatouche-Sefrou Rte de Sefrou Maroc;;
Hôtel Transatlantique;4 ???? ???????? Meknes Maroc;http://valladolidhostel.com/transatlantique-hotel;Traité
Hôtel Vallée Ziz;Errachidia Maroc;;
Hôtel Velsatis;55 Boulevard Mohammed V Béni Mellal 23000 Maroc;https://www.velsatishotel.com/;Traité
Hôtel Villa Florido;32000 Al Hoceïma 32000 Maroc;;
Hôtel Villa Mandarine;19 Rue Oulad Bou'sbaa Rabat 10770 Maroc;http://www.villamandarine.com/;Traité
Hôtel Volubilis;5 Ave Allal Ben Abdellah Fes 30000 Maroc;https://hotel-volubilis-fes.experienciah.com/;Traité
Hôtel Wanola;Im 17 N8 Chichaoua 41000 Maroc;;
Hôtel Xaluca Aguelmame Sidi Ali;Lac Aguelmame Sidi Ali Maroc;https://www.xaluca.com/;Traité
Iminigran Maison d'hôtes;Ouarzazate 45050 Maroc;https://iminigran.com/;Traité
Just V hôtel & Spa;Haouita 2 Weedan Commune Oulad Hassoun Dar Baka Marrakech 44000 Maroc;https://www.justvhotel.com/;Traité
Kasbah Hôtel Camping Jurassique;Gorges du Ziz N13 Errachidia 52000 Maroc;http://www.kasbahjurassique.com/;Traité
La Corniche Hôtel;N°1 Av Hassan ll control Fnideq 93100 Maroc;https://estebanrecommends.com/la-corniche-fnideq-fnideq1-morocco;Traité
Le Palais Oumensour Boutique Hôtel;Taroudant 83000 Maroc;http://www.palaisoumensour.com/;Traité
L'Escale Appart-hôtel;Smir Park Appart-Hotel Route de Sebta Km 17 Marina Smir M'dik Marina Smir 93200 Maroc;http://www.smirpark.com/;Traité
Maison d’hôtes Tizouit;Ait Oumghar Demnate 22300 Maroc;http://www.tizouit.ma/;Traité
Maison d'hôtes Amsterdam;hay essalam bloc H N°448 Khénifra Maroc;;
Maison d'hôtes Dar Al Manar;BP 229 El Jadida 24000 Maroc;http://www.dar-al-manar.com/;Traité
Maison d'hôtes de la cité portugaise;N°9 Rue 8 El Jadida 24000 Maroc;http://nearmehotel.site/guesthouse;Traité
Maison d'hôtes Yamine;Sur La Route De Tasmit à 4Km De La Source Aiin Asserdoune Béni Mellal 23000 Maroc;;
Marina Smir Hôtel & Spa;Route de Sebta M'diq 93200 Maroc;http://www.marinasmirhotel.com/;Traité
Mercure Hôtel;1 Avenue Ibn Tachfine Nador 62000 Maroc;https://all.accor.com/lien_externe.svlt?goto=fiche_hotel&code_hotel=9677&merchantid=seo-maps-MA-9677&sourceid=aw-cen&utm_medium=seo%20maps&utm_source=google%20Maps&utm_campaign=seo%20maps;Traité
MIA Hôtels;Place Nour El Kamar Route De Casablanca El Jadida 24000 Maroc;https://www.miahotels.ma/;Traité
Moroccan Floors Suites Appart-Hôtel;Ave Mohammed V Tangier 90060 Maroc;https://moroccanfloors.com/;Traité
Mövenpick Hôtel;Baie De Tanger Ave Mohammed VI Tangier 90000 Maroc;https://movenpick.accor.com/en/africa/morocco/tangier/hotel-malabata-tanger.html?merchantid=seo-maps-MA-B4Q1&sourceid=aw-cen&utm_medium=seo+maps&utm_source=google+Maps&utm_campaign=seo+maps&utm_content=Tanger;Traité
Palais des Remparts Hôtel & Spa;Palais des remparts hôtel 18 Rue Ibn Rochd Essaouira 44000 Maroc;https://www.palaisdesremparts.com/;Traité
Prestige Agadir Hôtel & SPA;SECTEUR BALNÉAIRE? B30 Agadir 80000 Maroc;https://www.prestigeagadir.com/;Traité
Relax Hôtel Airport Nouaceur;Aeroport International Mohamed V Nouasseur B-P 101 Nouaceur Maroc Nouasseur Casablanca 27182 Maroc;https://atlashotelscollection.com/fr/maroc/hotel/relax-airport-casablanca;Traité
Restaurant hôtel Riad le Lieu tiznit;173 Impasse Issaoui Rue Haddada Tiznit 85000 Maroc;https://www.raidlelieu.com/;Traité
Riad 7 Maison d'hôtes & Restaurant;derb chtouka 2? Azemmour 24100 Maroc;http://www.riad7.com/;Traité
Riad Al Madina Essaouira Hôtel;9 rue Attarine Essaouira 44000 Maroc;http://www.riadalmadina.com/;Traité
Riad Ksar Maison d'hôtes;Rue 8 n°11 Cité Portugaise  El Jadida 24010 24010 Maroc;;
Riad le Cheval Blanc Hôtel;26 Derb El Kaouss Safi 46000 Maroc;http://www.riad-cheval-blanc.com/;Traité
RS Hôtel Karam Palace;Av. Moulay Rachid Ouarzazate 45000 Maroc;;
SBN Suites Hôtel & Spa;Arizona Corniche Blvd. Mohamed VI Tanger 90000 Maroc;https://www.sbnsuiteshotel.com/;Traité
Sirayane Boutique Hôtel & Spa;Km 08 route d'Amezmiz Marrakesh 40000 Maroc;http://sirayane.com/;Traité
STORY Rabat Boutique Hôtel & Spa;Rue Bani Yadder Rabat Maroc;https://www.story-rabat.com/;Traité
Tildi Hôtel Agadir & Spa;C9FV+F98 Rue Hubert Giraud Vile Nouvelle Agadir 80000 Maroc;https://www.hoteltildi.info/;Traité
Tiznit Hôtel;Rue Bir Anzarane Tiznit 85000 Maroc;https://hoteltiznit.com/;Traité
Urban Hôtel & Spa;Av. Al Qadissia Kénitra 14000 Maroc;https://urbanhotel.ma/;Traité
VANA HÔTEL;51 boulevard HASSAN II Midelt Maroc;http://riadmarrakesh.net/vanahotel;Traité
Zaki Suites Hôtel & Spa;VFJ8+RCC Meknes Maroc;;
Hôtel Atlas Day;Azilal Route de Beni-Mellal Bin El-Ouidane Maroc;http://www.hotelatlasday.com/;Traité
Hôtel Balima;H2FV+QJ3 Av. de la Marche Verte Mechra Bel Ksiri Maroc;;
Hôtel El Minzah;85 Rue de la Liberté Tanger 90000 Maroc;http://www.elminzah.leroyal.com/;Traité
Hôtel ifrane;G86C+2GC Fkih Ben Salah Maroc;;
Hôtel Ret El Cor;Av. Du Mars 2 Asilah Maroc;;
Hôtel Taroudant;F498+JHV Bd Mohammed V Taroudant Maroc;;
Camping Municipal Les Lucs;56 Av. du Président Roosevelt Nationale 7 26600 Tain-l'Hermitage France;http://www.camping-tain.fr/;Traité
Camping Mãui;222 Rte de Lamastre 07300 Tournon-sur-Rhône France;http://www.camping-maui.fr/;Traité
Camping YOUPENDI;190 Rte de Lamastre 07300 Tournon-sur-Rhône France;http://www.youpendi.fr/;Traité
Camping Iserand - Calme et Nature;1307 Rue Royale 07610 Vion France;https://www.iserandcampingardeche.com/;Traité
Camping Chante-Merle;390 Route de Tain 26600 Chantemerle-les-Blés France;http://www.campingchantemerle.fr/;Traité
Camping Le Château;5 Rte de Romans 26390 Hauterives France;https://www.camping-hauterives.com/;Traité
Camping Les Berges du Doux - Ardèche;4640 Route Du Doux par Boucieu le roi 07410 Colombier-le-Vieux France;https://www.camping-lesbergesdudoux.com/;Traité
Camping la Résidence d'été;120 Rue de la Batteuse 07700 Saint-Remèze France;http://www.campinglaresidence.com/;Traité
Domaine Camping Les Roches 4 étoiles;Les Roches 365 chemin des roches 07270 Le Crestet France;https://www.campinglesroches.com/;Traité
Flower La Châtaigneraie - Camping Drôme;50 Route de Font Flacher 26140 Anneyron France;https://www.chataigneraie.com/?utm_source=google&utm_medium=organic&utm_campaign=gmb;Traité
Camping Restaurant de la vallée du doux;Chapelle 844 route du crestet 07270 Boucieu-le-Roi France;http://www.camping-valleedudoux.fr/;Traité
Camping La Forêt - Vacances André Trigano;Pl. de la Wolfsgrube Lieu-dit 67530 Bœrsch France;https://vacances-andretrigano.com/camping/camping-la-foret#Introduction;Traité
Camping Les Reflets Du Mont Ste Odile;137 Rue de la Vall. Saint-Ulrich 67140 Barr France;http://www.les-reflets.com/;Traité
Camping du Haut- Koenigsbourg - Onlycamp;Rue de la Vancelle 68660 Lièpvre France;http://www.camping-hautkoenigsbourg.com/;Traité
Camping du Herrenhaus;28 Rue du Herrenhaus 67140 Le Hohwald France;https://camping-herrenhaus.fr/;Traité
Camping Paradis Le Giessen;Zone des loisirs 1 Rte de ville 67220 Bassemberg France;https://campinggiessen.fr/;Traité
Camping les Huttes;Rte du Nideck 67710 Wangenbourg-Engenthal France;https://www.camping-wangenbourg-engenthal.com/;Traité
Natur'camp Alsace - camping indépendant;17 Grand Rue 68690 Geishouse France;https://www.naturcamp.fr/;Traité
Flower Camping Les Bouleaux Ranspach;8 Rue des Bouleaux 68470 Ranspach France;http://www.alsace-camping.com/;Traité
Éco-Camping La Porte d'Autan | Carcassonne | Aude;1 Rue Boris Vian 11310 Saissac France;https://www.laportedautan.fr/;Traité
Aire camping-car Commune de Vailhan;Rte de Fournols 34320 Vailhan France;;
Aire Camping-Car Park;5 Rte de Langeais 37130 Cinq-Mars-la-Pile France;https://www.campingcarpark.com/fr_FR/camping-car/centre-val-de-loire/37-indre-et-loire/cinq-mars-la-pile?areaType=aire-etape-camping-car;Traité
Aire de camping-car de Duilhac sous Peyrepertuse;Rte du château 11350 Duilhac-sous-Peyrepertuse France;http://www.peyrepertuse.com/;Traité
Aire de service du Moulin : Aire de camping-car au cœur du Ternois;23 Rue du Moulin 62130 Pierremont France;https://www.gitedumoulinpierremont.com/;Traité
Aloa Vacances - Camping l'Orée du Bois;120 Rue d'Aquitaine 33990 Hourtin France;https://www.camping-loreedubois.com/;Traité
Aloa Vacances - Camping l’Étoile de Mer;La Pagesse 34410 France;https://www.aloa-vacances.com/etoile-de-mer/accueil/;Traité
Aloa Vacances - Camping Les Ajoncs d'Or;Chem. du Rocher 44500 La Baule-Escoublac France;https://www.lesajoncs-dor.com/;Traité
Auberge - Camping Le Pont D'espenel;Pont D Le 1926 Route de Die 26340 Espenel France;http://www.campingdupont.fr/;Traité
BIVOUAC NATURE / Camping Saint Jean du Gard dans les Cévennes / Camping nature & écologique | Nuit insolite & Glamping;Lieu dit Graousse 30270 Saint-Jean-du-Gard France;https://www.bivouac-nature.com/;Traité
Côte de Fumel Gîtes en Mini-Camping;136 Côte de Fumel 82150 Valeilles France;https://cotedefumel.com/;Traité
Camp'étoile de Friendly Camping and Lodges;24470 Saint-Pardoux-la-Rivière France;https://www.greengo.voyage/hote/friendly-camping-and-lodges/logement/camp-etoile-cabane;Traité
Camping/Accommodation - Bike Camping France inc. La Haille Gîtes;1650 Chemin de Ladamets Lieu-dit La Haille 32420 Villefranche-d'Astarac France;http://www.bikecampingfrance.com/;Traité
Camping*** les Reflets du Lac - Gîtes familiaux;70 avenue du 11 novembre 32170 Miélan France;https://lacmielan.com/;Traité
Camping;1 Chem. du Kaelbling 68140 Luttenbach-près-Munster France;https://www.an-camping.fr/;Traité
"Camping ""Domaine de la plage"" 4 étoiles - Adults Only (16ans et+)";2435 route du puy Neyrac-Les-Bains 07380 Meyras France;http://www.domainedelaplage.com/;Traité
"Camping ""L'île aux mille Charmes"" Vosges/Grand-Est";20 Rue de l'Écluse 88130 Charmes France;http://www.lile-aux-mille-charmes.fr/;Traité
"CAMPING ""Le Clos de Balleroy""";Rte de Castillon 14490 Balleroy-sur-Drôme France;https://www.camping-leclosdeballeroy.fr/;Traité
"Camping ""Le Val Fleuri""";13 A Route de Montigny Val Fleuri Allée du 28220 Cloyes-les-Trois-Rivières France;http://www.val-fleuri.fr/;Traité
Camping & Lodges du Bois Dodo;10 Chem. de Bonnet 82240 Septfonds France;https://lodges-bois-dodo.com/;Traité
Camping & Résidence Les Castors | Camping Corse | Camping Calvi;Rte de Pietra Maggiore 20260 Calvi France;https://www.camping-castors.fr/;Traité
Camping & Rest'Eau l'évasion;34 Rte de Chaumecon 58140 Saint-Martin-du-Puy France;https://www.gite-levasion-morvan.com/;Traité
Camping & Restaurant L'Oasis du Berry;3 Rue de la Pierre Plate 36800 Saint-Gaultier France;https://camping-oasisduberry.fr/;Traité
Camping / Village de Vacances Domaine du Mas de Saboth;Domaine Du Mas De Saboth 46090 Vers France;http://www.masdesaboth.com/;Traité
Camping « les Grandes Iles »;36220 Tournon-Saint-Martin France;http://tournonstmartin.fr/;Traité
Camping Étoile d'Argens Sandaya - Fréjus - 5 étoiles;121 Chem. des Étangs 83370 Fréjus France;https://www.sandaya.fr/nos-campings/etoile-d-argens?utm_source=google&utm_medium=gbp&utm_campaign=cta_siteweb_EtoileArgens;Traité
Camping à l'Orée du Bois de Montalan;897 route de Ferrières 45320 Saint-Hilaire-les-Andrésis France;http://www.campingmontalan-45.fr/?utm_medium=referral&utm_source=gmb&utm_campaign=lnk-gmb;Traité
Camping à la ferme Borda Lodge;825 Chem. de Mandoze Erramundeia 64220 Jaxu France;https://www.ferme-peotenia.com/;Traité
Camping à la ferme de Bellevue;563 Chem. de Bellevue 38440 Châtonnay France;https://terres-de-berlioz.com/hebergements/camping/F65788_camping-a-la-ferme-de-bellevue-chatonnay/;Traité
Camping à la ferme de La Harilais;La Harilais 35420 Le Ferré France;https://www.laharilais.fr/;Traité
Camping à la Ferme La Catie;Lieu-Dit La Catie 24620 Tamniès France;http://lacatie.com/;Traité
Camping à la ferme La Maison Neuve;35490 Chauvigné France;https://auberge-la-maison-neuve.fr/hebergement;Traité
Camping à la ferme Les Monguets;Camping les Monguets 3 rd 223 84400 Castellet-en-Luberon France;;
Camping éco-touristique et tiers-lieu apprenant - Kerbouzier;45 Rue du Budou 29140 Melgven France;https://www.kerbouzier.fr/;Traité
Camping écovillage Soleil du Pibeste - Hautes-Pyrénées;16 Av. du Lavedan 65400 Agos-Vidalos France;https://www.pibeste.fr/;Traité
Camping - Dompierre les Églises;11 Le Bourg 87190 Dompierre-les-Églises France;;
Camping - Ile de Ré - Les Acacias;4 Rue du Phare 17940 Rivedoux-Plage France;http://www.camping-acacias-iledere.fr/;Traité
Camping 3 étoiles - Parc aquatique - ccbfgdh;40200 Sainte-Eulalie-en-Born France;https://www.expedia.com/Hotel.h128102424.Hotel-Information?mdpcid=META.HPA.WEB-ORGANIC.VR;Traité
Camping 3 étoiles - Parc aquatique - ccbfgdi;40200 Sainte-Eulalie-en-Born France;https://www.expedia.com/Hotel.h128102429.Hotel-Information?mdpcid=META.HPA.WEB-ORGANIC.VR;Traité
Camping 3 étoiles - Parc aquatique - ccbfge0;40200 Sainte-Eulalie-en-Born France;https://www.expedia.com/Hotel.h128102431.Hotel-Information?mdpcid=META.HPA.WEB-ORGANIC.VR;Traité
Camping 3 étoiles - Parc aquatique - ccbfgeb;40200 Sainte-Eulalie-en-Born France;https://www.expedia.com/Hotel.h129233502.Hotel-Information?mdpcid=META.HPA.WEB-ORGANIC.VR;Traité
Camping 3 étoiles en Loire Atlantique - Camping de Prigny aux Moutiers-en-Retz;1 Rte de Moraudeau 44580 Les Moutiers-en-Retz France;https://www.campingdeprigny.fr/;Traité
Camping 3 étoiles Le Kervastard à Fouesnant - Finistère;56 Chem. de Kervastard 29170 Fouesnant France;https://www.campinglekervastard.com/;Traité
Camping 3 étoiles Le Soleil d'Or - Montalivet;32 bis Bd du Front de Mer 33930 Vendays-Montalivet France;http://www.campinglesoleildor.com/;Traité
Camping 4* La Dune de Jade Saint Brévin les Pins;110 Av. Maréchal Foch 44250 Saint-Brevin-les-Pins France;https://www.ladunedejade.fr/;Traité
Camping 4 étoiles à Saint-Cyr-sur-Mer - Le Clos Sainte-Therese;Route de Bandol D559 83270 Saint-Cyr-sur-Mer France;https://www.clos-therese.com/?utm_source=google&utm_medium=my-business&utm_campaign=google-my-business;Traité
Camping 4 étoiles - Parc aquatique - ccbbif0;29170 Fouesnant France;https://www.vrbo.com/pdp/lo/118917118?MDPCID=VRBO-META.HPA.WEB-ORGANIC.VR;Traité
Camping 4 étoiles - Parc aquatique - ccbeiee;85270 Saint-Hilaire-de-Riez France;;
Camping 4 étoiles - Parc aquatique - ccbfhfa;32480 La Romieu France;;
Camping 4 étoiles - Parc aquatique - ccbg0cb;56520 Guidel France;;
Camping 4 étoiles - Parc aquatique - ccbg0ce;56520 Guidel France;;
Camping 4 étoiles Charente Maritimes | Camping Le logis du Breuil;36 Rue du Ctre 17570 Saint-Augustin-sur-Mer France;http://www.logis-du-breuil.com/;Traité
Camping 4 étoiles Fouesnant | Camping De Kersentic | Finistère Sud;Cap Coz Hent Kersentic 29170 Fouesnant France;https://www.camping-kersentic.com/;Traité
Camping 4 étoiles La Baie - La Trinité sur Mer;45 Rue de Kervillen 56470 La Trinité-sur-Mer France;https://www.campingdelabaie.com/;Traité
Camping 4 étoiles Les Jardins du Morbihan;5 KERSIMON 56250 Monterblanc France;https://lesjardinsdumorbihan.com/?utm_medium=organic&utm_source=google;Traité
Camping 5 étoiles Dordogne - Domaine de Fromengal;Domaine de Fromengal 1247 Rte de la Grotte de Cussac 24480 Le Buisson-de-Cadouin France;https://www.domaine-fromengal.com/;Traité
Camping 5 étoiles Le Grand Large;11 Rte du Grand Large 50340 Les Pieux France;https://www.legrandlarge.com/?utm_source=google&utm_medium=organic&utm_campaign=gbp;Traité
Camping A l'Eau Vive;2799 Rte de Colmar 88400 Xonrupt-Longemer France;http://www.campingaleauvive.com/;Traité
Camping A La Ferme;650 Vieux Chemin d'Arles 13210 Saint-Rémy-de-Provence France;http://www.campingsaintremydeprovence.fr/;Traité
Camping a la Ferme;1 Chem. des Parées 42410 Chuyer France;;
Camping Ain L'Escapade;Rte du Pont 01160 Priay France;http://camping-ain.fr/;Traité
Camping Aloha Sandaya - Sérignan - 5 étoiles;788P+P5 Allée des Dunes 34410 Sérignan France;https://www.sandaya.fr/nos-campings/aloha?utm_source=google&utm_medium=gbp&utm_campaign=cta_siteweb_Aloha;Traité
Camping Alpes 4 étoiles | Camping la Rencontre du Soleil | Alpe d'Huez | Le Bourg-d'Oisans;Rte de l'Alpe d'Huez BP 33 38520 Le Bourg-d'Oisans France;https://www.rencontre-du-soleil.com/fr/?utm_source=gmb&utm_medium=organic;Traité
Camping Annecy Lac - la Ravoire - Doussard - Yelloh Village;Rte de la Ravoire 74210 Doussard France;https://www.campingsannecy.com/fr/la-ravoire?utm_source=google&utm_medium=organic&utm_campaign=GBP;Traité
Camping Annecy Lac - Les Fontaines - Lathuile - Yelloh Village;1295 Rte de Chaparon 74210 Lathuile France;https://www.campingsannecy.com/fr/les-fontaines?utm_source=google&utm_medium=organic&utm_campaign=GBP;Traité
Camping Aqua 3 Masses;31 Route du Bon Temps 17310 Saint-Pierre-d'Oléron France;https://www.campingaqua3masses.com/;Traité
Camping Arette - La Pierre Saint Martin;22 rue l'Arrou 64570 Arette France;http://www.camping-arette.com/;Traité
Camping Ardèche Le Grillou;590 Rte de Joyeuse 07260 Rosières France;http://www.camping-legrillou.fr/;Traité
Camping Argelès sur Mer - Camping Maeva Les Abricotiers;Chem. de Negue Bous 66700 Argelès-sur-Mer France;https://www.maeva.com/fr-fr/camping-maeva-escapades-les-abricotiers_1170381.html;Traité
Camping Ariège Parc Audinac les Bains / Camping nature Ariege;148 route de Belloc Camping Parc d'Audinac les 09200 Montjoie-en-Couserans France;https://camping-audinaclesbains.com/;Traité
Camping Ariege La Roucateille 13 Mars - 1er Novembre 2026;15 Rue du Pradal 09330 Montgailhard France;https://camping-roucateille.com/;Traité
Camping ATC Routes du Monde;2 All. de l'Infante 33470 Gujan-Mestras France;https://www.atc-routesdumonde.com/sejour/arcachon-la-hume/;Traité
Camping Au Bois Dormant;1437 route de Feneyrolles 19500 Chauffour-sur-Vell France;https://www.campingauboisdormant.fr/?utm_medium=referral&utm_source=gmb&utm_campaign=lnk-gmb;Traité
Camping Au Bois du Cé - Camping Puy du Fou 4 étoiles;12 le bois du cé 85500 Chanverrie France;https://www.camping-auboisduce.com/fr/?utm_source=gmb&utm_medium=organic;Traité
Camping Au Coeur du Lac - Onlycamp;3233 Rte d'Albertville 74320 Sevrier France;https://www.camping-annecy-sevrier.fr/;Traité
Camping Au Lac de Biscarrosse Yelloh Village - 5 étoiles;9V2X+P2 Rte Théophile Gautier 40160 Parentis-en-Born France;https://camping-lac-de-biscarrosse.com/?utm_source=google&utm_medium=local&utm_campaign=fiche_google;Traité
Camping Au Soleil d'Oc - Camping Vallée de la Dordogne Corrézienne;19400 Monceaux-sur-Dordogne France;https://www.campingsoleildoc.com/;Traité
Camping Au Soleil Levant;7 Rte du Val de Colagne 48100 Bourgs sur Colagne France;https://campingdelozere.fr/;Traité
Camping Au Val de Loire en Ré · APV · 4 étoiles · Camping Ile de Ré;Chem. du Château d'Eau 17580 Le Bois-Plage-en-Ré France;https://www.camping-apv.com/atlantique/camping-ile-de-re/camping-le-bois-plage-en-re/au-val-de-loire-en-re?utm_source=googlemybusiness&utm_medium=organic;Traité
Camping aux Portes de Paimpol;3 Rue des Ducs de Bretagne 22500 Kerfot France;https://camping-portes-paimpol.fr/?utm_source=gmb;Traité
Camping aux Tonneaux;700 Les Ferrages 83136 Méounes-lès-Montrieux France;https://camping-var-83.fr/;Traité
"Camping Auxi-le-Château ""Les peupliers de l'authie""";22 Rue du Cheval 62390 Auxi-le-Château France;https://www.auxicamping.fr/;Traité
Camping Avignon Parc Yelloh Village - 4 étoiles;385 Rte d'Entraigues 84270 Vedène France;https://www.campingavignonparc.com/?utm_source=google&utm_medium=local&utm_campaign=fiche_google;Traité
Camping Bachoc à la Ferme Pays Basque;Maison Etchemendigaraya 64780 Suhescun France;https://www.chez-mendi.com/;Traité
Camping Baie d'Aunis - Centre Ville & en face de la plage centrale-;10 Rue du Perthuis Breton 85360 La Tranche-sur-Mer France;http://www.camping-baiedaunis.com/;Traité
Camping Barneville | Le Pré Normand;57 Rte de la Mer 50270 Saint-Jean-de-la-Rivière France;https://www.pre-normand.fr/;Traité
Camping Bassin d'Arcachon | Ker Helen;Av. de la Côte d'Argent 33470 Le Teich France;https://www.kerhelen.com/?utm_source=google&utm_medium=organic&utm_campaign=gbp;Traité
Camping Bastibarres;Rte de Fauzan 34210 Cesseras France;;
Camping BEAU RIVAGE : Camping Aveyron 4 étoiles avec piscine chauffée et accès direct au Lac de Pareloup;Lac de Pareloup 21 Rte des Vernhes Rive droite 12410 Salles-Curan France;https://camping-aveyron-beau-rivage.fr/fr/camping-aveyron/;Traité
Camping Beauregard 4 étoiles – Région des Lacs du Jura;2 Grande Rue 39130 Mesnois France;https://www.juracampingbeauregard.com/;Traité
Camping Beausejour;1391 Rte de Grenoble 38150 Chanas France;;
CAMPING BEAUSEJOUR;18 Av. Charles de Gaulle 89140 Sergines France;https://camping-sergines.fr/;Traité
Camping BEL'EPOQUE DU PILAT;2 Rte de la Vialle 42410 Pélussin France;http://www.camping-belepoque.fr/;Traité
Camping Belle Rive;2493 Rte du Lac 88400 Xonrupt-Longemer France;;
Camping Bel Air;3 Rte de Prte 63230 Saint-Ours France;http://www.campingbelair.fr/;Traité
Camping Belle Roche au coeur du Trièves;224 Ruelle 38930 Lalley France;https://www.campingbelleroche.com/;Traité
CAMPING BELLEVUE;18 Rue de Bellevue 66500 Ria-Sirach France;http://www.campingbellevue-66.fr/;Traité
CAMPING BELLEVUE;27 Rue d'Albert 80300 Authuille France;https://camping-bellevue.meilleurhotel.top/;Traité
Camping Bidart - Harrobia;383 Rue Maurice Pierre 64210 Bidart France;https://www.harrobia.fr/;Traité
Camping Bleu Marine;All. de la Grande Maïre 34410 Sérignan France;https://www.campingbleumarine.fr/;Traité
Camping Bleu Mer;80 Chem. de Margite 17110 Saint-Georges-de-Didonne France;https://campingbleumer.fr/;Traité
Camping Bleuvert;23 Rue Saint-Michel 25120 Maîche France;https://www.camping-maiche.fr/;Traité
Camping Bois & Toilés | Camping Drome;317 Rte de Sablons 26140 Saint-Rambert-d'Albon France;http://www.bois-et-toiles.com/;Traité
Camping Bois Soleil;2 Av. de Suzac 17110 Saint-Georges-de-Didonne France;https://www.bois-soleil.com/;Traité
Camping Bonporteau - Cavalaire;208 Chem. du Train des Pignes 83240 Cavalaire-sur-Mer France;https://www.bonporteau.fr/?utm_source=google&utm_medium=my-business&utm_campaign=google-my-business;Traité
Camping Brin d'Amour;550 Rte de Fonvidal 24260 Les Eyzies France;http://www.brindamourcamping.com/;Traité
Camping Côte d'Opale le Blanc-Nez;18 Rue de la Mer 62179 Escalles France;http://www.camping-blancnez.fr/;Traité
Camping Côte de Nacre Sandaya - Calvados - 5 étoiles;17 Rue du Major Général James Moulton 14750 Saint-Aubin-sur-Mer France;https://www.sandaya.fr/nos-campings/cote-de-nacre?utm_source=google&utm_medium=gbp&utm_campaign=cta_siteweb_CoteDeNacre;Traité
Camping Côtes d'Armor | Les Hauts De Port Blanc;12 Rue de Keranscoualc'h 22710 Penvénan France;https://www.portblanc.com/;Traité
Camping Calvados | Le Robinson;24 Rte d'Omaha Beach 14710 Colleville-sur-Mer France;https://www.campinglerobinson.com/;Traité
Camping Campilo;L'Auroire Lieu dit 85430 Aubigny-Les Clouzeaux France;http://www.campilo.com/;Traité
Camping Camplodge 3 Vallées;32 Av. du Comte Greyfié de Bellecombe 73570 Brides Les Bains - France France;http://www.camping-brideslesbains.com/;Traité
Camping Canada;Rte de Septeuil 78680 Épône France;http://www.campingcanada.fr/;Traité
Camping Canal de Berry;Chem. de la Roche 18200 Saint-Amand-Montrond France;https://www.camping-canal-de-berry.fr/;Traité
Camping Canoë | Camping 4 étoiles Aveyron | Gorges du Tarn;11 Rue de la Combe 12640 Rivière-sur-Tarn France;http://www.camping-canoe.fr/;Traité
Camping Canopée;45 Chem. des Guilles 73210 Landry France;https://canopee-camping.eu/;Traité
Camping Cantal La presqu'île du Puech des Ouilhes - CHALETS BORD DE LAC;Le Puech des Ouilhes 15150 Lacapelle-Viescamp France;https://www.camping-lac-auvergne.com/;Traité
Camping Capfun - Arbois du Castellet;5541 Route des Hauts du Camp RN 8 83330 Le Castellet France;https://www.capfun.com/camping-france-provence_alpes_cote_d_azur-arbois_du_castellet-FR.html;Traité
Camping Capfun - Bastide;Route de Générac All. du Mas de la Bastide 30900 Nîmes France;https://www.capfun.com/camping-france-languedoc_roussillon-bastide-FR.html;Traité
Camping Capfun - Beauregard;1685 Rte d'Uchaux 84550 Mornas France;https://www.capfun.com/camping-france-provence_alpes_cote_d_azur-beauregard-FR.html;Traité
Camping Capfun - Chênaie;36 Rue du Patisseau 44210 Pornic France;https://www.capfun.com/camping-france-pays_de_la_loire-chenaie-FR.html;Traité
Camping Capfun - Donjon de Lars;Av. de la Libération 14470 Courseulles-sur-Mer France;https://www.capfun.com/camping-france-basse_normandie-donjon_de_lars-FR.html;Traité
Camping Capfun - Ecureuils;16 Rte des Goffineaux 85520 Jard-sur-Mer France;https://www.capfun.com/camping-france-pays_de_la_loire-ecureuils-FR.html;Traité
Camping Capfun - Fredland;Combreux Parc de 77220 Tournan-en-Brie France;https://www.capfun.com/camping-france-ile_de_france-fredland-FR.html;Traité
Camping Capfun - Fuvettes;24 Rte de la Plage des Perrières 25160 Malbuisson France;https://www.capfun.com/camping-france-franche_comte-fuvettes-FR.html;Traité
Camping Capfun - Grand Cerf;Rte de Fertot 58470 Gimouille France;https://www.capfun.com/camping-france-bourgogne-grand_cerf-FR.html;Traité
Camping Capfun - Hautes Coutures;Av. de la Côte de Nacre 14970 Bénouville France;https://www.capfun.com/camping-france-basse_normandie-hautes_coutures-FR.html;Traité
Camping Capfun - Hermitage;1263 Av. Edgar Faure 34410 Sérignan France;https://www.capfun.com/camping-france-languedoc_roussillon-hermitage-FR.html;Traité
Camping Capfun - Joncal;Quai du Petit Nice 14450 Grandcamp-Maisy France;https://www.capfun.com/camping-france-basse_normandie-joncal-FR.html;Traité
Camping Capfun - Lac des 3 Vallées;Lieu-dit Thézaurère 32700 Lectoure France;https://www.lacdes3vallees.fr/;Traité
Camping Capfun - Le Lac des 3 Vallées;Unnamed Road 32700 Lectoure France;https://www.capfun.com/camping-france-occitanie-lac_des_3_vallees-FR.html;Traité
Camping Capfun - Moulinal;Etang du Moulinal D255 24540 Biron France;https://www.capfun.com/camping-france-aquitaine-moulinal-FR.html;Traité
Camping Capfun - Palais de Gaufrette;33 Rue de l'Étang 57510 Rémering-lès-Puttelange France;https://www.capfun.com/camping-france-lorraine-palais_de_gaufrette-FR.html;Traité
Camping Capfun - Pinèda;Boulevard de Cazaux 33260 La Teste-de-Buch France;https://www.capfun.com/camping-france-aquitaine-pinede-FR.html;Traité
Camping Capfun - Plan du Fernuy;1800 Rte des Confins 74220 La Clusaz France;https://www.capfun.com/camping-france-rhone_alpes-plan_fernuy-FR.html;Traité
Camping Capfun - Roca d'Amour;Mathieu Lieu dit 46500 Padirac France;https://www.capfun.com/camping-france-midi_pyrenees-roca_d_amour-FR.html;Traité
Camping Capfun - Sud Land;60 Av. de la Plage 40530 Labenne France;https://www.capfun.com/camping-france-aquitaine-sud_land-FR.html;Traité
Camping Capfun - Ullule;Pont Ramio 47370 Tournon-d'Agenais France;https://www.capfun.com/camping-france-aquitaine-ullule-FR.html;Traité
Camping Capfun - Vignes D'Or;6859 Chem. de l'Hermitage 34410 Sérignan France;https://www.capfun.com/camping-france-languedoc_roussillon-vignes_d_or-FR.html;Traité
Camping caravaneige Lanslevillard;Rue sous l'Église 73480 Val-Cenis France;http://www.camping-valcenis-savoie.com/;Traité
Camping Capfun Imbours;3673 Route de Saint-Remeze 07220 Larnas France;https://www.capfun.com/camping-france-rhone_alpes-imbours-FR.html;Traité
Camping Caravaneige Locations l'Iscle de Prelles;986 Route de L'Iscle 05120 Saint-Martin-de-Queyrières France;https://www.camping-iscledeprelles.com/?utm_source=gmb;Traité
Camping Caravaning U Moru;20114 Figari France;http://www.u-moru.com/;Traité
Camping Carcassonne / Domaine de la Vitarelle / Glamping;La Bitarelle 11600 Villanière France;http://www.domainedelavitarelle.com/;Traité
Camping Cassaduc;P. Sublime 48500 Massegros Causses Gorges France;http://camping-cassaduc.com/;Traité
Camping Château de l'Oseraie;10 Rue du Château 80200 Feuillères France;https://camping-chateau-oseraie.fr/;Traité
camping chalet de montaigu;route de montaigu 25190 Valoreille France;http://campingchalet-hautdoubs.com/;Traité
Camping Chantalouette;384 Rte du Val d'Arly 74120 Praz-sur-Arly France;http://www.prazarly.fr/;Traité
Camping Chantecler;49 bis Av. de Vénasque 31110 Bagnères-de-Luchon France;https://campingluchonchantecler.fr/;Traité
Camping Chantemerle;La Ponteze lieu dit 48400 Bédouès-Cocurès France;http://www.camping-chantemerle.com/;Traité
Camping Chez Georgette;Rue Haute 2 70240 Colombotte France;https://campingchezgeorgette.eu/;Traité
camping chez l'habitant;2 Rue des Vignes 17800 Rouffiac France;https://www.homecamper.fr/land/46314;Traité
Camping chez l'habitant;37 Rte du Porho 56250 Saint-Nolff France;https://www.pitchup.com/fr-ca/campsites/france/bretagne/morbihan/saint-nolff/chez-stephane/;Traité
Camping chez l'habitant au service des randonneurs du GR34;7 Imp. Châteaubriand 22220 Tréguier France;https://daniellequelen.wixsite.com/accueil;Traité
Camping chez l'habitant bord de mer randonneurs Gr34;4 Imp. Ter Garec Coz 22220 Plouguiel France;;
Camping chez l'habitant Le Pont du Bas;Le Bas 70270 Fresse France;http://camping-lepontdubas.fr/;Traité
Camping City Nature;1071 Av. du Vert Galant 64230 Lescar France;https://city-nature.com/;Traité
CAMPING CHEZ MIREILLE;Chem. Genty 62600 Berck France;http://www.chezmireille.fr/;Traité
Camping Claire Rivière;560 Chem. de la Masse 01800 Villieu-Loyes-Mollon France;https://claire-riviere.com/;Traité
Camping Clicochic - Alpes Lodges;194 Rue du Rocher Blanc Route du 73710 Pralognan-la-Vanoise France;https://www.clicochic.com/camping-france-rhone_alpes-alpes_lodges_hiver-FR.html;Traité
Camping Clicochic - Art de Vivre;chemin de l 960 Chem. Islon Saint-Luc 84230 Châteauneuf-du-Pape France;https://www.clicochic.com/camping-france-provence_alpes_cote_d_azur-art_de_vivre-FR.html;Traité
Camping Clicochic - Baie de Cavalaire;Bd Pasteur 83240 Cavalaire-sur-Mer France;https://www.clicochic.com/camping-france-provence_alpes_cote_d_azur-baie_de_cavalaire-FR.html;Traité
Camping Clicochic - Bastets;335 Chem. du Camping 26740 Marsanne France;https://www.clicochic.com/camping-france-rhone_alpes-bastets-FR.html;Traité
Camping Clicochic - Etang de la Mutche;Rue de Morhange 57340 Harprich France;https://www.clicochic.com/camping-france-lorraine-etang_de_la_mutche-FR.html;Traité
Camping Clicochic - Ferme des Aulnes;Marais de Fresne 80120 Nampont France;https://www.clicochic.com/camping-france-picardie-ferme_des_aulnes-FR.html;Traité
Camping Clicochic - Haras de Deauville;Chem. du Calvaire 14800 Touques France;https://www.clicochic.com/camping-france-basse_normandie-haras-FR.html;Traité
Camping Clicochic - Havre de Bernières;Chem. de Quintefeuille 14990 Bernières-sur-Mer France;https://www.clicochic.com/camping-france-basse_normandie-havre_bernieres-FR.html;Traité
Camping ClicoChic - Lou Castel;3362 Rte des Côteaux 24250 Castelnaud-la-Chapelle France;https://www.clicochic.com/camping-france-aquitaine-lou_castel-FR.html;Traité
Camping Clicochic - Peupliers (Brise de Cabourg);2 All. des Pins 14810 Merville-Franceville-Plage France;https://www.camping-vagues-oceanes.com/camping-calvados/camping-brise-de-cabourg.html;Traité
Camping Clicochic - Source du Jabron;200 Chem. de Brachet 26220 Comps France;https://www.clicochic.com/camping-france-rhone_alpes-source_du_jabron-FR.html;Traité
Camping Clicochic - Verte Vallée;4092 Rte du Lac 88400 Xonrupt-Longemer France;https://www.clicochic.com/camping-france-lorraine-verte_vallee-FR.html;Traité
Camping Club La Côte des Roses - MS Vacances;Route de Gruissan Les Joncasses 11100 Narbonne France;https://www.ms-vacances.com/destinations/occitanie/campings-aude/camping-club-la-cote-des-roses/?utm_source=gmb;Traité
Camping Club La Côte Sauvage - MS Vacances;La Coubre Avenue de la Coubre Lieu-dit 17570 Les Mathes France;https://www.ms-vacances.com/destinations/nouvelle-aquitaine/campings-charente-maritime/camping-club-la-cote-sauvage/?utm_source=gmb;Traité
Camping Club Le Vivier - MS Vacances;681 Rue du Tit 40600 Biscarrosse France;https://www.ms-vacances.com/destinations/nouvelle-aquitaine/campings-landes/camping-club-le-vivier/?utm_source=gmb;Traité
Camping Club Navarrosse Plage - MS Vacances;712 Chem. de Navarrosse 40600 Biscarrosse France;https://www.ms-vacances.com/destinations/nouvelle-aquitaine/campings-landes/camping-club-navarrosse-plage/?utm_source=gmb;Traité
Camping Club Plage Sud - MS Vacances;230 Rue des Bécasses 40600 Biscarrosse France;https://www.ms-vacances.com/destinations/nouvelle-aquitaine/campings-landes/camping-club-plage-sud/?utm_source=gmb;Traité
Camping Coeur d'Alsace;Rue du Canal 67260 Harskirchen France;http://www.camping-coeur-alsace.fr/;Traité
Camping Communal au Rhin et à la Sauer;2 Rue de l'Étang 67470 Munchhausen France;https://www.munchhausen.fr/campings-communaux/;Traité
Camping Concarneau 4 étoiles en Finistère Sud | Domaine de Pendruc;2155 Rue de Pendruc 29910 Trégunc France;https://www.domainedependruc.com/;Traité
Camping Croas-Men;Tréboul FR 27 bis Rue du Croas Men 29100 Douarnenez France;http://www.croas-men.com/;Traité
Camping Cyrnos;Route de Porto Pollo 20140 Serra-di-Ferro France;http://www.camping-cyrnos.fr/;Traité
Camping d'Angers - Lac de Maine;Av. du Lac de Maine 49000 Angers France;https://www.campingangers.com/?utm_medium=organic&utm_source=gmb&utm_campaign=citykamp_angers;Traité
Camping d'Arpheuilles - Bord de l'eau - Vacances en France;Lieu dit Arpheuilles Saint-Paul-de-Vézelin 42590 Vézelin-sur-Loire France;https://www.camping-arpheuilles.com/;Traité
Camping d'Oberwiese;Camping d'Oberwiesse Rue des Vergers 57510 Guebenhouse France;https://campingoberwiese.com/;Traité
Camping Déjà Vu;227 Latuque 46700 Montcabrier France;https://campingdejavu.fr/nl/;Traité
Camping dans l'Ain : Domaine de Mépillat;70 Grange Maigre 01560 Saint-Nizier-le-Bouchoux France;https://www.camping-mepillat.fr/;Traité
"Camping de ""La Presqu'île de Champaubert""";RD 153 52290 Éclaron-Braucourt-Sainte-Livière France;http://campingpresquilechampaubert.fr/;Traité
Camping de Belle Hutte : chalets et hébergements insolites;1 Bis Vouillé de Belle-Hutte 88250 La Bresse France;http://www.campingbellehutte.com/;Traité
Camping de Bergougne;47210 Rives France;http://www.camping-de-bergougne.fr/;Traité
Camping de Broceliande;Les Landelles 56430 Néant-sur-Yvel France;http://camping-de-broceliande.fr/;Traité
Camping de Ceyreste - Cassis La Ciotat;Av. Eugène Julien 13600 Ceyreste France;https://www.campingceyreste.com/;Traité
Camping de Chanterane;Chanterane 05350 Molines-en-Queyras France;http://www.chanterane.net/;Traité
Camping De Clécy Les Rochers Des Parcs;8 Route du Viaduc La Cour 14570 Le Vey France;https://www.camping-normandie-clecy.eu/;Traité
Camping de Correns Le Grand Jardin;La Condamine 83570 Correns France;http://www.campingdecorrens.com/;Traité
Camping de Croas an Ter Clohars -Carnoët;Quelvez 29360 Clohars-Carnoët France;https://www.campingcroasanter.com/;Traité
Camping de Fontcouverte;Fontcouverte 05100 Névache France;http://www.camping-fontcouverte-nevache-alpes.com/;Traité
Camping de Gourjade;363 All. de Gourjade 81100 Castres France;http://campingdegourjade.net/;Traité
Camping de Joncherey;Rue des Chênes 90100 Joncherey France;https://joncherey.fr/category/camping/;Traité
Camping de l'Étang des Forges - Onlycamp;Rue du Général Bethouart 90000 Belfort France;https://www.camping-belfort.com/;Traité
Camping de l'Île d'Yeu;60 Rue de St Etienne 85350 L'Île-d'Yeu France;http://www.campingiledyeu.fr/;Traité
Camping de l'Île Percee;Plage de Trenez 29350 Moëlan-sur-Mer France;http://www.camping-ile-percee.fr/;Traité
Camping de l'île;1 Imp. de l'Île 39700 Ranchot France;http://www.juracampingdelile.fr/;Traité
Camping de L' Oliveraie;10 Pl. de la Guinguette 30430 Saint-Jean-de-Maruéjols-et-Avéjan France;http://camping-gard.camp/;Traité
Camping de l'Arnel;Av. de Palavas 34750 Villeneuve-lès-Maguelone France;https://camping-arnel.fr/;Traité
Camping de l'Ecutot;Rte de l'Ecutot 50380 Saint-Pair-sur-Mer France;;
Camping de L'Etang;15270 Champs-sur-Tarentaine-Marchal France;http://www.auvergne-vacances.com/;Traité
Camping de l'Etang du Domaine de Boulet;La Bijouterie 35440 Feins France;https://www.campingletang.com/;Traité
Camping de l'Etang Philippe;Camping de L'Étang Philippe Mazières 63390 Saint-Gervais-d'Auvergne France;https://www.camping-etang-philippe.fr/;Traité
Camping de l'Hermitage SITE OFFICIEL;46 Av. du Paradis 44290 Guémené-Penfao France;http://www.campinglhermitage.com/;Traité
CAMPING DE L'ILE;1 Rue de Pontarlier 25110 Pont-les-Moulins France;http://www.campingdelile.fr/;Traité
Camping de l'Isle Saint-Jean;Rue Tardy 89270 Arcy-sur-Cure France;https://camping-islesaintjean-arcysurcure.fr/;Traité
Camping de la Bageasse - Onlycamp;Chem. de la Chaud 43100 Vieille-Brioude France;https://www.terracamps.com/camping-nature/camping-la-bageasse;Traité
Camping de la Baie;12 Rue du Tertre de la Fontaine 22380 Saint-Cast-le-Guildo France;http://www.campingdelabaie.bzh/;Traité
Camping de la Baie;Lescléden 29770 Cléden-Cap-Sizun France;;
Camping de la Baie en Baie de Somme - Sites et Paysages - Camping 3 étoiles;10 Rue de la Baie 80230 Pendé France;https://campingdelabaie.eu/;Traité
Camping de la Baignade;3 Rte du Canard 23800 La Celle-Dunoise France;https://www.lacelledunoise.fr/hebergements-touristiques/;Traité
Camping de la Bouriette;199 Chem. de Tournefeuille 31300 Toulouse France;http://www.camping-la-bouriette-toulouse.fr/;Traité
CAMPING DE LA BLANCHE;703 Rte de Haut Chardavon 04140 Seyne France;https://sites.google.com/view/camping-de-la-blanche/accueil;Traité
Camping de La Côte des Isles;Mielles de Rambut 50580 Port-Bail-sur-Mer France;https://www.camping-cote-des-isle.fr/;Traité
Camping de la Côte des Légendes | camping Finistère Nord | Bretagne;Rue Douar ar Pont 29890 Plounéour-Brignogan-plages France;https://www.campingcotedeslegendes.com/?utm_source=google_my_business&utm_medium=site-web;Traité
Camping de la Chabotière;Pl. des Tilleuls 72800 Luché-Pringé France;http://www.lachabotiere.com/;Traité
Camping de La Chanterie;581 Rte de la Gicquelière 50380 Saint-Pair-sur-Mer France;http://www.campinglachanterie.com/;Traité
Camping de la Clairette - Drôme;988 Route de Die 26340 Espenel France;https://campingdelaclairette.com/;Traité
Camping de la Claysse****;178 Rue du Quai de la Claysse 07460 Saint-Sauveur-de-Cruzières France;http://www.campingdelaclaysse.com/;Traité
Camping de La Flèche;185 All. Camping 72200 La Flèche France;http://www.camping-lafleche.com/;Traité
Camping de la Forêt;Rue de l'Étang 44130 Le Gâvre France;http://campinglegavre.fr/;Traité
Camping de la Garenne de Moncourt;Rue Siffait de Moncourt 80120 Rue France;https://www.campinglagarennedemoncourt.com/;Traité
Camping de la Gartempe;39 Av. de Ventenat 87290 Châteauponsac France;http://www.campingdelagartempe.fr/;Traité
Camping de la Gautière;La Gautière 26170 La Penne-sur-l'Ouvèze France;http://www.camping-lagautiere.com/;Traité
Camping de la Lône;6 bis Av. du Rhône 42520 Saint-Pierre-de-Bœuf France;http://espaceeauxvives.com/camping-de-la-lone;Traité
Camping de La Laune;3724 Bd de la Vallée 06440 Peillon France;https://www.campingdelalaune.com/;Traité
CAMPING DE LA LOIRE;55 Rue de la Loire 44360 Cordemais France;https://direct.me/campingdelaloire;Traité
Camping de la Louve;2 Rue du Pont 39600 Champagne-sur-Loue France;http://www.camping-la-louve.com/;Traité
Camping De La Météorite SARL;4 route de Boischenu 87600 Rochechouart France;https://campingmeteor.fr/?utm_source=gmb;Traité
Camping de la Manche;19 Av. de la République 62600 Berck France;;
Camping de la Montagne-Pêche;Rue de Mauconseil 60138 Chiry-Ourscamp France;http://www.campinglamontagne.fr/;Traité
Camping De La Motelette;80120 Forest-Montiers France;https://www.la-mottelette.com/;Traité
Camping de La Motte;46 Rte de Froise 80120 Quend France;http://www.campingdelamotte.org/;Traité
Camping de la Murée;35 Rue Catherine de Clèves 08230 Bourg-Fidèle France;http://www.campingdelamuree.com/;Traité
Camping de La Noue de l'Anse;"D16 ""La Noue de l'Anse 18400 Saint-Florent-sur-Cher France";https://www.ccfercher.fr/sepanouir/le-tourisme/camping-de-villeneuve-sur-cher/;Traité
Camping de La Piscine 4 étoiles - Fouesnant - Finistère Sud;51 Hent Kerleya 29170 Fouesnant France;https://www.camping-bretagne-delapiscine.com/;Traité
Camping de la Plage;66470 Sainte-Marie-la-Mer France;;
Camping de la Pointe;156 Chem. des Anglais 62600 Berck France;;
Camping de la reuille;1 La Reuille 36700 Fléré-la-Rivière France;http://campingdelareuille.wixsite.com/parc-de-la-reuille;Traité
Camping de la Rouvre;ROUVROU 8 chemin Cul de Rouvre 61430 Ménil-Hubert-sur-Orne France;http://www.larouvre.fr/;Traité
Camping de la Source du Doubs;Rue de la Source du Doubs 25240 Mouthe France;https://camping-mouthe.fr/;Traité
Camping de la Touche;La Touche 37240 Ligueil France;https://campingdelatouche.com/;Traité
Camping de la Vallée;All. du Lac 03310 Néris-les-Bains France;http://www.campingdelavallee03.fr/;Traité
Camping De la Vallée de l'Oise à Guise 02120;33 Imp. du Camping 02120 Guise France;https://campingguise.wixsite.com/camping-vallee-oise;Traité
Camping de la vallée du Rance L'enfant Sauvage;D33 12380 Saint-Sernin-sur-Rance France;https://www.campingvalleedurance.fr/;Traité
Camping de Laborie Sud Ardèche;780 Route de Ruoms 07120 Pradons France;http://www.campingdelaborie.com/;Traité
Camping de Mandeure;Rue de l'Église 25350 Mandeure France;https://villemandeure.fr/camping;Traité
Camping de Martiniere - Chartreuse Sites & Paysages;1941 Rte du Col de Pte. 38380 Saint-Pierre-de-Chartreuse France;https://camping-de-martiniere.com/;Traité
Camping de mon Village (Camping-Car Park);1 Plan d'Eau de la Vergne 23320 Bussière-Dunoise France;https://www.campingcarpark.com/fr_FR/camping-car/nouvelle-aquitaine/23-creuse/bussiere-dunoise?areaType=camping;Traité
Camping de mon Village (Camping-Car Park);3 Chem. de la Planche des Dames 87210 Le Dorat France;https://www.campingcarpark.com/fr_FR/camping-car/nouvelle-aquitaine/87-haute-vienne/le-dorat?areaType=camping;Traité
Camping de mon Village (Camping-Car Park);1 Moulin du Pré 29520 Saint-Goazec France;https://www.campingcarpark.com/fr_FR/camping-car/bretagne/29-finistere/st-goazec?areaType=camping;Traité
Camping de Montchavin-Les Coches;2 All. du Mont Blanc 73210 La Plagne Tarentaise France;http://www.campingmontchavin.com/fr/;Traité
Camping de Montlouis-sur-Loire - Onlycamp;D751 37270 Montlouis-sur-Loire France;https://www.terracamps.com/camping-nature/camping-de-montlouis-sur-loire;Traité
Camping de Pouchou;Pouchou 47370 Courbiac France;http://www.camping-le-pouchou.com/;Traité
CAMPING DE RANDON;Pl. de l'Église 48700 Monts-de-Randon France;https://suitefr.click/camping-randon-h7fsbn;Traité
Camping de Rodaven;279 Chem. de la Vall. de l'Aulne 29150 Châteaulin France;https://www.night-and-day.fr/camping/2-camping-de-rodaven;Traité
Camping de Saumont;364 Rue de Jérusalem 73310 Ruffieux France;http://www.campingsaumont.com/;Traité
Camping de Savel;38350 Mayres-Savel France;http://www.camping-savel.com/;Traité
Camping de Serrette;2 route de sarraveille 63790 Chambon-sur-Lac France;https://www.campingdeserrette.com/;Traité
Camping de Tauves - Onlycamp;31 Pl. du Foirail 63690 Tauves France;https://www.terracamps.com/camping-nature/camping-de-tauves;Traité
Camping Dei Dous Peire;86 Av. du Château de la Brague 06600 Antibes France;;
Camping de Trézulien;14 Rte de Trezulien 29100 Douarnenez France;http://www.camping-trezulien.com/;Traité
Camping des Îles;1 Av. de la Plage 50480 Sainte-Mère-Église France;http://camping-des-iles-ravenoville.fr/;Traité
Camping Des 4 Ce;9 bis All. des Vanneaux 33470 Gujan-Mestras France;https://campingdes4ce.com/;Traité
Camping des 5 Vallées - Briançon;Ham. Saint-Blaise 05100 Briançon France;http://www.camping5vallees.com/;Traité
Camping des Abesses;782 All. du Château 40990 Saint-Paul-lès-Dax France;http://www.campingdesabesses.com/;Traité
Camping Des Acacias Tours;11 Rue Berthe Morisot 37700 La Ville-aux-Dames France;https://camping-tours.fr/;Traité
Camping des Alouettes (Ouvert du 1 Avril au 30 Septembre);1 Les Alouettes 87310 Cognac-la-Forêt France;http://www.camping-des-alouettes.com/fr/;Traité
Camping Des Arcades;5270 route de cahors 46800 Barguelonne-en-Quercy France;https://www.des-arcades.com/fr/?utm_medium=organic&utm_source=gmb;Traité
Camping des Bains;15 Av. Jean Mermoz 58360 Saint-Honoré-les-Bains France;https://www.campinglesbains.com/;Traité
Camping des Bondons;49 Rue des Bondons 77260 La Ferté-sous-Jouarre France;http://www.campingdesbondons.com/;Traité
Camping des Berges de l'Yonne - Onlycamp;Rte de Clamecy 89480 Coulanges-sur-Yonne France;https://www.camping-coulanges-sur-yonne.fr/;Traité
Camping des Bords de l'Aure;Bd d'Eindhoven 14400 Bayeux France;http://camping-bayeux.fr/;Traité
Camping des Capucines;Rue de la Côte Fleurie 14860 Ranville France;http://campingdescapucines.com/;Traité
Camping des Chardonnets;D947 Abriès-Ristolas France;http://www.camping-queyras.com/;Traité
Camping des Combes;Les Combes 73 23500 Felletin France;https://www.campingdescombes.com/;Traité
Camping des Combrailles;Rue de la Poule d'Eau 63700 Saint-Éloy-les-Mines France;https://evanature.fr/combrailles;Traité
Camping des Etangs;2315 Rte d'Angeville 82100 Garganvillar France;http://www.camping-des-etangs.com/;Traité
Camping Des Eurockéennes;38 D13 90300 Lachapelle-sous-Chaux France;https://www.eurockeennes.fr/;Traité
Camping des Gorges de l'Allier;Rue Jean Baptiste Tuja 43300 Langeac France;http://www.campinglangeac.com/;Traité
Camping des Lancières;15 Rue André Henriat 89220 Rogny-les-Sept-Écluses France;http://www.campingdeslancieres.fr/;Traité
Camping des Merveilles;Le Suquet Suquet de Lantosque (Le 06450 France;https://www.campingfrance.com/de/suchen-sie-ihren-campingplatz/provence-alpes-cote-dazur/alpes-maritimes/lantosque/les-merveilles#gen-service-3;Traité
Camping des Nations;8 B Route Nationale N° 7 38550 Clonas-sur-Varèze France;https://www.campingdesnations.com/;Traité
Camping Des Neiges - Appartement 2 personnes - Meublé VF1 1/2 P;73260 Grand-Aigueblanche France;https://www.holidu.fr/d/56779355?ref_source=google_vr&utm_source=google_vr_eb;Traité
Camping des nières;41 Rue des Nières 03450 Ébreuil France;https://camping-sioule.fr/;Traité
Camping des Oiseaux en Baie de Somme;591 Chem. des Oiseaux 80120 Rue France;http://www.campingbaiesomme.com/;Traité
Camping des Papillons;17 Rue du Stade 03450 Lalizolle France;https://www.campingdespapillons.com/;Traité
Camping des Randonneurs;d'en Léon Camping des Randonneurs 1 Camin del Serrat 66220 Fenouillet France;http://www.campingdesrandonneurs.com/;Traité
Camping des Rives de l'AA;1300 Rue Edgard Coppey 59820 Saint-Georges-sur-l'Aa France;https://www.campingdesrivesdelaa.fr/;Traité
Camping des Sources;350 Rte du Mouliot 40320 Eugénie-les-Bains France;http://www.camping-eugenie-les-bains.fr/;Traité
Camping des Treilles;211 Av. Georges Bizet 06600 Antibes France;https://www.facebook.com/campingdestreilles/;Traité
Camping des Trois Tilleuls;28 Rue de Frévent 62770 Fillièvres France;http://www.camping3tilleuls.com/;Traité
Camping Diriart;D22 64780 Suhescun France;http://campingalafermepaysbasque.com/;Traité
Camping Dinard | Village de Yourtes | Camping Beaussais | Camping Bretagne;43 Le Bourg 22650 Beaussais-sur-Mer France;https://www.villagedeyourtes.com/;Traité
Camping Domaine de Fierbois - Vacances André Trigano;Av. des Alouettes 40130 Capbreton France;https://vacances-andretrigano.com/camping/landes/domaine-de-fierbois-capbreton;Traité
Camping Domaine de la Roudelière - Ushuaïa Villages;549 Chem. des Launes 83870 Signes France;https://www.camping-signes.fr/;Traité
Camping Domaine de Senaud;10 Route de Saint-Martin 26140 Albon France;https://www.domainedesenaud.com/;Traité
Camping Domaine des Bans Yelloh Village - 4 étoiles;146 Rue James Wiese 88430 Corcieux France;https://www.domaine-des-bans.fr/?utm_source=google&utm_medium=local&utm_campaign=fiche_google;Traité
Camping Domaine des Mathevies;255 All. de la Fontaine 24200 Sainte-Nathalène France;http://www.mathevies.com/;Traité
Camping Domaine du Mès;30 Rte de Mesquer 44350 Saint-Molf France;https://www.domainedumes.fr/;Traité
Camping Domaine l'Ecrin vert;Le Pont de Lincou 12170 Réquista France;http://www.lecrinvert.fr/;Traité
Camping Domaine la Chabanne;l.dt La Chabanne 03250 Châtel-Montagne France;https://www.lachabanne.nl/;Traité
Camping Domaine la Garenne - Drôme - Ouvert du 29/04/2026 au 13/09/2026;156 Chablezin 26330 Saint-Avit France;https://www.domaine-la-garenne.com/;Traité
Camping Domaine Le Midi Sandaya - Ile de Noirmoutier - 5 étoiles;Rue du Camping 85630 Barbâtre France;https://www.sandaya.fr/nos-campings/domaine-le-midi?utm_campaign=cta_site_web_DomaineLeMidi&utm_medium=gbp&utm_source=google;Traité
Camping Domaine Le Quercy;1653- France 894 chemin de Mont Marsis 3200 Pont du Gué 46300 Gourdon France;https://www.domainequercy.com/?utm_source=google&utm_medium=organic&utm_campaign=gbp;Traité
Camping Domaine saint Martin du Canigou;6 Boulevard de la Cascade 66820 Casteil France;https://domainesaintmartin.com/;Traité
Camping Domaine Saint-Laurent & Salle de réception - 3 étoiles proche de Castelnaudary;Camping St Laurent Lieu-dit Les Touzets GPS : lat 43.390 / long 1.827 11320 Montferrand France;http://www.camping-carcassonne-toulouse.com/;Traité
Camping Dordogne - Le Domaine du Lac en Périgord Noir;Le Lac 24580 Plazac France;https://www.domainedulac-dordogne.com/?utm_source=google&utm_medium=organic;Traité
Camping Dordogne La Lénotte 3 étoiles;D710 24170 Monplaisant France;https://www.la-lenotte.com/;Traité
Camping Dordogne Sarlat - Les Truffières de Dordogne;La Bouquerie 24590 Saint-Geniès France;https://www.eden-villages.fr/campings/les-truffieres-de-dordogne/;Traité
Camping Douce France Antibes;244 Av. du Pylône 06600 Antibes France;https://www.campingdoucefrance.com/;Traité
Camping Douce Quiétude Sandaya - Saint-Raphaël - 5 étoiles;3435 Bd Jacques Baudino 83700 Saint-Raphaël France;https://www.sandaya.fr/nos-campings/douce-quietude?utm_source=google&utm_medium=gbp&utm_campaign=cta_siteweb_DouceQuietude;Traité
Camping du Baillons;35 Rte de l'Épinette 62650 Enquin-sur-Baillons France;https://www.campingdubaillons.com/;Traité
Camping du Bel Étang;20B Ham. de Marlemperche 02170 Le Nouvion-en-Thiérache France;https://www.facebook.com/campingdubeletang;Traité
Camping du Bois de St Hilaire;Rte de la Gare 86190 Chalandray France;http://www.camping-st-hilaire.eu/;Traité
Camping du bois des forts;5180 Rue Principale Cd 72 59380 Téteghem-Coudekerque-Village France;http://campingduboisdesforts.fr/;Traité
Camping du Bois des Sources;378 Rte d'Auberives 38370 Saint-Prim France;http://boisdessources.fr/;Traité
Camping du Bois Joli et Chalets d'Alésia - Chaux Des Crotenay;8 Rte de la Piscine 39150 Chaux-des-Crotenay France;http://www.chaletsalesiajura.com/;Traité
Camping du Bord de Mer Saint Michel Chef Chef;1 bis Bd de l'Océan 44730 Saint-Michel-Chef-Chef France;https://www.borddemer-camping.com/;Traité
Camping du Buisson Lac du Der en Champagne | Snack ouvert à tous;LIeu dit Le Buisson 52130 Louvemont France;https://www.camping-lac-du-der.com/;Traité
Camping du Château - Falaise;1 Rue du Val d'Ante 14700 Falaise France;http://www.camping-falaise.com/;Traité
Camping du Champ Neuf;8 Rue du Champ Neuf 80120 Saint-Quentin-en-Tourmont France;http://www.camping-lechampneuf.com/;Traité
Camping du Chercheur d'or;615 Chem. du Libac 30350 Cardet France;http://www.camping-chercheur-dor.fr/;Traité
Camping du Clos de l'Abbaye;Parc des sports 44.153771 4.054170 30480 Cendras France;;
Camping du Crêt - Onlycamp;580 Rte du Crêt 74450 Saint-Jean-de-Sixt France;https://www.camping-du-cret.com/;Traité
Camping du grand fay Loire Atlantique Saint Père en Retz;Rue du Grand Fay 44320 Saint-Père-en-Retz France;https://www.grandfay.fr/;Traité
Camping du Grand Pré;10 Rue du 8 Mai 80510 Long France;http://www.campingdugrandpre.com/;Traité
Camping du Grand Sart;Chem. du Grand Sart 59262 Sainghin-en-Mélantois France;http://www.campingdugrandsart.fr/;Traité
Camping du Hâble;4 Rte de la Hague 50440 La Hague France;https://campingduhable.lahague.com/;Traité
Camping du Halloy;2 Chem. aux Raisins 62600 Berck France;http://www.campingduhalloy.fr/;Traité
Camping du Haras;5 KERSIMON 56250 Monterblanc France;;
Camping du Lac;Le Lac N94 05310 La Roche-de-Rame France;http://www.camping-du-lac-05.fr/;Traité
Camping du Lac;3400 Rte du Lac 88400 Xonrupt-Longemer France;http://www.campinglaclongemer.fr/;Traité
Camping du Lac;Au Grand Étang 24410 La Jemaye-Ponteyraud France;http://www.campingdulac-dordogne.com/;Traité
Camping du Lac;21 Les Belles Rives 56800 Taupont France;https://camping-lac-au-duc.fr/;Traité
Camping du Lac;29 CAMIN D'AZUN 65400 Arcizans-Avant France;https://www.camping-du-lac-pyrenees.com/;Traité
Camping du Lac de Bignac - Charente;2 Chem. de la Résistance 1944 16170 Genac-Bignac France;https://www.campingdulacdebignac.fr/;Traité
Camping du Lac de Mondon;2 La Forge de Mondon 87160 Cromac France;https://www.campingdulacdemondon.fr/;Traité
Camping du Lac des Chênes;1106 Chem. de Réveille Haut 82150 Montaigu-de-Quercy France;https://www.lacdeschenes.fr/;Traité
Camping du Lyvet;Rte du Petit Lyvet 22100 Saint-Samson-sur-Rance France;https://www.camping-de-lyvet.com/;Traité
Camping du Mas de Lastourg ***;Camping Mas de Lastourg RD66 66500 Villefranche-de-Conflent France;https://www.camping-lastourg.com/;Traité
Camping du Mont Saint-Michel;8 Rte du Mont Saint-Michel 50170 Le Mont-Saint-Michel France;https://camping.le-mont-saint-michel.com/?utm_source=google&utm_medium=organic&utm_campaign=fiche_gbp;Traité
CAMPING DU MOULIN;561 Moulin Brûle 42140 Chazelles-sur-Lyon France;https://www.le-moulin-brule.com/;Traité
Camping du Moulin de Cantizac;Rue Kerhuillieu 56860 Séné France;http://www.camping-vannes.com/;Traité
Camping du Navoy;39300 Pont-du-Navoy France;;
CAMPING DU PARC - Camping familial pour les amoureux de la nature;9 All. William Jonka 17750 Étaules France;https://www.campingduparc17.com/;Traité
Camping du Pays de Beille - Ariège Pyrénées;Route du camping camping pays de beille Pech de narappe 09310 Les Cabannes France;https://camping.paysdebeille.fr/;Traité
Camping du Petit Pont;111 Av. de l'Etrade 17530 Arvert France;https://camping-dupetitpont.com/;Traité
Camping du Plein Air;402 Rte de Gamaches 80230 Estrébœuf France;https://promofr.click/camping-plein-air-7scct7;Traité
Camping du Point Vert;Chem. du Point Vert 01470 Serrières-de-Briord France;http://www.camping-ain-bugey.com/;Traité
Camping du Pont;Rue du bac prairie de Dancy Sud 77470 Trilport France;https://www.tourisme-paysdemeaux.com/en/1829-camping-du-pont;Traité
Camping du Pont d'Abense;D57 Quartier Le Pont d'Abense 64470 Tardets-Sorholus France;http://www.campingdupontdabense.fr/;Traité
Camping du Pont de Maisonneuve;82 Rte du Bois de Païolive 07460 Beaulieu France;http://www.camping-pontdemaisonneuve.com/;Traité
camping du Pont de Saint Gal;chemin du bateau 63440 Saint-Gal-sur-Sioule France;https://camping-allier.com/;Traité
Camping du Port de Plaisance - Péronne (Somme - Picardie - France);Rte de Paris 80200 Péronne France;https://www.camping-plaisance.com/;Traité
CAMPING DU SABLON;38 Ham. de la Mer 50330 Vicq-sur-Mer France;https://www.campingdusablon.com/;Traité
Camping du Pylône;189 Av. du Pylône 06600 Antibes France;https://www.campingdupylone.com/;Traité
Camping du Vélodrome;Av. Henry Dunant 80300 Albert France;http://www.campingalbert.fr/;Traité
Camping du Val;103 Rue des Hôpitaux 22430 Erquy France;http://www.campingduval.com/;Traité
Camping du Val D'Authie;4 Rte de Berck 62390 Tollent France;https://www.campingduvaldauthie.fr/;Traité
Camping du Val de Bonnal;1 Chem. du Moulin 25680 Bonnal France;http://www.camping-valdebonnal.com/;Traité
Camping du Val de Saine;28 Grande Rue 39460 Foncine-le-Haut France;http://www.camping-haut-jura.com/;Traité
Camping du Valentin;6 Vieille Route des Eaux-Bonnes 64440 Laruns France;http://www.ossau-camping-valentin.com/;Traité
Camping du Viaduc des Fades;8 Le Moulin 63770 Les Ancizes-Comps France;http://www.camping-du-viaduc.fr/;Traité
Camping Dun-le-Palestel;2 Prom. Maurice Rollinat 23800 Dun-le-Palestel France;http://www.campingdunlepalestel.fr/;Traité
Camping Ecoloire;Île Batailleuse 44370 Loireauxence France;https://naxiresa.inaxel.com/etape1-criteres.php?compte=ecoloire44;Traité
Camping Ecoresponsable Le Rêve | Lot & Dordogne;295 route du camping Revers Lieu-dit 46300 Le Vigan-en-Quercy France;https://www.campinglereve.com/;Traité
Camping Eden Biot;63 Chem. du Val de Pôme 06410 Biot France;http://www.camping-eden.fr/;Traité
Camping Eden Villages Domaine de Bréhadour;Rte de Bréhadour 44350 Guérande France;https://www.eden-villages.fr/campings/domainedebrehadour/;Traité
Camping Eden Villages Manoir de Ker An Poul - Sarzeau;lieu dit De 1 Rte de la Grée Penvins 56370 Sarzeau France;https://www.eden-villages.fr/campings/manoirdekeranpoul/;Traité
Camping Egletons - Lac;19300 Égletons France;http://www.camping-egletons.com/;Traité
Camping Elizanburu;Vge de Suhare 64470 Ossas-Suhare France;http://alphadev.gitlab.io/site-camping-elizanburu/index.html;Traité
Camping En Chon les Pins | Camping Biscarrosse;600 Chem. d'en Chon 40600 Biscarrosse France;https://www.campingenchonlespins.com/?utm_source=google&utm_medium=organic&utm_campaign=gbp;Traité
Camping Escale Saint-Gilles Sandaya - Finistère Sud - 5 étoiles;Cor de la Mer 29950 Bénodet France;https://www.sandaya.fr/nos-campings/escale-saint-gilles?utm_campaign=cta_site_web_EscaleSaintGilles&utm_medium=gbp&utm_source=google;Traité
Camping et Bar-Restaurant L’Etruyère;La 17 L'Etruyère 85120 Terval France;http://www.campingletruyere.fr/;Traité
Camping et camping-car du Moulin d'Erloy;Le Moulin 02260 Erloy France;https://park4night.com/fr/lieu/115125/aire-camping-car-priv%C3%A9e/erloy-le-moulin/france/aisne#.YjWr4-rMLIU;Traité
"Camping et Complexe aqualudique ""Le Rocher de Grelet """;Av. de Langogne 43420 Pradelles France;http://www.pradelles43.fr/;Traité
Camping et gîte LA CASCADE;1504 La Brouillerie 53500 Ernée France;https://campingalafermeernee.wixsite.com/campingalaferme53;Traité
Camping et gîtes D'auberoche 3 étoiles Dordogne Perigord;100 Rte du Roc 24640 Bassillac et Auberoche France;https://campingdauberoche.fr/?utm_source=google&utm_medium=organic&utm_campaign=gbp;Traité
Camping et gîtes Parenthèses imaginaires...;2025 Rte Source de Cardissou 24470 Milhac-de-Nontron France;https://parentheses-imaginaires.com/;Traité
Camping et Hébergements Insolites Le Coeur de la Forêt;34 Rue de l'Armistice 60350 Pierrefonds France;https://lecoeurdelaforet.fr/;Traité
"Camping et Village vacances ""La Fontaine d'Annibal""";Quai de l'Ouvèze 26170 Buis-les-Baronnies France;http://www.fontainedannibal.com/;Traité
Camping Europa;de 1387 Rte du Petit Bois 85800 Givrand France;https://www.europacamp.com/;Traité
Camping Evasion Hérault Restaurant Fontès;Route de Cabrières 34320 Fontès France;http://campingevasion.com/;Traité
Camping familial de La Prévôté ( anciennement des 2 ânes);La Prévôté 33240 Périssac France;;
Camping Fargogne;1455 D8 Route De Puycelsi Lieu Dit Fargogne 82800 Puygaillard-de-Quercy France;http://www.fargogne.com/;Traité
CAMPING FELIX DE LA BASTIDE;414 All. de la Plage d'Arthur 13920 Saint-Mitre-les-Remparts France;https://www.tikayan.com/fr/camping-felix-de-la-bastide-accueil;Traité
Camping Fontisson en Provence :Mobil Home et emplacements libres.;1125 Rte d'Avignon 84470 Châteauneuf-de-Gadagne France;https://www.campingfontisson.com/;Traité
Camping Fontpédrouse;25 Chem. du Moulin 66360 Fontpédrouse France;https://www.campingfontpedrouse.com/;Traité
"Camping Gîtes de Plein Air "" Le Gabitou """;48210 La Malène France;https://www.legabitou.fr/bnb/bnb-1-1;Traité
Camping Goyetchea | Camping 4 étoiles Pays Basque;Route d'Ahetze Quartier d'Ibarron 64310 Saint-Pée-sur-Nivelle France;https://camping-goyetchea.com/fr/;Traité
Camping Grottes d'Azé;180 All. des Grottes 71260 Azé France;https://www.camping-des-grottes.com/;Traité
CAMPING HAMEAU DES CANNISSES;Av. de la Jonque 11430 Gruissan France;https://www.vacances-gruissan.com/;Traité
Camping Hameau des Neiges;260B Rte des Neiges 59229 Téteghem-Coudekerque-Village France;http://www.camping-hameaudesneiges.fr/;Traité
Camping Haute-Loire : Camping Sites et Paysages de Vaubarlet;Les Obletières 43600 Sainte-Sigolène France;https://www.vaubarlet.com/fr/;Traité
Camping Hello Soleil;4459 route de Planzolles 07230 Lablachère France;https://www.hello-soleil.com/;Traité
Camping Herbelon;par la RD 110 1585 route d'herbelon 38650 38650 Treffort France;https://www.camping-dherbelon.fr/;Traité
Camping Hermitage des Dunes;Rue du Bois Millet 44760 Les Moutiers-en-Retz France;http://www.hermitagedesdunes.com/;Traité
Camping Homair - Coeur de Vendée;Bois de la Raillère 85600 La Boissière-de-Montaigu France;https://www.camping-coeurdevendee.fr/?utm_campaign=gmb_search&utm_medium=organic&utm_source=google;Traité
Camping Homair - Domaine de Chaussy;Route de Ruoms 5885 Petit Chaussy 07150 Lagorce France;https://www.domainedechaussy.com/?utm_campaign=gmb_search&utm_medium=organic&utm_source=google;Traité
Camping Homair - Domaine de Massereau;Les Hauteurs De 1803 Rte d'Aubais 30250 Sommières France;https://www.massereau.com/?utm_campaign=gmb_search&utm_medium=organic&utm_source=google;Traité
Camping Homair - Green Park;136 Chem. du Vallon des Vaux 06800 Cagnes-sur-Mer France;https://www.camping-greenpark.com/?utm_campaign=gmb_search&utm_medium=organic&utm_source=google;Traité
Camping Homair - La Chapelle;Av. du Tech 66700 Argelès-sur-Mer France;https://www.camping-la-chapelle.com/?utm_campaign=gmb_search&utm_medium=organic&utm_source=google;Traité
Camping Homair - Le Parc de la Fecht;Rte de Gunsbach 68140 Munster France;https://www.campingleparcdelafecht.com/?utm_campaign=gmb_search&utm_medium=organic&utm_source=google;Traité
Camping Homair - Le Soleil de la Méditerranée;12 Rue Sainte-Beuve 66750 Saint-Cyprien France;https://www.camping-soleil-mediterranee.com/?utm_campaign=gmb_search&utm_medium=organic&utm_source=google;Traité
Camping Homair - Les Gorges de Provence;D211 Route de Baudinard 04500 Montagnac-Montpezat France;https://www.campinglesgorgesdeprovence.com/?utm_campaign=gmb_search&utm_medium=organic&utm_source=google;Traité
Camping Homair - Mayotte Vacances;Quartier Mayotte Lac 368 Chem. des Roseaux 40600 Biscarrosse France;https://www.mayottevacances.com/?utm_campaign=gmb_search&utm_medium=organic&utm_source=google;Traité
Camping Homair - Novela Port La Nouvelle;406 Bd Francis Vals 11210 Port-la-Nouvelle France;https://www.homair.com/camping/camping-novela-port-la-nouvelle?utm_campaign=gmb_search&utm_medium=organic&utm_source=google;Traité
Camping Homair - Rieumontagné;D162 Lac Du Laouzas 81320 Nages France;https://www.campingrieumontagne.com/?utm_campaign=gmb_search&utm_medium=organic&utm_source=google;Traité
Camping Homair - Rivages des Landes;236 Prom. de l'Étang 40200 Aureilhan France;https://www.campingrivagesdeslandes.com/?utm_campaign=gmb_search&utm_medium=organic&utm_source=google;Traité
Camping Homair - Val de Durance;1649 Rte du Camping 84160 Cadenet France;https://www.camping-val-de-durance.com/?utm_campaign=gmb_search&utm_medium=organic&utm_source=google;Traité
Camping Huttopia Arcachon;5 Avenue de la Galaxie 33120 Arcachon France;https://europe.huttopia.com/site/arcachon/?utm_medium=organic&utm_source=gmb&utm_campaign=arcachon;Traité
Camping Huttopia Bozel en Vanoise;Le Chevelu 73350 Bozel France;https://europe.huttopia.com/site/bozel-en-vanoise/?utm_medium=organic&utm_source=gmb&utm_campaign=vanoise_bozel;Traité
Camping Huttopia Côte Sauvage - Ile de Ré;Rue Basse Benaie 17740 Sainte-Marie-de-Ré France;https://europe.huttopia.com/site/camping-cote-sauvage-ile-de-re/?utm_medium=organic&utm_source=gmb&utm_campaign=cote_sauvage;Traité
Camping Huttopia Douarnenez;69 Av. du Bois d'Isis 29100 Douarnenez France;https://europe.huttopia.com/site/camping-douarnenez/?utm_medium=organic&utm_source=gmb&utm_campaign=douarnenez;Traité
Camping Huttopia Fontvieille - Provence;Rue Michelet 13990 Fontvieille France;https://europe.huttopia.com/site/camping-fontvieille-provence/?utm_medium=organic&utm_source=gmb&utm_campaign=fontvieille;Traité
Camping Huttopia Lac de l'Uby - Gers;730 Av. du Lac 32150 Cazaubon France;https://europe.huttopia.com/site/camping-lac-de-luby-gers/?utm_medium=organic&utm_source=gmb&utm_campaign=lac_de_l_uby;Traité
Camping Huttopia Val Cenis;602 Route de l'Église Bramans 73500 Val-Cenis France;https://europe.huttopia.com/site/val-cenis/?utm_medium=organic&utm_source=gmb&utm_campaign=val_cenis;Traité
Camping Huttopia Vanoise - Champagny;Voie Stéphane Husson 73350 Champagny-en-Vanoise France;https://europe.huttopia.com/site/vanoise-secteur-champagny/?utm_medium=organic&utm_source=gmb&utm_campaign=vanoise_champagny;Traité
Camping IGESA;Rue de la Plage 50460 Querqueville France;https://www.igesa.fr/;Traité
Camping Ile d'Oléron - Le Montet d'Oléron;671 Rte du Treuil 17550 Dolus-d'Oléron France;https://www.camping-lemontet-doleron.com/;Traité
Camping Ile de Boulancourt - Ecologique en Forêt de Fontainebleau;6 All. des Marronniers 77760 Boulancourt France;https://www.campingiledeboulancourt.com/;Traité
Camping Ile De La Comtesse - Mobilhome 4 personnes - Voilier 2 chambres 27m² 2014/2020/2021;01300 Murs-et-Gélignieux France;https://www.holidu.de/d/56455941?ref_source=google_vr&utm_source=google_vr_eb;Traité
Camping International - Campasun – Camping Aups - Gorges du Verdon;495 Rte de Fox Amphoux 83630 Aups France;https://www.campasun.eu/international/le-camping;Traité
Camping Isle verte;Av. de la Loire 49730 Montsoreau France;http://www.campingisleverte.com/;Traité
Camping Kerlaz | Camping à Tréguennec en Finistère Sud;5 Rue du Bourg 29720 Tréguennec France;http://www.kerlaz.com/;Traité
Camping Kerscolper;Hent Kerscolper 29170 Fouesnant France;http://www.camping-kerscolper.fr/;Traité
Camping Kost Ar Moor Fouesnant;17 Rte du Grand Large 29170 Fouesnant France;http://www.camping-fouesnant.com/;Traité
Camping L'Évasion 4 étoiles - Romanée;J6M2+VQ 89 Rue des Sables bât L 85220 Landevieille France;https://www.camping-levasion.fr/?utm_source=google&utm_medium=local&utm_campaign=fiche_google;Traité
Camping L'Île des Pêcheurs;16 Chem. du Camping 69420 Condrieu France;http://www.campingcondrieu.fr/;Traité
CAMPING L'AIR DU TEMPS;1 La Barrière 15270 Beaulieu France;https://www.camping-ferme-cantal.com/;Traité
Camping L'Amandier;Camping l amandier 04250 Gigors France;https://camping-amandier.fr/;Traité
Camping l'Ambois;7 Ambois lieu dit 85000 Mouilleron-le-Captif France;http://www.campingambois.com/;Traité
camping l'Amitié au bord de l'eau à Trébas Tarn;Chemin des Berges VALLEE DU TARN 81340 Trébas France;http://camping-valleedutarn.fr/;Traité
Camping L'Anse du Brick Sandaya - Presqu'Île du Cotentin - 5 étoiles;18 Anse du Brick 50330 Maupertus-sur-Mer France;https://www.sandaya.fr/nos-campings/l-anse-du-brick?utm_campaign=cta_site_web_LAnseDuBrick&utm_medium=gbp&utm_source=google;Traité
Camping l'Aquarelle Du Limousin;26 Chem. du Cheix 23300 La Souterraine France;https://www.camping-creuse-limousin.com/;Traité
Camping L'Armorique **** Presqu'île de Crozon;112 Rue de la Plage 29560 Telgruc-sur-Mer France;http://www.campingarmorique.com/;Traité
Camping l'Artaudois au Pradet dans le Var;Le 529 Chem. de l'Artaude 83220 Le Pradet France;https://www.campingartaudois.com/?utm_source=gmb&utm_medium=organic;Traité
Camping L'Astrée - Onlycamp;Chem. de Vernat 42220 Bourg-Argental France;https://www.campinglastree.fr/;Traité
Camping l'Eau Vive;Av. de Saint-Saturnin 66820 Vernet-les-Bains France;https://leauvive-camping.com/;Traité
CAMPING L'EAU VIVE;280 rue du camping 33230 Les Églisottes-et-Chalaures France;http://camping-leau-vive.com/;Traité
Camping L'Eau Vive - Mobilhome 4 personnes - Cottage Riviera;46110 Carennac France;https://www.holidu.de/d/61314565?ref_source=google_vr&utm_source=google_vr_eb;Traité
Camping L'Eau Vive - Mobilhome 6 personnes - FAMILY;46110 Carennac France;https://www.holidu.de/d/48049426?ref_source=google_vr&utm_source=google_vr_eb;Traité
Camping L'Ecrin Nature (Ouvert du 3 avril au 27 septembre 2026);225 chemin de la pierre creusade Etang de Jonas 87240 Ambazac France;https://www.campinglecrinnature.com/;Traité
Camping L'Ecureuil;L'ecureuil L'Écureuil 15270 Champs-sur-Tarentaine-Marchal France;http://www.campinglecureuil.com/;Traité
Camping l'Eden - Camping La Baule ( Location Mobil Home / Piscines );13/15 Rte de Ker Rivaud 44500 La Baule-Escoublac France;https://www.campingeden.com/;Traité
Camping l'Eden de la Vanoise;170 Parking du Perrey 73210 Landry France;https://www.camping-eden-savoie.com/?utm_source=google&utm_medium=organic&utm_campaign=GBP;Traité
Camping L'Entre-Deux;18 Rue du Camping 41130 Châtillon-sur-Cher France;http://www.camping-lentredeux.fr/;Traité
Camping l'Escale;33 Imp. du Plein Air 74450 Le Grand-Bornand France;http://www.campinglescale.com/;Traité
Camping l'Escale de Loire;529 route de la corniche angevine 49290 Chalonnes-sur-Loire France;http://www.camping-escaledeloire.fr/;Traité
Camping L'estuaire;3 Rte de l'Estuaire 17150 Saint-Thomas-de-Conac France;http://www.lestuaire.com/;Traité
Camping l'Etang des Haizes;43 Rue Cauticotte 50250 La Haye France;http://www.campingetangdeshaizes.com/;Traité
CAMPING L'ILE AUX PERDRIX;14 Chem. de la Rama 38460 Siccieu-Saint-Julien-et-Carisieu France;https://www.camping-perdrix.fr/;Traité
Camping l'Océan;17 Rue du Brandais 85470 Brem-sur-Mer France;http://www.campingdelocean.fr/;Traité
Camping L'Ondine de Provence;785 Rte de Nyons 26470 La Motte-Chalancon France;http://www.camping-ondinedeprovence.com/;Traité
Camping L'Orée des Boires - Onlycamp;Rue des Pêcheurs Beauregret 49530 Orée d'Anjou France;https://www.camping-oree-danjou.fr/;Traité
Camping L’Île des Papes Sandaya - Avignon - 4 étoiles;1497 D780 30400 Villeneuve-lès-Avignon France;https://www.sandaya.fr/nos-campings/l-ile-des-papes?utm_source=google&utm_medium=gbp&utm_campaign=cta_siteweb_IleDesPapes;Traité
Camping l’Evasion;Martignac direction Cassagnes 46700 Puy-l'Évêque France;http://www.lotevasion.com/;Traité
Camping La Bernède Rennes-les-Bains ???;19 Chem. de la Bernède 11190 Rennes-les-Bains France;https://www.camping-renneslesbains.fr/;Traité
Camping La Bonne Vie;4 Nignolle 71490 Saint-Maurice-lès-Couches France;https://camping-labonnevie.com/;Traité
Camping La Boulinière;640 All. de Monlabeur 17190 Saint-Georges-d'Oléron France;http://www.campinglabouliniere.com/?utm_source=gmb;Traité
Camping La Briquerie;300 Rte de Trouville D62 14600 Équemauville France;http://www.campinglabriquerie.com/;Traité
Camping La Buissière - Ciela Village;2530 Rte d'Orgnac 30430 Barjac France;https://www.camping-la-buissiere.fr/;Traité
Camping La Cascade *** (48);Salvinsac 48150 Meyrueis France;https://camping-la-cascade.com/;Traité
Camping La Chênaie;33 Rue Notre Dame de Buze 17570 Les Mathes France;http://www.camping-la-chenaie.com/;Traité
Camping La Chabannerie ouverture le 1er mai fermeture le 30/09/2026;Camping 262 Rte de la colline 38930 Saint-Martin-de-Clelles France;http://camping-la-chabannerie.com/;Traité
Camping La Chataigneraie;camping la Châtaigneraie 07560 Montpezat-sous-Bauzon France;https://camping-la-chataigneraie.com/;Traité
Camping La Chaumière;501 Langhemast Straete 59285 Buysscheure France;https://www.campinglachaumiere59.com/;Traité
Camping La Clé de Saône;Rte du Port d'Arciat 71680 Crêches-sur-Saône France;http://www.camping-macon.com/;Traité
Camping La Cube ??;La Cube 808 Les Farges lieu-dit 63880 Le Brugeron France;http://www.lacube.net/;Traité
Camping La Digue - Ardèche - 4 étoiles;860 Chem. des Digues 07120 Chauzon France;https://www.camping-la-digue.fr/;Traité
Camping La Dive;12 Rte de la Mer 85580 Saint-Michel-en-l'Herm France;https://www.campingdeladive.fr/;Traité
Camping La Dourbie;1144 Rte de Nant 12230 Saint-Jean-du-Bruel France;https://www.camping-dourbie-aveyron.com/;Traité
Camping la Ferme des Paysans Voyageurs;263 route du col du vorger Les chéseaux 73200 Thénésol France;https://lespaysansvoyageurs.fr/;Traité
Camping la Fontaine - Onlycamp;les 524 route de saint crépin Eyssarts 05600 Réotier France;https://www.camping-de-reotier.fr/;Traité
Camping La Forêt Stella-Plage - Côte d'Opale;149 Bd de Berck 62780 Cucq France;https://camping-laforet-stella-plage-touquet.com/;Traité
CAMPING LA FOUILLADE;2 Rue des Genets 12270 La Fouillade France;http://www.campinglafouillade-najac.com/;Traité
Camping la Gantesse;D560  ZA La Foux 83640 Saint-Zacharie France;https://www.camping-lagantesse.fr/;Traité
Camping La Garde;La Garde 48370 Saint-Germain-de-Calberte France;http://www.cevennes-voyages.com/;Traité
Camping La Garenne;59122 Ghyvelde France;http://www.residence-lagarenne.fr/;Traité
Camping la Grivelière;La Grivelière 2980 route de la Verne 26350 Valherbasse France;http://www.camping-lagriveliere.com/;Traité
camping la guinguette berck;32 Chem. aux Raisins 62600 Berck France;https://www.camping-laguinguette.com/;Traité
CAMPING LA HERELLE;3 Rue Poulain 80300 Miraumont France;https://www.laherelle.com/;Traité
Camping La Maltournée;Rte de Châteauneuf 45110 Châteauneuf-sur-Loire France;http://www.lamaltournee.fr/;Traité
Camping la Marette Sites et Paysages;5864 route du Tanargue 07110 Joannas France;https://www.lamarette.com/;Traité
Camping La Marjorie;640 Bd de l'Europe 39000 Lons-le-Saunier France;http://www.camping-marjorie.com/;Traité
Camping La Marliere;Ldt La Marliere 59247 Féchain France;https://www.facebook.com/campinglamarliere;Traité
Camping La Musardière;Rte des Grandes Vallées 91490 Milly-la-Forêt France;https://www.camping-lamusardiere.fr/;Traité
Camping La Nouvelle Aventure;84 Rue Principale le Village 62560 Audincthun France;https://campinglatentation.com/camping-la-nouvelle-aventure/;Traité
Camping La Pélonie · APV · 4 étoiles · Dordogne;Village de 1750 Rte de la Pélonie 24330 Bassillac et Auberoche France;https://www.camping-apv.com/perigord-ardeche/camping-perigord-lot/bassillac-et-auberoche/camping-la-pelonie?utm_source=organic&utm_medium=google_business&utm_campaign=pelonie;Traité
Camping La Pensiere;D151A 30750 Dourbies France;;
Camping la Perle;6 Route de Lavaveix 23200 Saint-Médard-la-Rochette France;https://camping-laperle.fr/;Traité
Camping La Pinède;Rte de Saint-Pierre 04800 Gréoux-les-Bains France;https://www.camping-lapinede-04.com/?utm_source=google&utm_medium=organic&utm_campaign=gbp;Traité
Camping La Pinède;193 Chem. des Mannes 83240 Cavalaire-sur-Mer France;https://www.camping-lapinede.com/;Traité
Camping La Pinède;10 Av. de la Plage 74140 Excenevex France;https://www.camping-lapinede-excenevex.com/;Traité
Camping la Pinéde en Provence;chemin de la Maresque 84430 Mondragon France;http://www.camping-pinede-provence.com/;Traité
Camping La Plage De Cleut Rouz;168 Hent Cleut Rouz 29170 Fouesnant France;http://www.campinglaplage.fr/;Traité
camping La Plage de L'Orb;Rue des Fleurs 34460 Cessenon-sur-Orb France;https://www.laplagedelorb.com/;Traité
Camping La Plage de Verduzan;Rue du Lac 32410 Castéra-Verduzan France;http://www.camping-castera.com/;Traité
Camping La Plage Lot / Vallée de la Dordogne / Rocamadour / Padirac;50 impasse de la rivière 46200 Meyronne France;https://www.camping-laplage.com/;Traité
Camping La Prairie;8 Rte du Sailhet 65400 Lau-Balagnas France;;
Camping LA PRAIRIE | le Crotoy en Baie de Somme;2 Rue de Mayocq 80550 Le Crotoy France;https://www.camping-laprairie.fr/?utm_source=google&utm_medium=organic&utm_campaign=gbp;Traité
Camping La Résidence d'été - Mobilhome 4 personnes - Cottage Classique - 18 m² - 2 chambres - 4 pers;07700 Saint-Remèze France;https://www.holidu.de/d/63561394?ref_source=google_vr&utm_source=google_vr_eb;Traité
Camping La Résidence d'été - Mobilhome 6 personnes - Cottage « La petite tribu » - 26 m² - 2 chambres - 6 pers - Plancha;07700 Saint-Remèze France;https://www.holidu.de/d/63561397?ref_source=google_vr&utm_source=google_vr_eb;Traité
Camping La Résidence d'été - Mobilhome 6 personnes - Cottage Premium Clim - 29 m² - 2 chambres – 4/6 pers - climatisation & plancha;07700 Saint-Remèze France;https://www.holidu.de/d/63561402?ref_source=google_vr&utm_source=google_vr_eb;Traité
Camping La Résidence d'été - Mobilhome 6 personnes - Cottage Premium Famille - 33 m² - 3 chambres – 6 pers;07700 Saint-Remèze France;https://www.holidu.de/d/63561401?ref_source=google_vr&utm_source=google_vr_eb;Traité
Camping La Résidence d'été - Tente 4 personnes - Tente Tipi aménagée – 4 pers;07700 Saint-Remèze France;https://www.holidu.de/d/63627369?ref_source=google_vr&utm_source=google_vr_eb;Traité
Camping La Résidence d'été - Tente 6 personnes - Tente Tipi aménagée – 6 pers;07700 Saint-Remèze France;https://www.holidu.de/d/63561419?ref_source=google_vr&utm_source=google_vr_eb;Traité
Camping la Raudiere (SARL French Fields );2 La Raudière 79150 St Maurice Étusson France;https://www.camping-raudiere.com/;Traité
Camping La Renouillère;655 Chem. des Hutins Vieux 74140 Sciez France;http://www.camping-larenouillere.com/;Traité
Camping La Ribeyre Sandaya - Auvergne - 5 étoiles;405 Rte de Montaleix 63790 Saint-Victor-la-Rivière France;https://www.sandaya.fr/nos-campings/la-ribeyre?utm_campaign=cta_site_web_LaRibeyre&utm_medium=gbp&utm_source=google;Traité
Camping la Rivière;Pons 12140 Saint-Hippolyte France;https://camping-la-riviere.com/;Traité
Camping La Rivière Dorée - Seine et Marne;Chem. des Grèves 77167 Bagneaux-sur-Loing France;https://www.larivieredoree.com/?utm_source=google&utm_medium=organic&utm_campaign=gmb;Traité
CAMPING LA RIVIERE;Camping La Rivière 46200 Lacave France;http://www.campinglariviere.com/;Traité
Camping La Roche Canillac;1 Impasse du Puy Banal 19320 La Roche-Canillac France;http://www.campinglarochecanillac.com/;Traité
Camping La Roche Percée;30 Hent Kerveltrec 29170 Fouesnant France;https://www.camping-larochepercee.com/?utm_source=google&utm_medium=organic&utm_campaign=gbp;Traité
Camping la Rochette - Onlycamp;474 Rte des Campings 05600 Guillestre France;https://campingdeguillestre.fr/;Traité
Camping La Romiguière en Aubrac;La Romiguière Lieu-dit 12210 Montpeyroux France;https://www.laromiguiere.fr/;Traité
Camping La Roquette;745 Av. Jean Mermoz 13160 Châteaurenard France;https://www.camping-la-roquette.com/;Traité
Camping la Rouillère | Ramatuelle | Saint Tropez;229 Chem. des Piboules 83350 Ramatuelle France;https://www.camping-var-ramatuelle.com/;Traité
Camping La Rouveyrolle;Quartier La Rouveyrolle 07460 Berrias-et-Casteljau France;http://www.campingrouveyrolle.fr/;Traité
Camping La Sirène;Rte de Taxo à la mer 66700 Argelès-sur-Mer France;https://www.camping-lasirene.fr/;Traité
Camping La Source;540 Chem. de ma Rouvière 07460 Berrias-et-Casteljau France;http://www.camping-source-ardeche.com/;Traité
Camping La Tisarne;451 Chem. de la Tisarne 82370 Campsas France;http://www.camping-latisarne.com/;Traité
Camping La Tuilerie à Châtel-sur-Moselle;Ferme de La Tuilerie 88330 Châtel-sur-Moselle France;;
Camping La Vague;193 Rte de Vaudroulin 50400 Granville France;http://campinglavague.fr/;Traité
Camping La Vallée de l'Avre;8 Rue de Hailles 80110 Moreuil France;http://www.camping-vallee-avre.fr/;Traité
Camping La Vallée de L'Indre;Parc la Grange Rouge 37250 Montbazon France;https://camping-montbazon.com/;Traité
Camping La Vallée Du Ninian;Le Rocher - Ville Bonne 56800 Taupont France;https://camping-ninian.fr/;Traité
Camping la Vologne;3030 Rte de Retournemer 88400 Xonrupt-Longemer France;http://www.camping-vosges-vologne.com/;Traité
Camping La Vaugelette;764 route de Beaufort 26400 Montclar-sur-Gervanne France;https://www.campinglavaugelette.com/;Traité
Camping Lac aux Oiseaux - Camping Aveyron;800 Rte de Bannac 12200 Martiel France;https://www.campinglacauxoiseaux.fr/;Traité
Camping Lafayette;26 Rue de la Cocarde 43230 Chavaniac-Lafayette France;https://www.chavaniac-lafayette.fr/tourisme;Traité
Camping Landes | Les Pins du Soleil;701 Rte des Minières 40990 Saint-Paul-lès-Dax France;https://www.pinsoleil.com/;Traité
Camping Landes Azur - Camping 4 étoiles à Azur;Rue Henri Goalard 40140 Azur France;https://www.campings-landes-vacances.com/fr/camping-landes-azur-accueil;Traité
Camping Landes Océanes - Camping 4 étoiles à Léon;Route de Linxe Lieu dit Maoucout 40550 Saint-Michel-Escalus France;https://www.campings-landes-vacances.com/fr/camping-landes-oceanes-accueil;Traité
Camping Laouba;6 Chem. de Laouba 33930 Vendays-Montalivet France;https://www.campinglaouba.com/;Traité
Camping Las closes - Hébergement au pied du Canigou;Rte de Fillols 66820 Corneilla-de-Conflent France;http://www.las-closes.fr/;Traité
Camping Leï Suves;Route de Marchandise - 1770 Boulevard Ric Hochet 83520 Roquebrune-sur-Argens France;http://www.lei-suves.com/;Traité
CAMPING LE BAS LARIN;88 Rte de Larin le Bas 07340 Félines France;https://www.campingbaslarin.com/;Traité
CAMPING LE BASCAT;Rue de Jouandin 40100 Dax France;http://www.campinglebascat.com/?utm_source=gmb;Traité
Camping Le Beauvillage;341 Rte du Camping 82110 Lauzerte France;https://www.campinglebeauvillage.com/;Traité
Camping Le Bec de Cisse;3 Chem. du Bec de Cisse 37210 Vouvray France;https://www.camping-vouvray.com/;Traité
Camping Le Bel été d'Anduze - Mobilhome 4 personnes - Lodge Confort climatisé;30140 Anduze France;https://www.holidu.de/d/40184786?ref_source=google_vr&utm_source=google_vr_eb;Traité
Camping Le Bel été d'Anduze - Mobilhome 5 personnes - Lodge Premium climatisé;30140 Anduze France;https://www.holidu.de/d/44538982?ref_source=google_vr&utm_source=google_vr_eb;Traité
Camping Le Bel Event;Bellevent 35430 Saint-Père-Marc-en-Poulet France;https://www.campingbelevent.com/;Traité
Camping Le Belvédère (Flower Camping Auvergne Cantal);4 route des vacances 15260 Neuvéglise-sur-Truyère France;https://www.campinglebelvedere.com/?utm_source=google&utm_medium=organic&utm_campaign=gmb;Traité
Camping le Bivouac;4 Rte de Chalain 39300 Pont-du-Navoy France;https://www.camping-lebivouac.fr/;Traité
Camping Le Blayais Alicat;32 Av. Joseph Béteille 17110 Saint-Georges-de-Didonne France;http://www.campingleblayais.com/;Traité
Camping Le Bocage;Le Roux 05800 Saint-Maurice-en-Valgodemard France;http://www.campinglebocage.com/;Traité
Camping Le Bois de Pins - Baie de Somme | Cayeux sur Mer;Av. Guillaume le Conquérant 80410 Cayeux-sur-Mer France;http://www.campingleboisdepins.com/;Traité
Camping le Bois du Coderc;185 Rte des Gaunies 24420 Antonne-et-Trigonant France;http://www.campinglecoderc.com/;Traité
Camping Le Bois Fleuri 5 étoiles - Argelès-sur-Mer;Rte de Sorede 66700 Argelès-sur-Mer France;https://www.bois-fleuri.com/;Traité
Camping Le Bois Joli;384 Rue du Bois Joli Chemin du 73130 Saint-Martin-sur-la-Chambre France;http://www.campingleboisjoli.com/;Traité
Camping Le Botanic;Launac le Vieux Route de 34690 Fabrègues France;http://www.camping-le-botanic.com/;Traité
Camping Le Boucher;4 Le Boucher 03440 Buxières-les-Mines France;https://www.campingcardhotes.fr/aire-camping-du-boucher-1881;Traité
Camping Le Bouloc;22 Av. du Lac 34260 Ceilhes-et-Rocozels France;http://www.camping-le-bouloc.fr/;Traité
Camping Le Braou - Hébergement 4 personnes - LODGE SUR PILOTIS;33980 Audenge France;https://www.holidu.de/d/48049586?ref_source=google_vr&utm_source=google_vr_eb;Traité
Camping Le Canigou;D55 66320 Espira-de-Conflent France;https://camping-canigou.com/fr/;Traité
Camping Le Castel Rose Yelloh Village - 4 étoiles;610 Chem. de Recoulin 30140 Anduze France;https://www.castelrose.com/?utm_source=google&utm_medium=local&utm_campaign=fiche_google;Traité
Camping Le Casties -Site officiel- Camping familial 3 étoiles à Casties-Labrande Haute Garonne chalet mobile-home emplacement;Lieu-Dit Bas de Labrande 1133 Le Gélas 31430 Casties-Labrande France;https://www.camping-lecasties.fr/;Traité
Camping Le Caussanel - Ciela Village - Aveyron;Le Lac de Pareloup 12290 Canet-de-Salars France;https://www.camping-caussanel.fr/;Traité
Camping Le Château - Tente en toile et en bois 2 personnes - Bivouac perché Cyclo 8m² 1 chambre ( sans sanitaires) 2 pers;26390 Hauterives France;;
Camping Le Château - Village Club Sun Marina - 5 étoiles;50 Rue du Château Vieux 85270 Saint-Hilaire-de-Riez France;https://www.sunmarina.com/camping-5-etoiles-vendee/camping-le-chateau/?utm_source=google&utm_medium=organic&utm_campaign=gbp;Traité
Camping le Château de Martragny;52 VC Ham. de Saint-Léger 14740 Moulins-en-Bessin France;http://www.chateau-martragny.com/;Traité
Camping Le Château de Rochetaillée - Ciela Village;209 chemin De Bouthéon 38520 Le Bourg-d'Oisans France;https://www.camping-rochetaillee.fr/;Traité
Camping Le Châtelet 5 étoiles - Romanée;Rue des Nouettes 22380 Saint-Cast-le-Guildo France;https://www.lechatelet.com/?utm_source=google&utm_medium=local&utm_campaign=fiche_google;Traité
Camping le chêne et le roseau;38270 Moissieu-sur-Dolon France;;
Camping Le Champ Long - Tente en toile et en bois 5 personnes - Lodge sans sanitaires;38350 La Salle-en-Beaumont France;https://www.holidu.de/d/48175399?ref_source=google_vr&utm_source=google_vr_eb;Traité
Camping Le Champ Long - Tente en toile et en bois 5 personnes - Tente lodge premium avec sanitaires 5 personnes;38350 La Salle-en-Beaumont France;;
Camping Le Chaponnet - Ciela Village;16 Rue du Chaponnet 85470 Brem-sur-Mer France;https://www.le-chaponnet.com/;Traité
Camping Le Chenantier;L’envers 73500 Val-Cenis France;http://www.camping-lechenantier.com/;Traité
Camping le Cians;Quartier la Vignetta 06470 Péone France;http://www.camping-le-cians.fr/;Traité
Camping Le Clairet;121 Rte de Serpolet 73310 Serrières-en-Chautagne France;https://www.camping-leclairet.fr/fr-fr/;Traité
Camping Le Clairmarais;1 Rue du Romelaere 62500 Clairmarais France;http://www.camping-clairmarais.com/;Traité
Camping Le Clos de Barbey - Gorges du Verdon & Lac de Sainte-Croix;Route d'Aups D49 83630 Bauduen France;https://www.closdebarbey.com/?utm_source=google&utm_medium=organic&utm_campaign=gmb;Traité
Camping Le Clos des Peupliers à Barjac 48000 Lozère;2 Chemin des peupliers 48000 Barjac France;http://www.camping-lozere.fr/;Traité
Camping Le Clos du Doubs;Rue Courtclavon 25190 Glère France;https://www.camping-glere.fr/fr/;Traité
camping le clos fleuri;40 Av. de la Mission 34110 Vic-la-Gardiole France;https://www.camping-clos-fleuri.com/;Traité
Camping Le Clos Lalande;359 Route de Bioule 82800 Montricoux France;http://www.camping-lecloslalande.com/;Traité
Camping le Clou;3655 route de Saint Georges 24220 Coux et Bigaroque-Mouzens France;https://camping-le-clou.com/;Traité
Camping le Coin Tranquille;50 Chem. des Vignes 38490 Les Abrets en Dauphiné France;http://www.coin-tranquille.com/;Traité
Camping Le Colomer;Rue du Colonel Fabien 66130 Ille-sur-Têt France;http://camping-le-colomer.fr/;Traité
Camping Le Colporteur - Ciela Village;438 Rue des Colporteurs 38520 Le Bourg-d'Oisans France;https://www.camping-lecolporteur.com/;Traité
Camping Le Colvert;route du stade 02100 Homblières France;http://www.campinglecolvert.fr/;Traité
Camping Le Courounba - Vacances André Trigano;764 Chemin du Chambon Courounba 05120 Les Vigneaux France;https://vacances-andretrigano.com/camping/hautes-alpes/le-courounba-les-vigneaux;Traité
CAMPING le CRIQUET;42 Rue du Criquet 78840 Freneuse France;http://www.campinglecriquet.com/;Traité
Camping Le Dauphin | Camping 4 étoiles Charente-Maritime;35 All. des Bruyères 17110 Saint-Georges-de-Didonne France;https://camping-ledauphin.com/;Traité
CAMPING LE DAXIA;impasse clarius Camping le daxia 38370 Saint-Clair-du-Rhône France;https://www.campingledaxia.com/;Traité
Camping Le Diamant;29 Le Diamant 05260 Saint-Jean-Saint-Nicolas France;http://campingdiamant.com/;Traité
Camping Le DOLIUM 4 étoiles | Laudun L'Ardoise | Gard;Pour le GPS = Route de Saint-Victor La Coste prendre par la 119 chemin de la Cazelle D240 30290 Laudun-l'Ardoise France;https://www.campingledolium.fr/;Traité
Camping Le Domaine De Longemer;Le Domaine de Longemer 121 Rte de la Plage 88400 Xonrupt-Longemer France;https://domaine-longemer.com/;Traité
Camping Le Domaine du Colombier Sandaya - Fréjus - 5 étoiles;1052 Rue des Combattants d'Afrique du N 83600 Fréjus France;https://www.sandaya.fr/nos-campings/domaine-du-colombier?utm_source=google&utm_medium=gbp&utm_campaign=cta_siteweb_DomaineDuColombier;Traité
Camping Le Drakkar;309 Rte de la Bruyère 50380 Saint-Pair-sur-Mer France;http://www.camping-le-drakkar.fr/;Traité
Camping Le Faillal;45 Rte du Faillal 82270 Montpezat-de-Quercy France;https://www.parcdufaillal.com/;Traité
Camping Le Fief Sandaya - Saint-Brevin-les-Pins - 5 étoiles;57 Chem. du Fief 44250 Saint-Brevin-les-Pins France;https://www.sandaya.fr/nos-campings/le-fief?utm_source=google&utm_medium=gbp&utm_campaign=cta_siteweb_LeFief;Traité
Camping Le Florida;Rte de Latour 66200 Elne France;http://www.campingleflorida.com/;Traité
Camping Le Frêche A L' âne;6 Rue du Champ Saint-Paul 22550 Pléboulle France;https://www.camping-frechealane.com/;Traité
Camping Le Frêne;Les Rte des Cornuts 74260 Les Gets France;;
Camping le Glandasse;550 route de Gap 26150 Die France;http://www.camping-glandasse.com/;Traité
Camping Le Gouret;forêt de Marassan 300 chemin du gouret 05470 Aiguilles-en-Queyras France;https://www.camping-gouret.fr/;Traité
Camping Le Goutilier;Sainte-Marie 63120 Aubusson-d'Auvergne France;http://www.campingaubusson.fr/;Traité
Camping Le Grand Cerf;3 Imp. du Grand Cerf 26530 Le Grand-Serre France;https://www.campingdrome.net/;Traité
Camping Le Grand Dague Sandaya - Dordogne - 5 étoiles;Rte du Grand Dague 24750 Boulazac Isle Manoire France;https://www.sandaya.fr/nos-campings/le-grand-dague?utm_source=google&utm_medium=gbp&utm_campaign=cta_site_web_LeGrandDague;Traité
Camping Le Grand Lac;Le Puy 87440 Milhaguet-Marval France;;
camping le grand lierne;26120 Châteaudouble France;http://www.grandlierne.com/;Traité
Camping le Grand Paris 4 étoiles - Île-de-France;10 Chem. des Belles Vues 95690 Nesles-la-Vallée France;https://www.campinglegrandparis.com/?utm_source=google&utm_medium=local&utm_campaign=fiche_google;Traité
Camping Le Gué;6 Rue de Couddes 41700 Chémery France;https://www.camping-le-gue.com/;Traité
Camping Le Hameau des Champs;Lieu dit 25 Route de Chalon Les Champs 71460 Cormatin France;http://www.le-hameau-des-champs.com/;Traité
Camping Le Jardin;7 Rue du Pont Vieux 81330 Lacaze France;https://camping-le-jardin.com/;Traité
Camping Le Kérou Sandaya - Finistère Sud - 4 étoiles;15 Rue des Ajoncs 29360 Clohars-Carnoët France;https://www.sandaya.fr/nos-campings/le-kerou?utm_source=google&utm_medium=gbp&utm_campaign=cta_siteweb_LeKerou;Traité
Camping Le Léman Plage (ex Pourvoirie des Ellandes);1418 Rte du Lac 74140 Excenevex-Plage France;https://leman-plage.pausado.com/;Traité
Camping Le Lac de Bonnefon;225 Route de la Gamasse Bonnefon 12800 Naucelle France;https://www.camping-du-lac-de-bonnefon.com/;Traité
Camping Le Lac Saint Clair;767 Rte de la Plaine 73110 Détrier France;https://www.campinglelacsaintclair.com/;Traité
Camping Le Lieu - Saint-Jory-de-Chalais (Dordogne);1 Chem. de Maison Neuve 24800 Saint-Jory-de-Chalais France;https://lelieu-dordogne.fr/;Traité
Camping Le Lido;11 Chem. du Passeur 77250 Moret-sur-Loing - Veneux France;http://www.campinglelido.com/;Traité
Camping Le Littoral Sandaya - Vendée - 5 étoiles;Le Porteau 85440 Talmont-Saint-Hilaire France;https://www.sandaya.fr/nos-campings/le-littoral?utm_campaign=cta_site_web_LeLittoral&utm_medium=gbp&utm_source=google;Traité
Camping Le Logis de l'Aubonniere;Lieu-dit L'Aubonnière 85310 Rives de l'Yon France;http://www.aubonniere.com/;Traité
Camping Le Luberon | Pausado;2295A Av. de Saignon 84400 Apt France;https://le-luberon.pausado.com/;Traité
Camping Le Lustou de la VALLÉE DU LOURON proche Lac de Loudenvielle;42 route du louron 65240 Adervielle-Pouchergues France;https://campinglelustou65.e-monsite.com/;Traité
Camping Le Luy;288 Rte de Baa 40180 Seyresse France;http://www.campingleluy.com/;Traité
Camping Le Mas de Linde;208 Linde 30430 Saint-Privat-de-Champclos France;http://www.masdelinde.com/;Traité
Camping le Mas Des Roses;1 Rte des Aresquiers 34110 Vic-la-Gardiole France;https://www.masdesroses.com/fr/;Traité
Camping le Mas Saint-Pierre;Vallée de l'Asse D907 04270 Saint-Julien-d'Asse France;http://www.camping-mas-st-pierre.com/;Traité
Camping Le Mat | Camping Trevou | Camping Bretagne;38 Rue de Trestel 22660 Trévou-Tréguignec France;https://www.campinglemat.com/;Traité
Camping Le Mergnécois;1000 Rte du Plan d’Eau 42380 Merle-Leignec France;https://www.camping-lemergnecois.fr/;Traité
Camping Le Merin;7 Rte de Mérin 33930 Vendays-Montalivet France;http://www.campinglemerin.com/;Traité
Camping le Miroir;25 Rte de la Poste 25370 Les Hôpitaux-Neufs France;https://camping-lemiroir.com/;Traité
Camping le Mont Libre - Gannat;10 Rte de la Bâtisse 03800 Gannat France;https://www.camping-gannat.com/;Traité
Camping Le Moulin De Paulhiac - Dordogne;Camping le Moulin de 24250 Daglan France;https://www.camping-dordogne-moulindepaulhiac.com/?utm_source=google&utm_medium=organic&utm_campaign=gbp;Traité
Camping Le Moulin De Rambourg;51 Rambourg 85310 Nesmy France;http://www.campingmoulinderambourg.com/;Traité
Camping Le Moulin Sites et Paysages;560 Chem. Du Moulin 31220 Martres-Tolosane France;https://www.campinglemoulin.com/;Traité
Camping Le Mousserein;Derrière les Vergers du Moulin Ravin de Mousserein Quartier Saint-Étienne 04250 La Motte-du-Caire France;https://campinglemousserein.com/;Traité
Camping Le Muret;lieu dit Le Muret 12200 Le Bas Ségala France;http://www.campinglemuret.com/;Traité
Camping Le Noble Val - Vacances André Trigano;Rte de Marsac 82140 Saint-Antonin-Noble-Val France;https://vacances-andretrigano.com/camping/tarn-et-garonne/le-noble-val-saint-antonin-noble-val;Traité
Camping Le P'tit bois Sandaya - Saint-Malo - 5 étoiles;La Lande Chalandouse 35430 Saint-Jouan-des-Guérets France;https://www.sandaya.fr/nos-campings/le-p-tit-bois?utm_source=gmb&utm_medium=organic&utm_campaign=cta_site_web_LePtitBois;Traité
Camping le P'tit Bonheur;Allée des gens heureux 13 Voie de la Tet 66360 Escaro France;https://mon.camping.free.fr/?utm_source=gmb;Traité
Camping Le Palais De La Mer | Camping Sainte-Marie-la-Mer;Av. de las Illas 66470 Sainte-Marie-la-Mer France;https://www.palaisdelamer.com/;Traité
Camping Le Panoramic lac d'annecy;22 Chem. des Bernets 74320 Sevrier France;http://www.camping-le-panoramic.com/;Traité
Camping Le Paquis (Metz-Sud);57680 Corny-sur-Moselle France;https://www.campingcorny.com/;Traité
Camping le Parc;577 Av. du Parc 24150 Lalinde France;http://www.camping-le-parc.com/;Traité
Camping Le Parc de la Bastide;12 Av. Jean Moulin 13210 Saint-Rémy-de-Provence France;https://parcdelabastide.com/;Traité
Camping Le Parc De Vaux;35 Rue des Colverts 53300 Ambrières-les-Vallées France;http://www.parcdevaux.com/;Traité
Camping Le Parc du Gué;12 Rte de Montigny 77690 La Genevraye France;http://camping-parcdugue.com/;Traité
Camping Le Pardaillan;27 Rue Pardaillan 32330 Gondrin France;https://camping-le-pardaillan.com/;Traité
Camping Le Pessac | Vielmur-sur-Agout | Camping 3 étoiles Tarn;14 VC Qur de Pessac 81570 Vielmur-sur-Agout France;https://www.camping-lepessac.com/;Traité
Camping Le Petit Bois;Camping Le Petit Bois 15320 Ruynes-en-Margeride France;http://www.campinglepetitboiscantal.fr/;Traité
Camping Le Petit Bois - Camping Sites & Paysages en Ardèche;87 Rue du Petit Bois 07120 Ruoms France;https://www.campinglepetitbois.fr/;Traité
Camping Le Petit Port - Onlycamp;516 Le Petit Port 89660 Châtel-Censoir France;https://www.camping-chatel-censoir.fr/;Traité
Camping le Petit Trianon de Saint Ustre;1 Rue du Moulin de Saint-Ustre 86220 Ingrandes France;https://www.domaine-petit-trianon.com/;Traité
Camping Le Peyrelade (Flower);Lieu-dit Peyrelade Peyrelade 12640 Rivière-sur-Tarn France;https://www.campingpeyrelade.com/;Traité
Camping Le Pin Franc;116 Bd de Suzac 17132 Meschers-sur-Gironde France;http://www.campinglepinfranc.com/;Traité
Camping le PINADA (dans l'Aude);31 Rte des Corbières 11200 Fabrezan France;https://www.lepinada.com/;Traité
Camping Le Pong;10 Rue du Stade 85220 Landevieille France;http://www.lepong.com/;Traité
Camping le Pont d'Espagne;612 Départementale 612 Route de Millas 66300 Thuir France;;
camping Le Pont de Mazerat;le pont de mazerat 5288 Rte de la Forêt de Lasserre 24200 Tamniès France;http://www.lepontdemazerat.com/;Traité
Camping Le Pont Rouge;Rue Georges Clemenceau 85220 Saint-Révérend France;http://www.camping-lepontrouge.com/;Traité
Camping Le Port - Onlycamp;32 Rue du Port 45730 Saint-Benoît-sur-Loire France;https://camping-saint-benoit-sur-loire.fr/;Traité
Camping le Port de Lacombe;913 Port de Lacombe route du 12300 Flagnac France;http://www.camping-leportdelacombe.com/;Traité
Camping Le Port Ribouet;Rte de la Mayenne 49220 La Jaille-Yvon France;https://anjousportnature.com/camping/;Traité
Camping Le Poteau;48 Rue René Guy Cadou 44760 La Bernerie-en-Retz France;https://www.camping-lepoteau.com/;Traité
Camping Le Pré;257 CR dit des Prés 74110 Montriond France;http://www.campingfrance.com/;Traité
Camping Le Pré Fleuri;Rte de Fressies 59247 Féchain France;;
Camping Le Préjoly;Chemin de Hallage Chemin des Moeres 59122 Hondschoote France;http://www.campingleprejoly.fr/;Traité
Camping le Provençal;1866 Rte de Mazaugues 83470 Saint-Maximin-la-Sainte-Baume France;https://ventemobilhome.fr/;Traité
Camping Le Pyla;Rte d'Arcachon À Biscarrosse 33115 Pyla-Sur-Mer France;;
Camping Le Ragis;RAGIS LE Chem. de la Fradinière 85300 Challans France;https://www.camping-leragis.com/;Traité
Camping Le Ranch;La Mielle 50340 Le Rozel France;http://www.camping-leranch.com/;Traité
Camping le refuge des pecheurs;57510 Holving France;http://camping.holving.fr/;Traité
Camping Le relais de la Bresque;15 Chem. de la piscine 83690 Sillans-la-Cascade France;http://www.lerelaisdelabresque.net/;Traité
Camping le Relais du Léman;67 Rte des Repingons 74140 Messery France;https://le-relais-du-leman.pausado.com/;Traité
CAMPING LE REPAIRE DORDOGNE;Le Repaire 24800 Thiviers France;https://www.camping-le-repaire.fr/;Traité
Camping Le Repos Du Baladin;63790 Murol France;http://www.camping-auvergne-france.com/;Traité
Camping Le Roc;2803 Route d'Alvignac 46500 Rocamadour France;https://www.camping-leroc.com/;Traité
Camping Le Roc de Lavandre - Bungalow toilé 5 personnes - TENTE LODGE 40 M2 SANS SANITAIRES - AU BORD DE L'ETANG DE PECHE;24260 Saint-Félix-de-Reillac-et-Mortemart France;https://www.holidu.de/d/63599880?ref_source=google_vr&utm_source=google_vr_eb;Traité
Camping Le Rouquié du Lac;19 chemin du lac 81260 Lamontélarié France;https://www.campingrouquie.fr/;Traité
Camping Le Safary;35 Rue de la Forêt Noire 68390 Sausheim France;http://campinglesafary.fr/;Traité
Camping le Sedour;Rte de Condat 15400 Riom-ès-Montagnes France;http://campingitesriomcantal.com/;Traité
Camping Le Soleil du Verdon - Campasun - Camping Esparron-de-Verdon - Gorges du Verdon;1000 Chem. de la Tuilière 04800 Esparron-de-Verdon France;https://www.campasun.eu/lesoleil/le-camping/?utm_source=google&utm_medium=organic&utm_campaign=GMB;Traité
Camping Le Suroit Île d'Oléron;1720 Rue de Ponthezière 17190 Saint-Georges-d'Oléron France;https://www.eden-villages.fr/campings/le-suroit/?utm_source=google&utm_medium=organic&utm_campaign=mybusiness-website;Traité
Camping Le Sous Bois;1450 route de vallon 07170 Saint-Maurice-d'Ibie France;http://www.le-sous-bois.fr/;Traité
Camping le Taillefer;1530 Rte de Chaparon 74210 Doussard France;http://www.campingletaillefer.com/;Traité
Camping Le Tarteron;15 D940 80550 Le Crotoy France;http://www.letarteron.fr/;Traité
Camping Le Vagabond;Camping Le Vagabond ROUTE D'ALES N106 48400 Florac Trois Rivières France;https://www.campinglevagabond.fr/;Traité
Camping Le Thouet;Coteaux Chalet 49260 Montreuil-Bellay France;http://www.campinglethouet.com/;Traité
Camping Le Val du Gave d'Aspe avec piscine chauffée Pyrénées Atlantiques;6 Rue de Lazeres 64400 Gurmençon France;https://www.chalet-aspe.com/;Traité
Camping le Val D'Aleth;Val d'Aleth 2 Chem. de la Paoulette 11580 Alet-les-Bains France;http://www.valdaleth.com/;Traité
Camping Le Val Saint-Jean;5 Rue du Val Saint-Jean 15200 Mauriac France;http://www.cantalcamping.fr/;Traité
Camping Le Valserine;Rte de Confort 01410 Chézery-Forens France;https://www.camping-chezery.fr/;Traité
Camping Le Vieux Moulin | Siaugues;Route de Langeac 8 Pré Deginliou 43300 Siaugues-Sainte-Marie France;https://campingsiaugues.wixsite.com/camping-siaugues;Traité
Camping le Verger;Les Gillis 05310 La Roche-de-Rame France;http://www.campingleverger.com/;Traité
Camping Le Vieux Port - Landes;850 Rte de la Plage S 40660 Messanges France;https://www.levieuxport.com/fr?utm_source=google&utm_medium=organic;Traité
Camping Le Viginet;2 Chem. du Manoir 63710 Saint-Nectaire France;http://www.camping-viginet.com/;Traité
Camping Le Village;285 Chem. de la Piscine 26470 La Motte-Chalancon France;http://www.camping-levillage.com/;Traité
Camping Le Village Tropical Sen-Yan - Camping Landes;991 Av. de la Gare 40170 Mézos France;https://www.sen-yan.com/;Traité
Camping Le Walric;345 Rte d'Eu 80230 Saint-Valery-sur-Somme France;https://www.campinglewalric.com/?utm_source=google&utm_medium=organic&utm_campaign=gbp;Traité
Camping Les Écrins;9 Av. de la Pierre Sainte 05120 L'Argentière-la-Bessée France;https://www.campinglesecrins.com/;Traité
Camping les Étangs de Bouzencourt;16 hameau de Bouzencourt 80800 Le Hamel France;;
Camping Les 12 Cols dans l'Ain à Hauteville Lompnes;403 Rte de Cormaranche en Bugey chemin de 01110 Plateau d'Hauteville France;https://www.camping-les12cols.fr/?utm_source=fiche-google&utm_medium=local&utm_campaign=gbp;Traité
Camping Les 2 Lacs;Lieu-dit Gerbal 332 Rte de Bourg-de-Visa 47470 Beauville France;http://www.les2lacs.com/;Traité
Camping Les 2 Rivières;Pré Bouche 71400 La Celle-en-Morvan France;https://www.camping-morvan.fr/;Traité
Camping les 3 Sablières;1850 Rue de la Maye 80550 Le Crotoy France;https://camping-les-trois-sablieres.com/;Traité
Camping Les 4 Saisons;1 Rte des Îles 38550 Saint-Maurice-l'Exil France;https://www.campingles4saisons.fr/;Traité
Camping les Acacias;4610 avenue de la clairette 26340 Vercheny France;http://www.campinglesacacias.com/;Traité
Camping Les Actinidias *** en Ardèche / Location Paddle;179 Chem. des Cayres 07460 Berrias-et-Casteljau France;http://www.actinidias.com/;Traité
Camping Les Alicourts Sandaya - Sologne - 5 étoiles;Les Alicourts 41300 Pierrefitte-sur-Sauldre France;https://www.sandaya.fr/nos-campings/les-alicourts?utm_source=google&utm_medium=gbp&utm_campaign=cta_siteweb_LesAlicourts;Traité
Camping Les Alouettes;La Haute Fontaine 85470 Bretignolles-sur-Mer France;https://www.lesalouettes.com/;Traité
Camping Les Arbouses;Les Plaines 83330 Le Castellet France;;
Camping Les Aubépines;Le 800 Rue de la Maye 80550 Le Crotoy France;https://www.camping-lesaubepines.com/;Traité
Camping les Aubazines - Onlycamp;Rte d'Ussel 19110 Bort-les-Orgues France;http://les-aubazines.com/;Traité
Camping Les Bö-Bains ****;Rte des Cygnes 24150 Badefols-sur-Dordogne France;https://www.bo-bains.com/;Traité
Camping Les Babelles;1394 Rte du Bord du Lac 73310 Conjux France;https://campingdeconjux.com/;Traité
CAMPING LES BALMASSES;Chem. des Balmasses 73500 Val-Cenis France;http://www.camping-les-balmasses.com/;Traité
Camping les Bardons;Camping les Bardons 84400 Castellet-en-Luberon France;http://www.campinglesbardons.com/;Traité
Camping les Bonnets;Jeanselme Vincent 155 Les Bonnets 05000 Neffes France;https://www.camping-les-bonnets.com/;Traité
Camping Les Bords du Rhin;67470 Rue Annexe du Rhin 67470 Seltz France;http://www.campings-seltz.fr/;Traité
Camping Les Bosquets;1 Rue du Capitaine Quenault 50270 Barneville-Carteret France;https://www.camping-lesbosquets.com/?utm_source=google&utm_medium=organic&utm_campaign=gbp;Traité
Camping Les Bouldouires;Les Bouldouïres 34330 La Salvetat-sur-Agout France;http://www.campingbouldouires.fr/;Traité
Camping Les Brillas;Le Bois des Tréans 44760 Les Moutiers-en-Retz France;https://www.campinglesbrillas.com/;Traité
Camping Les Bruyères en Normandie;92 Chem. de Ronces 27210 Conteville France;http://campinglesbruyeres.com/;Traité
Camping Les Calquières - Camping Aveyron;France 17 Av. Jean Moulin 12150 France;https://www.camping-aveyron.fr/;Traité
Camping Les Castors;8 Rue Clavelaud 17500 Saint-Simon-de-Bordes France;http://www.campingcastors.com/;Traité
Camping Les Cerisiers;4 Chem. de la Peña 66820 Vernet-les-Bains France;http://www.camping-lescerisiers.com/;Traité
Camping Les Chênes Verts - Meschers sur Gironde;15 Bd du Marais 17132 Meschers-sur-Gironde France;https://www.camping-leschenesverts.com/?utm_source=google&utm_medium=organic&utm_campaign=gbp;Traité
Camping Les Chagnelles;108 Chem. du Porteau 85300 Le Perrier France;https://www.camping-chagnelles.fr/;Traité
Camping les Charmes (85);1 Les Lilas 85220 Apremont France;http://www.campinglescharmes.com/;Traité
Camping Les Chenes Dax | Hebergement vacances ou curiste;All. du Bois de Boulogne 40100 Dax France;http://www.camping-leschenes-dax.com/;Traité
Camping Les Cigales;Camping Les Cigales 1039 Chem. de la Rouvière 07460 Berrias-et-Casteljau France;https://www.camping-cigales-ardeche.com/?utm_source=gmb;Traité
Camping Les Cigales - Ciela Village - Rocamadour;L'Hospitalet 46500 Rocamadour France;https://www.camping-cigales.com/;Traité
Camping Les Cigognes;4 rue Roger Hassenforder 68700 Cernay France;http://www.camping-les-cigognes.com/;Traité
Camping Les Deux Rives;Rte du Rhône 07800 Charmes-sur-Rhône France;;
Camping Les Dunes;50 Av. des Dunes 85470 Bretignolles-sur-Mer France;https://www.campinglesdunes.fr/?utm_medium=organic&utm_source=google;Traité
Camping Les Dunes;2 Chem. de la Grande Mielle 50270 Saint-Georges-de-la-Rivière France;https://www.facebook.com/profile.php?id=61584410900382&locale=fr_FR;Traité
Camping Les Ecureuils - Chadotel;24 Av. Gilbert Burlot 44760 La Bernerie-en-Retz France;https://www.chadotel.com/camping-les-ecureuils-la-bernerie-en-retz/;Traité
Camping Les Embruns;63 Rte de Biot 06600 Antibes France;https://camping-les-embruns.fr/;Traité
Camping Les Embruns;2 Rue du Philosophe Alain 29360 Clohars-Carnoët France;https://www.camping-les-embruns.com/?utm_source=google&utm_medium=organic&utm_campaign=fiche;Traité
Camping Les Etangs;Le Pont de la Motte D4 22410 Lantic France;http://www.campinglesetangs.com/;Traité
Camping Les Etangs - Onlycamp;La 25 Rue des Étangs 35780 La Richardais France;https://www.camping-la-richardais.fr/;Traité
Camping Les Etangs de Plessac;695 Rte des Grands Prés 24340 Saint-Félix-de-Bourdeilles France;https://campingdeplessac.fr/;Traité
Camping Les Forges 3 étoiles;98 Rte de la Villes Blais 44380 Pornichet France;http://www.campinglesforges.com/;Traité
Camping Les Fouguières;165 Chem. des Fouguières 83570 Carcès France;http://www.camping-les-fouguieres.com/;Traité
Camping Les Genêts - Village Club Sun Marina - 5 étoiles;55 Av. des Épines 85160 Saint-Jean-de-Monts France;https://www.sunmarina.com/camping-5-etoiles-vendee/camping-les-genets/?utm_source=google&utm_medium=organic&utm_campaign=gbp;Traité
Camping Les Grands Champs;31 Rue de la Baumotte 25190 Saint-Hippolyte France;http://www.camping-les-grands-champs.fr/;Traité
Camping Les Grands Pins;Le Le Camp Du 3084 Mnt du Vieux Camp 83330 Le Castellet France;https://www.camping-grandspins.com/;Traité
camping Les Grands Sables;22 Rue du Philosophe Alain 29360 Clohars-Carnoët France;http://www.camping-lesgrandssables.com/;Traité
Camping Les Gravieres;Les bonnets 05000 Neffes France;;
Camping Les Grenettes Sandaya - Île de Ré - 5 étoiles;3 Rue de l'Ermitage 17740 Sainte-Marie-de-Ré France;https://www.sandaya.fr/nos-campings/les-grenettes?utm_campaign=cta_siteweb&utm_medium=gbp&utm_source=google;Traité
CAMPING LES GUERINS;Les Guérins 05130 Sigoyer France;http://www.campinglesguerins.com/;Traité
Camping Les Hautes Prairies - Campasun – Camping Lourmarin – Luberon;28 Rte de Vaugines 84160 Lourmarin France;https://www.campasun.eu/hautes-prairies/le-camping/?utm_source=google&utm_medium=organic&utm_campaign=GMB;Traité
Camping les Jardins de l'Atlantique - Saint Jean de Monts;100 Rte de la Caillauderie 85160 Saint-Jean-de-Monts France;http://www.camping-jardins-atlantique.com/?utm_source=gmb;Traité
Camping Les Jardins de L'Authie;20 Rue Vincent 62180 Waben France;https://lesjardinsdelauthie.fr/;Traité
Camping Les Jardins de La Pascalinette®?;1800 Rte de Hyères 83250 La Londe-les-Maures France;https://www.lapascalinette.fr/;Traité
Camping Les Jardins de Privas Sandaya - Ardèche - 4 étoiles;108 Chem. du Camping 07000 Privas France;https://www.sandaya.fr/nos-campings/les-jardins-de-privas?utm_campaign=cta_site_web_LesJardinsDePrivas&utm_medium=gbp&utm_source=google;Traité
Camping Les Lanchettes;Rte de Bovereche 73210 Peisey-Nancroix France;http://www.campinglanchettes.com/?utm_source=gmb;Traité
Camping Les Loges;Les Loges 63340 Nonette-Orsonnette France;https://www.lesloges.com/;Traité
Camping Les Lumes;10 Rue des Lumes 25250 L'Isle-sur-le-Doubs France;https://www.les-lumes.com/;Traité
Camping Les Lupins;1 Rue de la Gare 68580 Seppois-le-Bas France;https://camping-les-lupins.fr/;Traité
Camping les Mélèzes;1668 Rte de la Vall. du Mélézet 05600 Ceillac France;https://www.campingdeceillac.com/;Traité
Camping Les Mélèzes;Rte du Doron 73500 Termignon France;http://www.camping-termignon-lavanoise.com/;Traité
Camping Les Maraises;7 Chem. des Salieres 17410 Saint-Martin-de-Ré France;https://www.camping-les-maraises.fr/;Traité
Camping Les Marins;Camping 2 Les Marins 63700 Lapeyrouse France;http://camping-lesmarins.fr/;Traité
Camping Les Mielles;80 Rte des Laguettes 50270 Surtainville France;https://www.campinglesmielles-surtainville.fr/;Traité
Camping Les Mouettes;Les Théneaux 38119 Saint-Théoffrey France;http://www.camping-les-mouettes.fr/;Traité
Camping Les Myrtilles Auvergne;Camping les Myrtilles 03250 Saint-Nicolas-des-Biefs France;http://www.auxmyrtilles.com/;Traité
Camping Les Ourmes Hourtin;90 Av. du Lac 33990 Hourtin France;https://lesourmes.fr/?utm_source=google&utm_medium=organic&utm_campaign=gmb;Traité
Camping Les Oursinières - Vacances André Trigano;374 Chem. Pass. des Gardeens 83220 Le Pradet France;https://vacances-andretrigano.com/camping/var/les-oursinieres-le-pradet;Traité
Camping Les Oyes;route des gorges de Nouailles D67 25920 Mouthier-Haute-Pierre France;;
Camping Les Pêcheurs - Var;D7 83520 Roquebrune-sur-Argens France;https://www.camping-les-pecheurs.com/fr/;Traité
Camping les Petites Minaudières ***;Senillé Les Petites Minaudières 86100 France;http://www.campingminaudieres.com/;Traité
Camping Les Peupliers;21 Lieu-dit Besnelais 35190 Tinténiac France;http://www.domainelespeupliers.fr/;Traité
Camping Les Peupliers;5 Logan 29710 Pouldreuzic France;http://www.camping-peupliers-pouldreuzic.com/;Traité
Camping Les Peupliers | Vendays Montalivet;17 Rte de Sarnac 33930 Vendays-Montalivet France;https://www.camping-montalivet-lespeupliers.com/;Traité
Camping Les Pins;Les Pins Lieu-dit 05380 Châteauroux-les-Alpes France;https://campinglespins-05.com/;Traité
Camping Les Pivolles;333 Chem. du Château Jaune 38122 Montseveroux France;https://camping-les-pivolles.fr/;Traité
Camping Les Plages de l'Ain;11 Chem. du Stade 01800 Saint-Maurice-de-Gourdans France;http://www.campingain.fr/;Traité
Camping Les Plans - Gard;Les Plans D50 30140 Mialet France;https://www.camping-les-plans.fr/;Traité
Camping Les Pommiers d'Aiguelèze;Espace de Loisirs 81600 Rivières France;https://www.camping-lespommiers.com/;Traité
Camping Les Portes de la Baie de Somme (Changement de propriétaire Avril 2023);Rue du Marais Talsac 80132 Mareuil-Caubert France;https://www.campinglesportesdelabaiedesomme.com/;Traité
Camping Les Portes du Trièves;22 Chem. des Chambons 38650 Monestier-de-Clermont France;http://www.camping-portes-du-trieves.com/;Traité
Camping les Prés d'Arly;229 Rte des Thouvassières 74120 Praz-sur-Arly France;https://www.campinglespresdarly.com/;Traité
Camping Les Prairies - Alpes de Haute Provence;197 chemin de Charcherie La Haute Gréyère 04140 Seyne France;https://www.campinglesprairies.com/;Traité
Camping Les Résidences La Becque - Mobilhome 4 personnes - Confort Plus - 2 chambres;59380 Warhem France;https://www.holidu.de/d/51596712?ref_source=google_vr&utm_source=google_vr_eb;Traité
Camping Les Résidences La Becque - Mobilhome 6 personnes - ECO LODGE 2 chambres;59380 Warhem France;https://www.holidu.de/d/55890792?ref_source=google_vr&utm_source=google_vr_eb;Traité
Camping les randonneurs;Le Colombier 04200 Valbelle France;https://camping-valbelle-randonneurs.fr/;Traité
Camping les rives de courtès (les lacs de courtès);23 Rte de Panjas 32240 Estang France;https://www.campinglesrivesdecourtes.com/?fbclid=IwY2xjawThdEdwZG9mAWV4dG4DYWVtAjEwAGJyaWQRMWZ6VjM3dkpabERpYVlqUjBzcnRjBmFwcF9pZBAyMjIwMzkxNzg4MjAwODkyAAEeoyKXVnGfXbeLx1dlBHXbDRxqsKWqgeYjtpMUVvo09POC513bnNaSOzn-ggo_aem_FPZUnKfvY7rlHG6nr2KlcQ;Traité
Camping Les Rives de l'Adour;Av. René Crabos 40500 Saint-Sever France;http://www.camping-rivesdeladour.com/;Traité
Camping Les Rives de Paris - Neuilly-sur-Marne;9 Chem. de la Haute Ile 93330 Neuilly-sur-Marne France;https://camping.lesrivesdeparis.fr/;Traité
Camping Les Rives du Lac | Camping Gap - Hautes Alpes;Plan d'eau Le Plan d'eau 05400 Veynes France;https://camping-lac.com/?utm_source=google&utm_medium=organic&utm_campaign=gmb;Traité
Camping Les Rives du Lac de Vinça;Rue des Escoumes 66320 Vinça France;https://camping-lac-de-vinca.com/;Traité
Camping Les Rivières;Chem. de la Sablière 34800 Canet France;https://www.camping-lesrivieres.com/;Traité
Camping Les Routes de Provence - Ciela Village;5044 Av. Claude Delorme 04300 Forcalquier France;https://www.camping-routes-de-provence.fr/;Traité
Camping Les Sables;Chem. du Pontreau 17440 Aytré France;http://camping-les-sables.com/;Traité
Camping Les Sapins;4 Rte de Tarbes 64320 Ousse France;http://camping-les-sapins-64.com/;Traité
Camping Les Saules du Lac Chambon;Le Lac Chambon 63790 Chambon-sur-Lac France;https://lessauleschambon.com/;Traité
Camping les Sources à Saint-Jean-du-Gard - Cévennes;Rue de Mialet 30270 Saint-Jean-du-Gard France;https://www.camping-des-sources.fr/?utm_source=google&utm_medium=organic;Traité
Camping Les Suchères;Les Sucheres 63700 Buxières-sous-Montaigut France;http://www.campinglessucheres.com/;Traité
Camping les Terrasses de Rivarennes;2 All. des Prés Sillauts 37190 Rivarennes France;http://www.campingrivareennes.com/;Traité
Camping les tourterelles;Clos Fauré 563 Rte de Coulaures 24390 Tourtoirac France;https://www.les-tourterelles.fr/;Traité
Camping Les Tropiques Sandaya - Torreilles Plage - 4 étoiles;11 Bd de la Plage 66440 Torreilles France;https://www.sandaya.fr/nos-campings/les-tropiques?utm_source=google&utm_medium=gbp&utm_campaign=cta_site_web_les_tropiques;Traité
Camping Les Tuillères - Onlycamp;Route de Die 26340 Vercheny France;http://www.tuilleres.com/;Traité
Camping les Ulèzes;400 Av. Raymond Pavon 26260 Saint-Donat-sur-l'Herbasse France;https://www.camping-des-ulezes.fr/;Traité
Camping Les Vagues;20 Bd du N 85470 Bretignolles-sur-Mer France;http://www.campinglesvagues.fr/;Traité
Camping Les Vaudois - Vacances André Trigano;La Ruinette 05120 Les Vigneaux France;https://vacances-andretrigano.com/camping/hautes-alpes/les-vaudois-les-vigneaux;Traité
Camping Les Vergers de Squividan;Lieu dit Squividan 29730 Treffiagat France;http://www.lesvergersdesquividan.fr/;Traité
Camping les Vigères;9 Les Vigeres 87500 Le Chalard France;http://www.camping-lesvigeres.com/;Traité
Camping Les Violettes;17 RD 813 31450 Deyme France;http://www.campinglesviolettes.com/?utm_source=gmb;Traité
CAMPING LES VISTES *** entre Cévennes et Camargue - ouverture le 4 avril;1 Les Vistes 30360 Saint-Jean-de-Ceyrargues France;http://www.lesvistes.com/;Traité
Camping Les Voiliers** - Ardèche;L'île Blaud 07800 Beauchastel France;http://www.camping-les-voiliers.fr/;Traité
Camping Little Carpe Diem;Les Pourcelles 04190 Les Mées France;https://www.littlecarpediem.com/;Traité
Camping Lizoé - Pont-Croix;1 Chemin de Langroas 29790 Pont-Croix France;https://www.campinglizoe.fr/;Traité
Camping Location de chalets Gerardmer Vosges - JP Vacances;15 Chem. de l'Étang du Noirrupt 88530 Le Tholy France;http://jpvacances.com/;Traité
Camping Location Mobil Home Maubeuge Valenciennes - Les Nénuphars;10 Rue Gilles Beaurieux 59570 Taisnières-sur-Hon France;http://www.campinglesnenuphars.com/?page_id=30;Traité
Camping Loire et Châteaux;7 Le Stade 37130 Bréhémont France;https://www.loireetchateaux.com/?utm_source=google&utm_medium=organic&utm_campaign=gbp;Traité
CAMPING LOISIRS DES GROUX;1 Chem. de l'Île 78270 Mousseaux-sur-Seine France;http://www.campingdesgroux.com/;Traité
Camping Lot Les Rives du Céou;Pont de Rhodes 46310 Saint-Chamarand France;http://www.camping-lesrivesduceou.com/;Traité
CAMPING LOU CANTOU CÉVENOL;140 Chem. les Hauts de Labahou 30140 Anduze France;http://www.loucantoucevenol.com/;Traité
Camping Mérou;1137 Chem. de Mérou 82160 Saint-Projet France;http://www.campinglemerou.com/;Traité
Camping Maguide Sandaya - Biscarrosse - 4 étoiles;870 Chem. de Maguide 40600 Biscarrosse France;https://www.sandaya.fr/nos-campings/maguide?utm_campaign=cta_siteweb_Maguide&utm_medium=gbp&utm_source=google;Traité
Camping Mandala;Le Village 04420 Prads-Haute-Bléone France;http://www.camping-mandala.fr/;Traité
Camping Mas de Pierredon - Campasun - Camping Sanary sur Mer - Côte d'Azur;652 Chem. Raoul Coletta 83110 Sanary-sur-Mer France;https://www.campasun.eu/mas-pierredon/le-camping/?utm_source=google&utm_medium=organic&utm_campaign=GMB;Traité
Camping Mer et Vacances - Hébergement 2 personnes - Insolite BAROUDEUR 2 Personnes sans sanitaires;59495 Leffrinckoucke France;https://www.holidu.de/d/53019104?ref_source=google_vr&utm_source=google_vr_eb;Traité
Camping Mer et Vacances - Mobilhome 4 personnes - Cabane confort + 2 chambres;59495 Leffrinckoucke France;https://www.holidu.de/d/63561457?ref_source=google_vr&utm_source=google_vr_eb;Traité
Camping Mer et Vacances - Mobilhome 4 personnes - CONFORT PLUS DEUX CHAMBRES;59495 Leffrinckoucke France;https://www.holidu.de/d/52949846?ref_source=google_vr&utm_source=google_vr_eb;Traité
Camping Mer et Vacances - Mobilhome 6 personnes - CONFORT 3 CHAMBRES;59495 Leffrinckoucke France;https://www.holidu.de/d/49138011?ref_source=google_vr&utm_source=google_vr_eb;Traité
Camping Mer et Vacances - Tente 4 personnes - INSOLITE ECOCHIC 1 à 4 pers.;59495 Leffrinckoucke France;https://www.holidu.de/d/52949837?ref_source=google_vr&utm_source=google_vr_eb;Traité
Camping Mer et Vacances - Tente en toile et en bois 4 personnes - TENTE VENDREDI;59495 Leffrinckoucke France;https://www.holidu.de/d/52949841?ref_source=google_vr&utm_source=google_vr_eb;Traité
Camping Mesles;Dom. du Bouis 58370 Larochemillay France;http://www.campingmeslesdumorvan.com/;Traité
Camping Mirabel La Crique;10 Rue de la Mare 22380 Saint-Cast-le-Guildo France;http://www.mirabel-crique.com/;Traité
Camping Mirabel Le Clos Tranquille;12 Rue Guy Homery 22380 Saint-Cast-le-Guildo France;https://www.mirabel-clostranquille.com/;Traité
Camping Monplaisir Provence;435 Chem. Monplaisir 13210 Saint-Rémy-de-Provence France;http://www.camping-monplaisir.fr/;Traité
Camping Montacabana;32 Av. de Joinville le Pont 33930 Vendays-Montalivet France;https://montacabana.com/;Traité
Camping Montana Parc - Coeur de l'Esterel - Oasis Village;1320 Rte de la Bouverie 83480 Puget-sur-Argens France;https://montanaparc.com/villages-vacances/oasis-village/?utm_source=google&utm_medium=organic&utm_campaign=gbp;Traité
Camping Mont-Saint-Michel Sandaya - Normandie - 4 étoiles;14 Rte du Bec d'Andaine 50530 Genêts France;https://www.sandaya.fr/nos-campings/mont-saint-michel?utm_source=google&utm_medium=gbp&utm_campaign=cta_siteweb_MontSaintMichel;Traité
Camping Morédéna;Rue du Pont 49640 Morannes sur Sarthe-Daumeray France;http://www.camping-moredena.com/;Traité
Camping Morbihan - Camping Au Gré des Vents à Rochefort-en-Terre;2 Chem. du Bogeais 56220 Rochefort-en-Terre France;https://campingaugredesvents.com/?utm_source=gmb;Traité
Camping Municipal;Unnamed Road 48700 Serverette France;https://www.lozere-tourisme.com/campings/HPALAR0480000031/detail/serverette/camping-municipal-serverette;Traité
Camping Municipal;La Scierie 70440 Servance-Miellin France;;
Camping Municipal / Auberge de Jeunesse de Saint-Quentin;93 Bd Jean Bouin 02100 Saint-Quentin France;https://www.saint-quentin.fr/51-camping.htm;Traité
Camping Municipal Alesia;15 Rue du Dr Roux 21150 Venarey-les-Laumes France;;
Camping Municipal Audenge | Camping Le Braou | Arcachon;26 Rte de Bordeaux 33980 Audenge France;https://www.campingaudenge.com/;Traité
Camping Municipal Bellevue;15240 Saignes France;https://saignes15.fr/;Traité
Camping Municipal Challain-la-Potherie;JXQ5+38 49440 Challain-la-Potherie France;;
Camping Municipal d'Aumont-Aubrac**;Rte du Languedoc 48130 Peyre en Aubrac France;https://peyreenaubrac.fr/decouvrir-visiter/le-camping-municipal/;Traité
Camping Municipal d'Herculat;15 Route de l’Étang d'Herculat 03380 Treignat France;http://treignat-allier.weebly.com/camping-municipal.html;Traité
Camping Municipal de Chaley;01230 Chaley France;https://chaley.fr/pratique/camping-ouverture-du-01-03-au-30-09/;Traité
Camping Municipal de l'Océan;33 Av. de Joinville le Pont 33930 Vendays-Montalivet France;http://www.camping-municipal-ocean.com/;Traité
Camping Municipal de la Falaise;Rue de la Barre 56410 Étel France;http://www.camping-etel.fr/;Traité
Camping municipal de la Plage;309 La Plage 71190 Saint-Nizier-sur-Arroux France;https://mairiestniziersura.wixsite.com/camping-de-la-plage;Traité
Camping Municipal de la Vallée du Dourdu;Rte de Pont ar Hoail 22450 Kermaria-Sulard France;https://kermaria-sulard.fr/tourisme/camping;Traité
Camping Municipal de Nivigne et Suran;1 All. du Camping 01250 Nivigne et Suran France;http://camping.nivigne-et-suran.fr/;Traité
Camping Municipal de Verdalle;2 All. de l'Infante 33470 Gujan-Mestras France;http://www.campingdeverdalle.com/;Traité
Camping Municipal des Mouettes;Chem. des Mouettes 67630 Lauterbourg France;https://www.mairie-lauterbourg.fr/FR/Mes-loisirs/Base-loisirs/Camping-Lauterbourg.html;Traité
Camping Municipal du Bouchet saint Nicolas;Route du Stade 43510 Le Bouchet-Saint-Nicolas France;http://www.lebouchetsaintnicolas.fr/;Traité
Camping municipal du Guet;13 Av. Eugène Collin 58360 Saint-Honoré-les-Bains France;http://www.st-honore-les-bains.com/camping-municipal-du-guet/;Traité
Camping Municipal du Lac;Av. Marx Dormoy 03310 Néris-les-Bains France;https://webmaster8255.wixsite.com/campingdulac-neris/;Traité
Camping Municipal du Moulin de l'Horte;base de loisirs du moulin de l'horte Chem. de l'Horte 12550 Plaisance France;http://plaisance12.com/tourisme-et-loisirs/camping-sud-aveyron/;Traité
Camping Municipal du Pradeau Langeac;Le Terrain de Camping 43300 Langeac France;http://www.campinglangeac.com/;Traité
Camping Municipal du Vieux Moulin;01110 Champdor-Corcelles France;https://champdor-corcelles.jimdo.com/le-tourisme/le-camping/;Traité
Camping Municipal Irouleguy;166 Sotoko bidea 64430 Saint-Étienne-de-Baïgorry France;https://animazioa5.wixsite.com/camping-de-baigorri;Traité
Camping Municipal Issoire;14 Av. du Dr Bienfait 63500 Issoire France;https://www.camping-issoire.fr/fr;Traité
Camping Municipal La Garenne - Bas-en-Basset;Rte du Camping 43210 Bas-en-Basset France;http://camping-la-garenne.e-monsite.com/;Traité
Camping Municipal La Grange;09800 Sentein France;https://mairie-sentein.fr/le-camping-municipal/;Traité
Camping municipal la Lame;Riou de Robion 05100 Névache France;http://www.nevache.fr/camping/;Traité
Camping Municipal La Porte Juhel;35290 Saint-Méen-le-Grand France;;
Camping Municipal La Sélune;Rue de Boishue 50220 Ducey-Les Chéris France;;
Camping Municipal La Sapinière;20 Rue Perdue 62140 Labroye France;https://www.campingfrance.com/recherchez-votre-camping/hauts-de-france/pas-de-calais/labroye/camp-municipal-la-sapiniere2;Traité
Camping Municipal La Vialette;La Vesquesse 43380 Villeneuve-d'Allier France;https://campinglavialette.wixsite.com/camping-la-vialette;Traité
Camping Municipal Le Dorat;3 Chem. de la Planche des Dames 87210 Le Dorat France;https://www.campingcarpark.com/fr_FR/camping-car/nouvelle-aquitaine/haute-vienne/le-dorat;Traité
Camping Municipal Le Ponget;50 Chem. des Neuf Pierres 82140 Saint-Antonin-Noble-Val France;https://camping-leponget.jimdofree.com/;Traité
Camping Municipal Le Pré du Roi;Rte des Bouchets Le Pré du Roi 89660 Mailly-le-Château France;https://www.camping-maillylechateau.fr/;Traité
Camping Municipal le Sezanne;Rte de Launat 51120 Sézanne France;https://www.tourisme-en-champagne.com/camping-municipal-de-sezanne/sezanne/hpa0000000000099;Traité
Camping Municipal Les Écureuils - Drôme;68 rue des Ecureuils 26310 Recoubeau-Jansac France;https://www.campinglesecureuils-drome.com/;Traité
Camping municipal Les Lignières;Unnamed Road 23430 Châtelus-le-Marcheix France;https://www.chateluslemarcheix.fr/fr/services/loisirs-et-tourisme-camping-municipal;Traité
Camping municipal Les Patisseaux;Unnamed Road 49290 Chaudefonds-sur-Layon France;https://www.chaudefonds-sur-layon.fr/;Traité
Camping Municipal Les Pins Bleus;Camping Les Pins Bleus 40530 Labenne France;http://www.lespinsbleus.com/;Traité
Camping Municipal Les Rives du Douet;619 Rte des Blanchisseries 49700 Doué-en-Anjou France;http://www.camping-lesrivesdudouet.fr/;Traité
Camping municipal les vieux chenes;1 All. des Vieux Chênes 36310 Chaillac France;https://www.chaillac36.fr/tourisme-economie/tourisme/hebergements/camping/;Traité
Camping Municipal Montpezat-Sous-Bauzon;Ville Basse 07560 Montpezat-sous-Bauzon France;https://www.montpezat-sous-bauzon.fr/?-Tourisme-et-hebergements-;Traité
Camping Narbaitz;Rte de Bayonne 64220 Ascarat France;http://www.camping-narbaitz.com/;Traité
Camping nature Lot- Le Valenty - Camping Occitanie sans voiture en vallée de la Dordogne;Valenty 41 Rte de Cahors 46700 Soturac France;http://campinglevalenty.fr/;Traité
Camping Naturiste La Genèse;Rte de la Genèse 30430 Méjannes-le-Clap France;https://www.lagenese.com/?utm_campaign=gmb_search&utm_medium=organic&utm_source=google;Traité
Camping naturiste Le Fiscalou;3889 Rte de Monclar 81140 Puycelsi France;https://www.fiscalou.fr/;Traité
Camping Naturiste Le Petit Dauphin;1696 Rte de la Fouasse 17570 Les Mathes France;http://www.le-petit-dauphin.com/;Traité
Camping Naturiste Les Hesperides;Chemin des Vaugibourgs RN 20 91580 91580 Étréchy France;https://leshesperides.org/;Traité
Camping Naturiste Tikayan Petit Arlane;4225 Rte de Riez 04210 Valensole France;http://www.domainepetitarlane.fr/;Traité
Camping Naturiste Verdon Provence;Chem. des Cigales 04800 Esparron-de-Verdon France;https://www.camping-verdon-provence.fr/;Traité
Camping Nefiach La Garenne | Camping proche Perpignan;D916 66170 Néfiach France;https://www.camping-lagarenne.fr/;Traité
Camping Night&Day des Loisirs - Evron;Bd du Maréchal Juin 53600 Évron France;https://www.night-and-day.fr/camping/27-camping-des-loisirs;Traité
Camping Night&Day Tournefeuille;32 Rue des Lices 41200 Romorantin-Lanthenay France;https://www.night-and-day.fr/camping/5-camping-tournefeuille;Traité
Camping Océan vacances - Saint Georges de Didonne;63 All. des Bruyères 17110 Saint-Georges-de-Didonne France;https://www.oceanvacances.com/;Traité
Camping Odé Vras - 3 étoiles - Finistère Nord;Ode Vras 29430 Plounévez-Lochrist France;http://www.campingodevras.fr/;Traité
Camping Ohana :location chalets mobil homes et bungalows avec piscine(Rocamadour Lot Dordogne);156 Rte de Bouriette 46350 Reilhaguet France;http://www.camping-lot-bellevue.com/;Traité
Camping Ondres Océan Sandaya - Landes - 4 étoiles;2511 Av. de la Plage 40440 Ondres France;https://www.sandaya.fr/nos-campings/ondres-ocean?utm_campaign=cta_siteweb_OndresPlage&utm_medium=gbp&utm_source=google;Traité
Camping Orée de l’Océan;4 Rue du Cap de Mazenod 85220 Landevieille France;https://www.camping-oreedelocean.com/;Traité
Camping Outreval;ST JULIEN PR 2 OUTREVAL Outre-Val 19110 Sarroux - St Julien France;;
Camping Péneyrals Sandaya - Dordogne - 5 étoiles;616 Rte des Petits Etangs 24590 Saint-Crépin-et-Carlucet France;https://www.sandaya.fr/nos-campings/peneyrals?utm_campaign=cta_site_web_Peneyrals&utm_medium=gbp&utm_source=google;Traité
Camping pêche Dordogne | L'ETANG DE BAZANGE Sites et Paysages;1202 Rte de la cabane 24130 Monfaucon France;https://www.camping-bazange-dordogne.com/?utm_source=google&utm_medium=organic&utm_campaign=gmb;Traité
Camping Paradis À La Corniche;Chem. de la Platere 17690 Angoulins France;https://www.camping-la-rochelle-alacorniche.com/;Traité
Camping Paradis - Village De Vacances La Gineste - Mobilhome 4 personnes - Cottage Vue Lac;15150 Arnac France;https://www.holidu.de/d/55625633?ref_source=google_vr&utm_source=google_vr_eb;Traité
Camping Paradis Belle Dune | Berck-sur-Mer (62);202 Chem. des Anglais 62600 Berck France;https://www.camping-belledune.com/;Traité
Camping Paradis Domaine de Bellevue;1 Bellevue du Ligneron 85670 Saint-Christophe-du-Ligneron France;http://www.vendee-camping-bellevue.com/;Traité
Camping Paradis l'Europe Murol - Camping Auvergne;Jassat 63790 Murol France;https://www.camping-europe-murol.com/;Traité
Camping Paradis La Croix L'Abbé - Baie de Somme | Saint Valery sur Somme l Camping 4 étoiles;1 Pl. de la Croix l'Abbé 80230 Saint-Valery-sur-Somme France;https://www.campingdelacroixlabbe.fr/?utm_source=google&utm_medium=organic&utm_campaign=gbp;Traité
Camping Paradis La Grand' Métairie en Vendée | Saint Hilaire la Forêt;8 Rue de la Vineuse en Plaine 85440 Saint-Hilaire-la-Forêt France;https://www.la-grand-metairie.com/?utm_source=gmb&utm_medium=organic;Traité
Camping Paradis Le Rocher De La Granelle (Site Officiel) Dordogne Périgord Noir;Camping Paradis le Rocher de la Granelle Dordogne Périgord 1078 Rte de la Borie 24260 Le Bugue France;https://www.lagranelle.com/;Traité
Camping Paradis Le Royon Baie de Somme à Fort-Mahon Plage;1271 Rte de Quend 80120 Fort-Mahon-Plage France;https://www.campingleroyon.com/?utm_source=google&utm_medium=organic&utm_campaign=gbp;Traité
Camping paradis le viaduc;121 Av. de Millau Plage 12100 Millau France;https://www.camping-du-viaduc.com/;Traité
Camping Paradis Les Chanterelles 4 étoiles;710 Route de la Chaponnière 63550 Saint-Rémy-sur-Durolle France;https://camping-leschanterelles.com/;Traité
Camping Paradis les Rives de l'Hérault - Mobilhome 2 personnes - Premium Otello;34150 Gignac France;https://www.holidu.de/d/47897630?ref_source=google_vr&utm_source=google_vr_eb;Traité
Camping Paradis Soleil d'Oc;D332 Route de Gruissan 11100 Narbonne France;https://soleildoc.fr/?utm_source=google&utm_medium=organic&utm_campaign=gbp;Traité
Camping Paradis Utah Beach;La Madeleine 50480 Sainte-Marie-du-Mont France;https://www.camping-utahbeach.com/;Traité
Camping Parc de la Brenne;Camping Parc de la Brenne Domaine de Puylagorge 36370 36370 Lignac France;https://www.campingparcdelabrenne.com/;Traité
Camping Parc Les Goélands;Bétahon - Plages 33 Rue Mors Bras 56190 Ambon France;http://www.campinglesgoelands.com/;Traité
Camping Parc de la Dranse;823 Rte de la Dranse 74500 Publier France;http://www.parcdeladranse.com/;Traité
Camping Parc Mogador - Campasun - Camping Sanary sur Mer - Côte d'Azur;167 Chem. de Beaucours 83110 Sanary-sur-Mer France;https://www.campasun.eu/parc-mogador/le-camping/?utm_source=google&utm_medium=organic&utm_campaign=GMB;Traité
Camping Pascalounet;9 Rte de la Saulce 13500 Martigues France;https://www.camping-marseille.fr/;Traité
Camping Passus Lupi;110 Rue Jeanne Couret 31440 Saint-Béat-Lez France;https://www.passuslupi.fr/;Traité
Camping Pegomas | Pausado;Chem. de Pegomas 13210 Saint-Rémy-de-Provence France;https://pegomas.pausado.com/;Traité
Camping Penhoat Côté Plage;15 Rte du Grand Large 29170 Fouesnant France;https://www.camping-penhoat.com/;Traité
Camping Plage du Staedly;30 Rue de l'Étang 67480 Rœschwoog France;https://www.camping-paysrhenan.fr/FR/;Traité
Camping Plein Air des Chênes Sandaya - Montpellier - 4 étoiles;531 Av. Georges Frêche 34830 Clapiers France;https://www.sandaya.fr/nos-campings/plein-air-des-chenes?utm_campaign=cta_site_web_PleinAirDesChenes&utm_medium=gbp&utm_source=google;Traité
Camping Plijadur · APV · Morbihan · 4 Etoiles;94 Rue de Carnac 56470 La Trinité-sur-Mer France;https://www.camping-apv.com/atlantique/camping-sud-bretagne/camping-la-trinite-sur-mer/plijadur?utm_source=googlemybusiness&utm_medium=organic;Traité
Camping Polder Et Vacances;14 Rue Saint-Antoine 59122 Ghyvelde France;https://www.polder-vacances.com/;Traité
Camping Pont du Rouffet;Pont du Rouffet 10 route du Pont du Rouffet 15140 Saint-Martin-Cantalès France;https://www.campingpontdurouffet.fr/;Traité
Camping Port Manec'h Sandaya - Finistère Sud - 4 étoiles;10 Kercouliou Stang 29920 Névez France;https://www.sandaya.fr/nos-campings/port-manec-h?utm_source=google&utm_medium=gbp&utm_campaign=cta_siteweb_PortManech;Traité
Camping Porte de Provence dans un écrin de verdure;1715 Route de Marsanne 26270 Mirmande France;https://campingdromeprovence.com/?utm_source=google&utm_medium=organic&utm_campaign=gmb;Traité
Camping Porte des Alpilles | M.A DESTINATION GLAMPING;Camping Municipal porte des alpilles 2 Av. du Dr Barberin 13103 Saint-Étienne-du-Grès France;http://www.camping-porte-des-alpilles.com/;Traité
"Camping privé ""Le Maine Blanc"" (Rue autorisée au +3T5)";335 Maine Blanc 33920 Saint-Christoly-de-Blaye France;http://lemaineblanc.fr/;Traité
Camping Qualité le Val de Saures - Entraygues - au Bord du Lot;Camping le Val de Saures 15 chemin du camping 12140 Entraygues-sur-Truyère France;http://www.camping-valdesaures.com/;Traité
Camping Résidéa;18 Rte de Soullans 85270 Saint-Hilaire-de-Riez France;https://www.camping-residea.com/;Traité
Camping Résidentiel - L'Orée des Landes;259 Rte de Mimizan 40110 Onesse-Laharie France;http://www.loreedeslandes.com/;Traité
Camping résidentiel - Ma Campagne;71 Rte d'Uxem 59254 Ghyvelde France;http://www.residence-macampagne.fr/;Traité
Camping Riviera d'Azur Sandaya - Saint-Aygulf - 5 étoiles;189 Les Grands Châteaux De Villepey 83370 Saint-Aygulf France;https://www.sandaya.fr/nos-campings/riviera-d-azur?utm_source=google&utm_medium=gbp&utm_campaign=cta_siteweb_RivieraDazur;Traité
Camping Royal Océan;41 Rte de Royan 17200 Saint-Sulpice-de-Royan France;https://campingroyalocean.com/;Traité
Camping Ruisseau du Treil;100 Route de la Croix de Triel 46160 Larnagol France;https://www.lotcamping.com/;Traité
Camping Rural de la Chênaie;Quartier Les Batailles 26120 Ourches France;;
Camping Rural des Marronniers;La Bussiere Pleuville 16490 Pleuville France;http://www.campingruraldesmarronniers.fr/;Traité
Camping Saint Clair - Canal de Nantes à Brest - Velodyssee;12 Rue des Hauts du Port 44530 Guenrouet France;http://www.campingsaintclair.com/;Traité
Camping Saint Evroult;61550 Saint-Evroult-Notre-Dame-du-Bois France;http://st-evroult-nd-du-bois.fr/activites/camping-etang-des-saints-peres;Traité
CAMPING SAINT GABRIEL;Quartier Saint Gabriel Route de Fontvieille 13150 Tarascon France;http://www.campingsaintgabriel.com/;Traité
Camping Saint Grégoire - Vacances André Trigano;47 Rue Saint-Grégoire 50170 Servon France;https://vacances-andretrigano.com/camping/manche/saint-gregoire-servon;Traité
Camping Saint James Les Pins;962 Rte des Campings 05600 Guillestre France;http://www.lesaintjames.com/;Traité
Camping Saint Malo | Hébergements insolites en Bretagne;Les Dis 35114 Saint-Benoît-des-Ondes France;https://www.levillageinsolite.com/;Traité
Camping Sandaya La Nublière - Lac d'Annecy;30 All. de la Nublière 74210 Doussard France;https://www.sandaya.fr/nos-campings/la-nubliere?utm_campaign=cta_site_web_LaNubliere&utm_medium=gbp&utm_source=google;Traité
Camping Sandaya Le Château des Marais - Mobilhome 4 personnes - Cottage Relax - 2 chambres - 4 personnes;41500 Muides-sur-Loire France;;
Camping Sandaya Les Vagues - Vendres Plage - 4 étoiles;Chem. des Montilles 34350 Vendres France;https://www.sandaya.fr/nos-campings/les-vagues?utm_campaign=cta_site_web_LesVagues&utm_medium=gbp&utm_source=google;Traité
Camping Sandaya Séquoia Parc - Charente-Maritime - 5 étoiles;La Josephtrie 17320 Saint-Just-Luzac France;https://www.sandaya.fr/nos-campings/sequoia-parc?utm_campaign=cta_site_web_SequoiaParc&utm_medium=gbp&utm_source=google;Traité
Camping Sarthe La Sittelle ouvert à l'année;Pl. Hector Vincent 72540 Loué France;https://www.camping-la-sittelle.fr/;Traité
Camping Savoie | Les Bords du Guiers;640 Rte de la Glière 73240 Saint-Genix-les-Villages France;https://www.lesbordsduguiers.com/;Traité
Camping SEASONOVA de La Forêt - Sillé le Guillaume;Sillé Plage 72140 Sillé-le-Guillaume France;https://vacances-seasonova.com/fr/camping/camping-seasonova-de-la-foret/;Traité
Camping SEASONOVA l'Étang de la Vallée - Combreux;180 Rte de la Vallée 45530 Combreux France;https://vacances-seasonova.com/fr/camping/etang-de-la-vallee/;Traité
Camping SEASONOVA L'international du lac - Vesoul ***;Av. des Rives du Lac 70000 Vaivre-et-Montoille France;https://vacances-seasonova.com/fr/camping/vesoul/;Traité
Camping SEASONOVA Le Brabois - Villers-lès-Nancy;2301 Av. Paul Muller 54600 Villers-lès-Nancy France;https://vacances-seasonova.com/fr/camping/camping-le-brabois/;Traité
Camping SEASONOVA Les Plages De Loire - Rochefort sur Loire;Rte de Savennières D106 49190 Rochefort-sur-Loire France;http://www.camping-lesplagesdeloire.com/?utm_source=gmb;Traité
Camping SEASONOVA Val de Coise - Saint Galmier;Rte de la Thiéry 42330 Saint-Galmier France;https://vacances-seasonova.com/fr/camping/val-de-coise/;Traité
CAMPING SER SIRANT;569 Chem. du Lavoir 38119 Saint-Théoffrey France;https://www.campingsersirant.fr/;Traité
Camping Sisteron | Le Clot du Jay - Flower Campings | Clamensane | Alpes-de-Haute-Provence;4593 route du val de sasse 04250 Clamensane France;https://www.clotdujay.com/;Traité
Camping Sites & Paysages L'Orée de Provence;3375 Route du col d'Ey - ROMEGAS 26170 Buis-les-Baronnies France;http://www.loree-de-provence.com/;Traité
Camping Sites et Paysages - Camping de la Baie - Mobilhome 4 personnes - Premium 2 ch. - Terrasse couverte - 30 m2;80230 Pendé France;https://www.holidu.de/d/62727539?ref_source=google_vr&utm_source=google_vr_eb;Traité
Camping Sites et Paysages - Camping de la Baie - Mobilhome 6 personnes - Premium 3 ch. - Terrasse couverte - 35 m2;80230 Pendé France;;
Camping Sites et Paysages - La Pinède - Tente 4 personnes - LODGE - Sans sanitaires;11200 Lézignan-Corbières France;https://www.holidu.fr/d/48772462?ref_source=google_vr&utm_source=google_vr_eb;Traité
Camping Smile & Braudieres;30 route de Boisouge Lieu-dit les Braudières 72240 Mézières-sous-Lavardin France;http://www.campingsmileetbraudieres.com/;Traité
camping snac saint nizier le desert;178 Rte de la Nizière 01320 Saint-Nizier-le-Désert France;https://www.facebook.com/people/Camping-Saint-Nizier-le-desert/61560789551386/?sk=about&locale=fr_FR;Traité
Camping Sobieta;ferme Sobieta 455 Sobietako bidea 64470 Alçay-Alçabéhéty-Sunharette France;http://www.campingalaferme-sobieta.fr/;Traité
Camping Soleil levant - Ribes / Meschers sur Gironde;33 All. de la Longee 17132 Meschers-sur-Gironde France;https://www.camping-soleillevant.com/?utm_source=google&utm_medium=organic&utm_campaign=gbp;Traité
Camping Soulac Plage Sandaya - Soulac-sur-Mer - 4 étoiles;62 Pass. de la Negade 33780 Soulac-sur-Mer France;https://www.sandaya.fr/nos-campings/soulac-plage?utm_campaign=cta_site_web_SoulacPlage&utm_medium=gbp&utm_source=google;Traité
Camping Sous Les Étoiles;3 Pont du Richaldon 48160 Le Collet-de-Dèze France;;
Camping Sunêlia l'Hippocampe;7 Rue de la Durance 04290 Volonne France;http://www.l-hippocampe.com/;Traité
Camping Sunêlia La Clémentine - Cévennes;1313 La Baume 30480 Cendras France;https://www.camping-clementine.fr/;Traité
Camping Sunêlia La Source - Aveyron;Presqu'ile de 12600 Thérondels France;https://www.camping-la-source.com/;Traité
Camping Sunêlia Mazet Plage;Camping Mazet Plage 260 route du château 07460 Berrias-et-Casteljau France;https://www.camping-mazet-plage.com/?utm_source=gmb&utm_medium=organic;Traité
Camping Sunelia Le Séquoia - Vallée de La Dordogne;1620 Av. de Toulouse 46350 Payrac France;https://www.campinglesequoia.fr/fr/;Traité
Camping Terre d'Entente SAINT MARTIN DE LA PLACE proche de SAUMUR;Dsc de la Croix Rouge 49160 Gennes-Val-de-Loire France;https://terre-dentente.fr/;Traité
Camping Terre Rouge – Séjour insolite et nature en Aveyron;le verdier 17 Rte de Senepjac 12580 Villecomtal France;http://www.terre-rouge.fr/;Traité
Camping Tikayan La Pinatelle;269 Chem. de Saint-Alban 06850 Saint-Auban France;https://www.tikayan.com/fr/camping-la-pinatelle-accueil;Traité
Camping Tikayan La Prairie - Le Muy;Art de 114 Rte de Draguignan 83490 Le Muy France;https://www.camping-la-prairie.fr/;Traité
Camping Toulouse - Camping Lac de La Thésauque;384 Chem. de la Thésauque 31560 Montgeard France;https://www.campingthesauque.com/;Traité
Camping Tours Val de Loire - Onlycamp;61 Rue de Rochepinard 37550 Saint-Avertin France;https://campingtours.fr/;Traité
Camping Trois Châteaux;10 Rue du Bass. 68420 Eguisheim France;http://www.camping-eguisheim.fr/;Traité
Camping UR-ONEA vous souhaite la Bienvenue;489 Rue de la Chapelle 64210 Bidart France;https://www.uronea.com/;Traité
Camping USHUAÏA Villages Au Bois Joli;2 Rte de Villeprenoy 89480 Andryes France;https://www.campingauboisjoli.com/;Traité
Camping Ushuaïa Villages La Chesnays;8 Rte de Mayan 33930 Vendays-Montalivet France;http://www.camping-montalivet.fr/;Traité
Camping Ushuaïa Villages Le Parc de la Grève;5 Rue des Sables 85220 L'Aiguillon-sur-Vie France;https://www.leparcdelagreve.com/;Traité
Camping Ushuaïa Villages Les Chalets de Moulière;2 Rue des Ardentes 86210 Vouneuil-sur-Vienne France;http://www.camping-vienne.com/;Traité
Camping Ushuaïa Villages Les Fougères;841 Rue Charles de Gaulle 17940 Rivedoux-Plage France;http://www.lesfougeres-iledere.com/;Traité
Camping Ushuaïa Villages Les Myotis;21 bis Rte de Sisteron 05300 Val Buëch-Méouge France;http://www.camping-les-myotis.com/;Traité
Camping Vagues Océanes - Chataigneraie;Camping La Châtaigneraie 24370 Prats-de-Carlux France;https://www.camping-vagues-oceanes.com/camping-dordogne/la-chataigneraie.html;Traité
Camping Vagues Océanes - Hamacs;La Guirlande Lieu dit 11560 Fleury France;https://www.camping-vagues-oceanes.com/camping-aude/hamacs.html;Traité
Camping Vagues Océanes - Marina Landes;8 Rue Marina 40200 Mimizan France;https://www.camping-vagues-oceanes.com/camping-landes/marina-landes.html;Traité
Camping Vagues Océanes - Près de la Fontaine;11 Chem. de Bray aux Chaises 77114 Gouaix France;https://www.camping-vagues-oceanes.com/camping-seine-et-marne/pres-fontaine.html;Traité
Camping Val André Sandaya - Côtes-d'Armor - 4 étoiles;26 Rue Jean Lebrun 22370 Pléneuf-Val-André France;https://www.sandaya.fr/nos-campings/val-andre?utm_campaign=cta_site_web_ValAndre&utm_medium=gbp&utm_source=google;Traité
Camping Val de Flux;Rte de Lailly 45190 Beaugency France;https://camping-beaugency.fr/;Traité
Camping Val St Georges;St Georges de Luzençon 1 Rue du Larzac 12100 Millau France;https://valstgeorges.fr/;Traité
Camping VAL ST GEORGES Parc Résidentiel de Loisirs - Ouvert du 01 avril au 31 octobre;6 Av. Bernard Pottier 1 Rue du Larzac 12100 Saint-Georges-de-Luzençon France;https://valstgeorges.fr/;Traité
Camping Valras Lodges Méditerranée;Chem. des Montilles 34350 Vendres-Plage France;https://www.lodgesmediterranee.com/;Traité
Camping Vauban - Emplacements Résidentiels / Emplacements de passages camping-car;Av. Vauban 59380 Bergues France;https://campingvauban.ellohaweb.com/;Traité
Camping Vert Auxois : Camping au bord du Canal de Bourgogne avec piscine / Côte d'Or;15 Rue du Vert Auxois 21320 Pouilly-en-Auxois France;https://camping-vert-auxois.fr/;Traité
Camping Vert Auxois - Mobilhome 2 personnes - Lodge Charme 1 chambre - Nouveauté 2024;21320 Pouilly-en-Auxois France;https://www.holidu.fr/d/56154554?ref_source=google_vr&utm_source=google_vr_eb;Traité
Camping Vert Bord'Eau;2 Au Moulin de Lescroumpes 33113 Saint-Symphorien France;https://www.vertbordeau.com/;Traité
Camping Verte Rive - Onlycamp;Rte d'Arles sur Tech 66260 Saint-Laurent-de-Cerdans France;https://www.camping-saint-laurent-de-cerdans.fr/;Traité
Camping Vichy : Camping Beaurivage au bord de l'Allier en Auvergne;15 Rue Claude Decloitre 03700 Bellerive-sur-Allier France;http://www.camping-beaurivage.com/;Traité
Camping Village Club L'Evasion - Chalet 5 personnes - 2 chambres;46700 Puy-l'Évêque France;https://www.holidu.de/d/37851634?ref_source=google_vr&utm_source=google_vr_eb;Traité
Camping Village Club L'Evasion - Chalet 5 personnes - Chalet 5 personnes et +;46700 Puy-l'Évêque France;https://www.holidu.de/d/37917577?ref_source=google_vr&utm_source=google_vr_eb;Traité
Camping VueduLac;Les Champs Donjon 58250 Fours France;http://www.campingvuedulac.com/;Traité
Camping Yelloh! Village Ilbarritz Côte basque;1050 Av. de Biarritz 64210 Bidart France;https://www.camping-ilbarritz.com/?utm_source=google&utm_medium=organic&utm_campaign=MyBusiness;Traité
Camping Yelloh ! Village - Saint-Emilion;1000 route de Trimoulet 33330 Saint-Émilion France;https://www.camping-saint-emilion.com/fr/?utm_source=google_my_business&utm_medium=organic&utm_campaign=cta_site_web;Traité
Camping Yelloh ! Village Le Sérignan Plage;Camping Le Sérignan Plage 34410 SERIGNAN PLAGE France;http://www.leserignanplage.com/;Traité
Camping Yelloh Village La Bastiane;1056 Chem. des Suvières 83480 Puget-sur-Argens France;http://www.labastiane.com/?utm_source=gmb;Traité
Camping Yelloh Village La Grange de Monteillac;Monteillac 12310 Laissac-Sévérac l'Église France;https://www.aveyron-location.com/fr/?utm_source=google_my_business&utm_medium=organic&utm_campaign=cta_site_web;Traité
Camping Yelloh Village La Pomme de Pin - Saint Hilaire de Riez - Vendée;Les Mouettes 6 Av. des Becs 85270 Saint-Hilaire-de-Riez France;https://www.campingpommedepin.fr/;Traité
Camping Yelloh Village Le Domaine de Louvarel;805 route du camping 71480 Champagnat France;https://www.louvarel.com/fr/;Traité
Camping Yelloh Village Le Village Western;180 Chem. de Bécassine 33990 Hourtin France;https://www.yellohvillage-villagewestern.com/fr/;Traité
Camping Yelloh Village Mané Guernehué 5 étoiles Golfe du Morbihan;52 Rue Mané er Groez 56870 Baden France;https://www.camping-baden.com/;Traité
Camping Yelloh Village Nature et Rivière Gorges du Tarn;route de Millau 48210 Gorges du Tarn Causses France;http://camping-nature-riviere.com/fr/?utm_source=google_my_business&utm_medium=organic&utm_campaign=cta_site_web;Traité
Camping Yelloh Village Parc Sainte Brigitte - La Turballe;Chem. des Routes 44420 La Turballe France;https://www.yellohvillage.fr/camping/parc_sainte_brigitte;Traité
Camping Yukadi Villages Les Couleurs de la Coubre;2884 Rte de la Fouasse 17570 Les Mathes France;https://www.lescouleursdelacoubre.com/;Traité
CAMPING-CAR PARK;5 Le Gat 33230 Saint-Médard-de-Guizières France;https://www.campingcarpark.com/fr_FR/sejour/camping/nouvelle-aquitaine/33-gironde/saint-medard-de-guizieres;Traité
Campinus;Domaine J.j. Bousquet 150 Rte de la Bouverie 83480 Puget-sur-Argens France;http://www.campinus.fr/;Traité
Castel Camping Château de l'Epervière;6 Rue du Château 71240 Gigny-sur-Saône France;http://www.domaine-eperviere.com/;Traité
Castel Camping du Château de Poinsouze;Poinsouze 23600 Boussac-Bourg France;http://www.camping-de-poinsouze.com/;Traité
Castel Chalets / aire de camping cars;680 All. des Cigales 47700 Casteljaloux France;https://www.castel-chalets.fr/;Traité
"Centre de loisirs ""les Sapins"" Camping municipal 3*";14 Rue de la Paix 67260 Keskastel France;http://www.camping-keskastel.fr/fr/home/;Traité
Complexe Touristique du Soleil - Camping et Gîtes -;Rue des Érables 34370 Creissan France;https://complexetouristique-creissan.fr/;Traité
Domaine Camping InNature;7 Chem. du Lac 11190 Arques France;https://www.camping-innature.com/;Traité
Domaine de la Ville Huchet | Camping à Saint Malo;Rue de la Passagère 35400 Saint-Malo France;http://www.lavillehuchet.com/;Traité
Domaine De Litteau - Camping Siblu;Le Perron 14490 Litteau France;http://www.domainedelitteau.fr/;Traité
Domaine du Lac de Douzy (camping);Route de Mouzon 08140 Douzy France;http://douzy.com/;Traité
Domaine du Val de Tamié - Camping & Locatifs - Privatisation;SEYTHENEX 255 Route des Noyers 74210 Faverges-Seythenex France;https://www.valdetamie.com/;Traité
Domaine La Colombière - Camping et Résidence Les Cerisiers;166 Chem. Neuf 74160 Neydens France;https://www.camping-la-colombiere.com/fr/;Traité
Domaine La Résinière Camping Hourtin;100 Av. du Lac 33990 Hourtin France;https://www.camping-hourtin.com/?utm_source=gmb;Traité
Domaine Le Pra de Mars - Camping Auvergne Haute Loire;Pra de Mars Le Chambon de Vorey 43800 Vorey France;https://www.leprademars.com/;Traité
Domaine Naturiste de Riva Bella - Camping Corse (ouvert à l'année);5H42+X7 Rte de Riva Bella 20230 Linguizzetta France;https://www.naturisme-rivabella.com/?utm_source=google&utm_medium=organic&utm_campaign=GBP;Traité
Eco-camping De La Tiere;La Tierre 48400 Florac Trois Rivières France;https://www.camping-la-tiere.fr/;Traité
Eco-Camping des Buis**;La Basse Bouère 35330 Les Brulais France;https://www.vallonsenbretagne.fr/contacts/eco-camping-des-buis/;Traité
Eldapi Vacances - Camping La Ferme;20 Rue du Bourg 17570 Saint-Augustin-sur-Mer France;https://www.eldapi-vacances.fr/camping-la-ferme/;Traité
Emplacements de camping Terre Rouge;6km from Briancon Ruelle de Rle de Ste Luce 42 05100 Cervières France;https://terrerouge.jouwweb.nl/;Traité
Emplacement de camping car et tente en pleine nature;11300 Villarzel-du-Razès France;http://www.visitmongrenier.com/camping;Traité
Espace aquatique Hacienda - Camping Le Castellas;8HVM+3C 34200 Sète France;;
Europ' Camping;RD 918 64220 Ascarat France;http://www.europ-camping.com/;Traité
Ferme Les Therondels - Gîtes & Camping à la ferme;Avenue de Narbonne 34220 Saint-Pons-de-Thomières France;https://www.therondels.com/;Traité
Flower Camping | Camping de Rouffiac 3 étoiles;424 « Base de loisirs de Rouffiac » 24270 Angoisse France;https://camping-rouffiac.fr/fr/;Traité
Flower Camping du Lac Bourgogne du Sud;Lac Saint-Point Lamartine 71520 Saint-Point France;https://www.campingdulacbourgogne.com/;Traité
Flower Camping du Lac de la Seigneurie | Camping en Franche Comté dans les Vosges;Lieu-dit Seigneurie 90110 Leval France;https://camping-lac-seigneurie.com/;Traité
Flower Camping L'Île d'Offard;Rue de Verden 49400 Saumur France;https://www.saumur-camping.com/?ept-publisher=uska&ept-name=saumur-ile-d-offard;Traité
Flower Camping La Pinède à Die dans la Drôme;135 impasse du pont neuf 26150 Die France;https://www.camping-pinede.com/?utm_source=google&utm_medium=organic&utm_campaign=gmb;Traité
Flower Camping La Plage | Camping 3 étoiles | Corrèze - Treignac;LAC DES Les Bariousses 19260 Treignac France;https://www.camping-correze.com/?ept-publisher=uska&ept-name=treignac-la-plage;Traité
Flower Camping La Rivière | Camping Luberon en Provence;596 Les Côtes 04300 Saint-Maime France;https://camping-lariviere.com/;Traité
Flower Camping Le Bel Air;5 Rte de la Noue 17630 La Flotte France;https://www.bel-air-camping.com/?ept-publisher=uska&ept-name=ile-de-re-bel-air;Traité
Flower Camping Le Jardin De Sully (Ouvert à l’année);1 Rue d'Orléans 45600 Saint-Père-sur-Loire France;https://www.camping-bord-de-loire.com/;Traité
Flower Camping Le Kerleyou;15 Kerleyou 29100 Douarnenez France;https://www.camping-kerleyou.com/?ept-publisher=uska&ept-name=douarnenez-kerleyou;Traité
Flower Camping Le Platin - La Redoute;125 Av. Gustave Perreau 17940 Rivedoux-Plage France;https://camping-platinredoute.fr/?ept-publisher=uska&ept-name=re-platin-redoute;Traité
Flower Camping Le Val de la Marquise;Le Petit Moulin 544 Rte de Saint-Cyprien 24260 Campagne France;https://www.camping-dordogne-marquise.com/;Traité
Flower Camping Le Vieux Moulin;14 Rue des Moulins 22430 Erquy France;https://www.camping-le-vieux-moulin.fr/;Traité
Flower Camping Le Vorlen;78 Chem. de Kerambigorn 29170 Fouesnant France;https://www.camping-le-vorlen.fr/?ept-publisher=uska&ept-name=fouesnant-le-vorlen;Traité
Flower Camping Les Chênes Rouges - Argelès sur Mer;11 Rue Jean Jacques Roux 66740 Saint-Génis-des-Fontaines France;https://www.campingleschenesrouges.com/?utm_source=google&utm_medium=organic&utm_campaign=gmb;Traité
Flower Camping Les Mijeannes Ariège Tourisme Piscine/Parc Aquatique;Route de Ferriès 09120 Rieux-de-Pelleport France;http://www.camping-les-mijeannes.fr/;Traité
Flower Camping Les Ondines - Mobilhome 4 personnes - Confort 27m² 2 chambres + terrasse semi-couverte 18m² + TV + CLIM;46200 Souillac France;https://www.holidu.fr/d/48031451?ref_source=google_vr&utm_source=google_vr_eb;Traité
Flower Camping Les Ondines - Mobilhome 6 personnes - Standard 31m² 3 chambres dont terrasse semi-couverte 7m² + TV;46200 Souillac France;https://www.holidu.fr/d/36379321?ref_source=google_vr&utm_source=google_vr_eb;Traité
Flower Camping Moulin Des Iscles - piscine et restaurant de charme - camping entre saint tropez et Cannes - proche mer;690 CHEMIN DU MOULIN DES ISCLES 83520 Roquebrune-sur-Argens France;http://www.campingdesiscles.com/;Traité
Flower Camping Provence Vallée à Manosque;1138 Av. de la Repasse 04100 Manosque France;https://www.provence-vallee.fr/;Traité
Flower Camping Tamarins Plage;5756A Rte de la Couarde 17580 Le Bois-Plage-en-Ré France;https://www.camping-tamarins-plage.fr/?ept-publisher=uska&ept-name=ile-de-re-tamarins-plage;Traité
Fontaineblhostel Hostel & Camping (near Fontainebleau);14 Pl. de la République 77760 La Chapelle-la-Reine France;http://www.fontaineblhostel.com/;Traité
GÎTES ET CAMPING: Vacances à la ferme La Borie Basse;La Borie Basse 12800 Cabanès France;https://www.laboriebasse.com/;Traité
Gîte Chambres Camping Normandie Baie et Bocage;2 rue de l'olivet Chefdeville 14230 Osmanville France;https://gite-normandie-baie-bocage.com/;Traité
Gîtes & Camping de Penn ar Pont;Pont du Roi 29520 Châteauneuf-du-Faou France;http://www.pennarpont.com/;Traité
GAIA ECOLODGE –Glamping Camping Nature avec Étang de péche de 3 ha & Piscine à Douville prés de Bergerac;Les 3 freres 180 Rte des Bergeries Lieu dit 24140 Douville France;https://www.gaia-ecolodge.fr/;Traité
Gite-camping à la ferme Mas de Bordes;4 rue d'entre valls 66360 Thuès-Entre-Valls France;http://masdebordes.fr/;Traité
Green Village Sunêlia - Camping Arcachon;243 Rte des Lacs 33470 Gujan-Mestras France;https://www.camping-greenvillage.fr/fr/;Traité
Holiday Green - Camping Fréjus 5 étoiles -Yelloh! Village;1900 Route départementale 4 1900 D4 83600 Fréjus France;https://www.holidaygreen.com/fr?utm_source=google&utm_medium=organic&utm_campaign=GBP;Traité
KABANEKO - Camping insolite de pleine nature en limousin;Route de nouailhas 87130 La Croisille-sur-Briance France;http://camping-insolite.kabaneko.fr/;Traité
L'Anse des Pins · APV · Camping Ile d'Oleron · 4 étoiles;397 Chem. du Râteau 17190 Saint-Georges-d'Oléron France;https://www.camping-apv.com/atlantique/camping-ile-d-oleron/camping-saint-georges-d-oleron-domino/l-anse-des-pins?utm_source=googlemybusiness&utm_medium=organic;Traité
L'Orée du Bois camping;20 Rte des Chasseurs 40100 Dax France;https://www.campingdeloreedubois.fr/?utm_medium=referral&utm_source=gmb&utm_campaign=lnk-gmb;Traité
La Bucaille Gite ~ Camping;La Bucaille 50250 La Haye France;https://labucaille.com/;Traité
La Maison des Druides & camping Le Jardin des Druides;3 Le Bas Boulay 61320 Rouperroux France;https://www.lamaisondesdruides.com/;Traité
La Plage - Camping Siblu;9 Bd de l'Atlantique 40200 Mimizan France;https://www.camping-mimizan-plage.com/;Traité
La Pointe - Camping Siblu;Qur de la Pointe 40130 Capbreton France;https://www.camping-lapointe.com/;Traité
La Ribiere sud camping;Sud Camping 2 La Ribière 87230 Pageas France;http://www.la-ribiere-sud.com/;Traité
Lac Saint Georges Village Vacances & Camping;1 route de la seygouade 31350 Sarrecave France;https://www.lacsaintgeorges.com/;Traité
Le Camping de l'Arche;240 Route de Vogue 07200 Lanas France;http://camping-de-larche.fr/;Traité
Le Camping de l'Arche - Camping 5 étoiles à Anduze;Rte de Saint-Jean du Gard 30140 Anduze France;https://www.camping-arche.fr/;Traité
Le Camping de la Plage;RN 197 RN 197 20220 Algajola France;http://www.camping-de-la-plage-en-balagne.com/;Traité
Le Camping des 4 Saisons;Chem. du Saillet 64660 Asasp-Arros France;http://www.asasp-4saisons.com/;Traité
Le Camping Moto;764 route de Beaufort 26400 Montclar-sur-Gervanne France;http://www.lecampingmoto.net/;Traité
Le Château de Monfréville - Camping & Gites;Le Chateau de Monfreville 14230 Monfréville France;https://www.chateaumonfreville.com/;Traité
Le Clos du Pin - Campasun - Camping Grand Bornand;1222 Rte de la Vall. du Bouchet 74450 Le Grand-Bornand France;https://www.campasun.eu/clos-pin/le-camping/?utm_source=google&utm_medium=organic&utm_campaign=GMB;Traité
Le CosyCamp | Glamping et Cabane dans les Arbres | Camping Auvergne;Les Ribes 43800 Chamalières-sur-Loire France;https://www.cosycamp.com/?utm_source=google&utm_medium=organic&utm_campaign=GBP;Traité
Le Domaine de Soulac - Camping Siblu;8 All. Montaigne 33780 Soulac-sur-Mer France;http://www.ledomainedesoulac.fr/;Traité
Le Lagon de la Prée - Camping à Rochefort et Fouras;305 rue du Petit Loire 17450 Saint-Laurent-de-la-Prée France;https://www.lagondelapree.com/;Traité
Le Madriniacus camping pour randonneurs cyclistes ou pédestres;7 Rue de la Cure 21150 Marigny-le-Cahouët France;http://campingmadriniacus.over-blog.com/;Traité
Le Prado 63 camping accueil restaurant bio tisanes;Félines 63320 Tourzel-Ronzières France;https://frhotel.click/prado-camping-accueil-i9sdcl;Traité
Les Bois du Bardelet - Camping en Val de Loire - Camping Chateaux de la Loire;le petit bardelet 45500 Poilly-lez-Gien France;http://www.bardelet.com/;Traité
Les Cottages de Perpignan **** Camping maeva Escapades;3252 Av. de la Salanque 66000 Perpignan France;https://www.cottagesdeperpignan.com/;Traité
Les Embruns - Camping Siblu;Av. Edouard Branly 33950 Lège-Cap-Ferret France;https://camping-lesembruns.fr/;Traité
Les Sables du Midi / La Jasse - Camping Siblu;Chem. des Rompudes 34410 Sérignan France;https://www.siblu.fr/camping-les-sables-du-midi;Traité
Lubea Camping;1392 Chem. des Abayers 84400 Apt France;https://www.campinglubea.fr/;Traité
Maison de vacances Camping Le Clou - Lodge de Luxe;24220 Coux et Bigaroque-Mouzens France;https://www.hometogo.at/search/5460aec8dda96?id=3cc2100a0a90009cf14309257c6ed1a7@f@s&adword=gvf/AT/3cc2100a0a90009cf14309257c6ed1a7/ct=s/n-a/n-a/5460aec8dda96&utm_source=gvf&ghf_acc=gvf&gValidation=false;Traité
Maurienne Outdoor : Eco Camping et hébergement insolite;69 chemin des Artisans 73220 Saint-Georges-d'Hurtières France;https://maurienne-outdoor.com/eco-camping/;Traité
Medrose Camping;120 Impasse du Médiéval 07220 Saint-Thomé France;https://www.medrosecampingardeche.fr/#1;Traité
Mini camping- Gites- Dortoir/Slaapzaal Trouvé;2 Les Couteaux 63700 La Crouzille France;http://www.trouve.eu/;Traité
Minicamping Lomont;12 Imp. de la Vigne 70200 Lomont France;https://maisonlomont.nl/camping-maison/;Traité
Natuurcamping La Perche;Chateau la Perche 63700 Buxières-sous-Montaigut France;https://www.opnaarfrankrijk.nl/WordPress/natuurcamping/;Traité
Olydea Le Lambon - Camping et résidence aux pieds du lac du Lambon;3 route des Vacances 79370 Prailles-La Couarde France;https://www.olydea.com/residence/tourisme-deux-sevres;Traité
Piscine du Camping Les Dunes;50 Av. des Dunes 85470 Bretignolles-sur-Mer France;;
Plan d'eau du camping - Val de Durance;Rte du Camping 84160 Cadenet France;;
Résidence Andurans - Camping Les 3 Vallées;12 Av. des Pyrénées 65400 Argelès-Gazost France;https://www.camping3vallees.com/la-residence;Traité
Reine Mathilde: Camping;Route de Sainte Honorine Lieu dit le Marais 14400 Étréham France;https://www.camping-normandie-reinemathilde.com/;Traité
Rivière sous camping C4;07460 Berrias-et-Casteljau France;https://explo.fr/;Traité
Sarl Le Cattiaux Camping;Imp. de la Varenne 91720 Courdimanche-sur-Essonne France;http://www.camping-belesbat.com/;Traité
Städtischer Campingplatz;Camping Rue du Stade 43510 Le Bouchet-Saint-Nicolas France;;
Stade Camping;12 Rue du Petit Saint-Lazare 51210 Montmirail France;;
Syl-Vallée western Village camping hébergement insolite lot et Garonne;Rte de Birac 47250 Bouglon France;https://sylvalleewesternvillage.ellohaweb.com/;Traité
Ushuaïa Villages - Camping Les Cruses – Ribes Ardèche;210 Route du Gineste 07260 Ribes France;https://campinglescruses.com/;Traité
Vacances ULVF Camping O'aka;Hameau de Gamiac 46120 Leyme France;https://www.vacances-ulvf.com/o-aka/;Traité
Village Camping les Vignes;1945 Route de la Plage Le Méouré 46700 Puy-l'Évêque France;https://www.camping-lesvignes.fr/?utm_source=gmb;Traité
VILLAGE DE LOISIRS ET CAMPING LE LOMAGNOL;Av. du Lac 82500 Beaumont-de-Lomagne France;http://www.camping-tarn-et-garonne.com/;Traité
Village Nature Zen - camping bien-être en Sud Ardèche;365 Fontane 07110 Uzer France;https://www.village-nature-zen.com/;Traité
Village Vacances et Pêche - Camping Villiers Charlemagne;6 Rue des Sports 53170 Villiers-Charlemagne France;http://www.vacancesetpeche.fr/;Traité
VVF Camping Haute Corrèze aux Pays d'Eygurande Limousin;L'abeille 19340 Eygurande France;https://www.vvf.fr/article/choix-experience-vacances-vvf;Traité
VVF Camping Les Dunes Créances - Plage du Cotentin;832 Bd de la Mer 50710 Créances France;https://www.vvf.fr/destination/ete/camping-creances;Traité
Yelloh! Village - Ranc Davaine | Camping Ardèche;500 Chem. du Ranc Davaine 07120 Saint-Alban-Auriolles France;https://www.camping-ranc-davaine.fr/;Traité
Yelloh! Village Camping Le Pin Parasol - Vendée - 5 étoiles;6 Château Long 85220 La Chapelle-Hermier France;https://www.campingpinparasol.fr/?utm_source=google_my_business&utm_medium=organic&utm_campaign=cta_site_web;Traité
Yelloh! Village Domaine Berrua | Camping Bidart | Camping Pays Basque;570 Rue Berrua 64210 Bidart France;https://www.berrua.com/?utm_source=google&utm_medium=organic&utm_campaign=gbp;Traité
Yelloh! Village Domaine Les Carrelets de Soulac | Camping Soulac-sur-Mer | Camping Medoc;126 Rte des Lacs 33780 Soulac-sur-Mer France;https://www.domainelescarrelets.com/?utm_source=google&utm_medium=organic&utm_campaign=gbp;Traité
Yelloh Village Camping Fayolan;Chem. du Langard 39130 Clairvaux-les-Lacs France;https://camping-fayolan.fr/;Traité
ZEcamping;40 Rue de la Station 95130 Franconville France;https://www.ze-camping.fr/;Traité
ZEcamping 4 étoiles familial espace aquatique familial bien-être;47150 Salles France;;
ZEcamping 4 étoiles familial parc aquatique locatif 28m2;47150 Salles France;;
ZEcamping 4 étoiles familial pet friendly restaurant et espace aquatique;85300 Challans France;https://br.bluepillow.com/search/6949755d5c042e01bacc5cd8?dest=bkng&cat=House&lat=46.81959&lng=-1.88825&language=pt;Traité
ZEcamping 4 1km plage espace aquatique animations locatif BBQ clim;34300 Agde France;;
ZEcamping 5 étoiles 600m plage parc aquatique pet friendly sauna;85470 Brem-sur-Mer France;https://www.vrbo.com/pdp/lo/102187072?MDPCID=VRBO-META.HPA.WEB-ORGANIC.VR;Traité
Capocamping Les Terrasses Du Lac;La Souquette Route du Vibal 12290 Pont-de-Salars France;https://www.campinglesterrasses.com/;Traité
Camping Domaine Relais du Lac;8 rue du lac 12460 Saint-Symphorien-de-Thénières France;https://domainerelaisdulac-aveyron.com/;Traité
Camping grand bois;Fertôt 58470 Gimouille France;https://www.grand-bois.com/;Traité
Camping Le Pré des Moines;1 Rue du Pont de Saint-Leu 60270 Gouvieux France;https://www.camping-lepredesmoines.com/;Traité
Camping Paradis La Promenade;41 La Promenade 49570 Mauges-sur-Loire France;http://www.campinglapromenade.com/;Traité
Camping Les Rives de Mayenne;Av. du Président Kennedy 49460 Montreuil-Juigné France;http://www.camping-montreuil-juigne.com/;Traité
Camping Étang;603 Imp. du Dom. de l'Étang 49320 Brissac Loire Aubance France;https://www.campingetang.com/;Traité
Flower Camping du Port Caroline;Rue du Pont Caroline 49800 Loire-Authion France;https://www.campingduportcaroline.fr/;Traité
Camping Des Gorges de la Loire;73 Rue du Port 43110 Aurec-sur-Loire France;https://lesrivesdaurec.fr/hebergements-loire-groupe/camping-3-etoiles-gorges-de-la-loire/;Traité
Camping Huttopia Etang de Fouché;Fouché Rue du 8 Mai 1945 21230 Arnay-le-Duc France;https://europe.huttopia.com/site/etang-de-fouche/?utm_medium=organic&utm_source=gmb&utm_campaign=etang_de_fouche;Traité
Camping a la Ferme le Verger;4 Rte de Vitteaux 21350 Marcilly-et-Dracy France;https://www.bienvenue-a-la-ferme.com/bourgognefranchecomte/cote-d-or/marcilly-et-dracy/ferme/le-verger-camping-a-la-ferme/81650;Traité
Camping Le Relais des Hautes-Côtes;6 Imp. du Château d'Eau 21220 Chambœuf France;http://www.camping-chamboeuf.com/;Traité
Camping du Lac de Pont - Onlycamp;All. des Frênes 21140 Pont-et-Massène France;https://www.campingdulacdepont.fr/;Traité
Camping de Bourbon-Lancy - Onlycamp;11 Rue des Eurimants 71140 Bourbon-Lancy France;https://www.aquadis-loisirs.com/camping-nature/camping-de-bourbon-lancy;Traité
Camping Huttopia La Clarée;8 Route des Alberts 05100 Val-des-Prés France;https://europe.huttopia.com/site/camping-la-claree/?utm_medium=organic&utm_source=gmb&utm_campaign=la_claree;Traité
Flower Camping le Montana;05100 la vachette France;https://www.campinglemontana.fr/;Traité
Camping Du Pas Des Biches;75 Rue du Pass. des Biches 17520 Celles France;http://www.camping-du-pas-des-biches.com/;Traité
Camping Belle Rivière;65 Rue Aliénor d'Aquitaine 17610 Chaniers France;https://www.campingbelleriviere.fr/;Traité
Camping « Le Moulin de Bidounet »;Chem. du Moulin de Bidounet 82200 Moissac France;http://www.camping-moissac.com/;Traité
Les Bois de Prayssac Village Vacances & Camping;8 Rue Sœur Marguerite Meynen 46220 Prayssac France;http://www.village-vacances-lesboisdeprayssac.fr/;Traité
Camping Touristique de Gien;1 Rue des Iris 45500 Poilly-lez-Gien France;http://www.camping-gien.com/;Traité
Camping Du Moulin De Thoard;le vieux moulin 8 Le Planas 04380 Thoard France;http://www.lemoulindethoard.com/;Traité
Camping Douce Provence (Yelloh Village);255 Rte de Forcalquier 04300 Niozelles France;https://www.campingdouceprovence.com/fr/;Traité
Les Lauzons - Camping naturiste Provence;Les Bouires campagne de briasse 04300 Limans France;https://www.camping-lauzons.com/?utm_source=google&utm_medium=organic&utm_campaign=gmb;Traité
Camping le Merval;Merval 85450 Puyravault France;https://www.campinglemerval.fr/;Traité
Camping Le Beaulieu La Rochelle;3 Rue du Treuil Gras 17138 Puilboreau France;https://www.camping-la-rochelle.com/;Traité
Camping Paradis Au Port de l' Houmeau;4 Rue des Sartières 17137 L'Houmeau France;http://campingauport.com/;Traité
Camping Le Petit Booth;79 Rue nationale 85770 L'Île-d'Elle France;http://www.lepetitbooth.com/;Traité
Camping La Siesta;237 Rte de la Tranche sur Mer 85460 L'Aiguillon-la-Presqu'île France;https://www.camping-la-siesta.com/;Traité
Flower Camping Les Dunes;Av. du Dr Joussemet 85560 Longeville-sur-Mer France;https://www.camping-vendee-les-dunes.com/?ept-publisher=uska&ept-name=longeville-sur-mer-les-dunes;Traité
Camping de la Croix Saint-Martin VICHY;All. du Camping 03200 Abrest France;https://www.camping-vichy.com/;Traité
Camping Capfun - Ranch des Volcans;Rue de la Piscine 63140 Châtel-Guyon France;https://www.capfun.com/camping-france-auvergne-ranch_du_volcan-FR.html;Traité
Camping du Lac Kir;3 Bd Chanoine Kir 21000 Dijon France;http://www.camping-du-lac-dijon.com/;Traité
Camping Le Galier ***;3 Route du Galier 48120 Saint-Alban-sur-Limagnole France;https://campinglozere.net/;Traité
CHALETS DU LAC DE GANIVET (camping);Ganivet 48700 Lachamp-Ribennes France;http://www.chalets-lac-ganivet.com/;Traité
Flower Camping Du Gévaudan;2 bis Le Pré de France 48100 Marvejols France;https://camping-gevaudan.fr/;Traité
Camping Auvergne-Village Vacances Lac de Menet;18 route autour du lac 15400 Menet France;https://www.village-vacances-auvergne-lacdemenet.com/;Traité
Camping – La Résidence des Bois;Chemin de la Cuve 14130 Le Faulq France;http://www.campingdubrevedent.fr/;Traité
Camping Résidentiel Le Clos Tranquille;17 Rue de Troarn 14810 Gonneville-en-Auge France;https://www.campingleclostranquille.fr/;Traité
Camping de la Plage;59 Rue Henri Dobert 14510 Houlgate France;http://www.camping-houlgate.com/;Traité
Camping Bois et Marais;1001 La Butte Verte route de 14940 Touffréville France;http://camping-boisetmarais.com/;Traité
Camping du Lac de Saint-Pardoux;Granges Lavaud 87250 Saint-Pardoux-le-Lac France;https://www.camping-lac-saint-pardoux.fr/;Traité
Camping Municipal Le Soleil Levant;Le Bord du Lac 87400 Saint-Martin-Terressus France;https://st-martin-terressus.fr/camping-municipal/;Traité
Camping Homair - Domaine la Yole;Av. de la Méditerranée 34350 Vendres France;https://www.campinglayole.com/?utm_campaign=gmb_search&utm_medium=organic&utm_source=google;Traité
Camping Vagues Océanes - Manoir de Balkos;Chem. des Pêcheurs 34350 Valras-Plage France;https://www.camping-vagues-oceanes.com/camping-herault/manoir-de-balkos;Traité
Camping Les Mûriers - L'Ami Soleil;Route Départementale 37 34350 Vendres-plage France;https://lamisoleil.com/fr/village-de-vacances/vendres;Traité
Camping La Coronne;route du pègue 84600 Valréas France;http://lacoronne.fr/;Traité
Camping Le Matin Calme;5193 Perrerie 26220 Vesc France;https://campinglematincalme.com/;Traité
Camping Huttopia Dieulefit;220 chemin de saint Maurice 26220 Dieulefit France;https://europe.huttopia.com/site/dieulefit/?utm_medium=organic&utm_source=gmb&utm_campaign=dieulefit;Traité
Camping Les Rives de l'Aygues;142 chemin des rives l'aygues 26790 Tulette France;http://www.lesrivesdelaygues.com/;Traité
Forest View Camping & Chambre d'Hote;L'Espérance 61110 Rémalard en Perche France;http://www.forestviewfrance.com/;Traité
Camping du Perche;3 Rue de la Ferrière 28240 Fontaine-Simon France;https://www.campingperche.com/;Traité
Camping Monaco Parc;Rte de Monceaux 61290 Longny les Villages France;http://www.campingmonacoparc.com/;Traité
camping BELLEME- Camping du Perche Bellemois;12 Rue Famille Gaulin 61130 Bellême France;http://campingduperchebellemois.com/;Traité
Camping Château des Marais Sandaya;Rue de Chambord 41500 Muides-sur-Loire France;https://www.sandaya.fr/nos-campings/chateau-des-marais?utm_source=google&utm_medium=gbp&utm_campaign=cta_siteweb_ChateauDesMarais;Traité
Camping La Tour de France / Pays Cathare;43 Avenue du Général de Gaulle 66720 Latour-de-France France;http://www.camping-latourdefrance.fr/?utm_source=google&utm_medium=organic&utm_campaign=gmb;Traité
Camping Al Comu;Rte de Fourques 66300 Llauro France;http://www.camping-al-comu.com/;Traité
Camping au fil de la Volane;camping Au fil de la Volane 4 Chem. du Stade 07600 Vals-les-Bains France;https://www.campingaufildelavolane.com/;Traité
Camping Paradis Family les Issoux d'Ardèche;All. de Vals 07380 Lalevade-d'Ardèche France;http://www.sud-ardeche-camping.fr/;Traité
Camping L'estival;Le Village 07380 Fabras France;http://www.campinglestival.com/;Traité
Camping à l'ombre des sycomores;Chem. du Perdu 07380 Lalevade-d'Ardèche France;http://camping-ombredessycomores.com/;Traité
Camping Le Barutel en Ardèche;25 rue des Magnaneries Quartier Le Barutel 07380 Meyras France;https://www.camping-lebarutel.com/;Traité
CAMPING LES LAVANDES DARBRES;340 Violle 07170 Darbres France;http://www.les-lavandes-darbres.com/;Traité
Camping La Charderie;410 Quartier La Charderie 07380 Pont-de-Labeaume France;https://www.camping-lacharderie.com/?utm_source=google&utm_medium=gbp&utm_campaign=profil;Traité
Camping Paradis Bois Simonet;2771 Rte de valgorge 07260 Joyeuse France;https://camping-4-etoiles-ardeche.com/;Traité
Eco-camping Le Folastère;Intres 07190 Saint-Julien-du-Gua France;http://www.le-folastere.fr/;Traité
Camping de Toucy;12-34 Rue du Patis 89130 Toucy France;;
Camping Le Brévedent;241 Rte du Pin 14130 Le Brévedent France;http://www.campinglebrevedent.com/;Traité
Mer et Vacances Camping Resort & Spa;56 Av. de la Libération 14830 Langrune-sur-Mer France;https://www.meretvacances.fr/;Traité
Camping Clicochic - Village des Meuniers;344 Rue du Stade 71520 Dompierre-les-Ormes France;https://www.clicochic.com/camping-france-bourgogne-village_des_meuniers-FR.html;Traité
Camping Clicochic - Monts du Maconnais;Lieu-dit La Chaux 71520 Dompierre-les-Ormes France;https://www.clicochic.com/camping-france-bourgogne-village_des_meuniers-FR.html;Traité
Camping Les Bruyères;9 Rte de Gibles 71800 La Clayette France;http://www.campingbruyeres.com/;Traité
Camping Municipal Les Feuilles;18 Rue du Châtillon 71170 Chauffailles France;http://www.campinglesfeuilles.fr/;Traité
Camping municipal de l'Étang;Rue de l'Étang 35140 Saint-Aubin-du-Cormier France;https://www.saint-aubin-du-cormier.bzh/camping-municipal-de-letang/;Traité
Camping Les Rives Du Lac;Rue des Rouxières 35210 Châtillon-en-Vendelais France;https://www.campinglesrivesdulac.fr/;Traité
Camping Homair - Domaine du Logis;Domaine du logis 35190 La Chapelle-aux-Filtzméens France;https://www.camping-domainedulogis.com/;Traité
Camping Sur La Route Du Der en Champagne ***;D13 51290 Moncetz-l'Abbaye France;https://sur-la-route-du-der.fr/;Traité
Camping Yelloh! en Champagne - Yelloh Village;D384 52290 Éclaron-Braucourt-Sainte-Livière France;https://www.yellohvillage.fr/camping/yelloh_en_champagne?utm_source=google&utm_medium=organic&utm_campaign=MyBusiness;Traité
Camping Nature;13 Rue de l'Evangile 51300 Luxémont-et-Villotte France;https://www.camping-nature.net/;Traité
Camping du Val d'Ante;25 Rue de Champagne 51330 Givry-en-Argonne France;http://www.campingfrance.com/recherchez-votre-camping/champagne-ardenne/marne/givry-en-argonne/camp-municipal-val-d-ante;Traité
Flower Camping La Chênaie;56 Rue Henry Simon 76111 Yport France;https://www.camping-normandie-yport.com/?ept-publisher=uska&ept-name=yport-la-chenaie;Traité
Camping 3 étoiles Au Tylo Soleil;Lieu-dit Les Encontres 627 route des Encontres 04300 Dauphin France;https://autylosoleil.fr/;Traité
Camping Homair - Domaine de la Sainte Baume;Delvieux S 83860 Nans-les-Pins France;https://www.saintebaume.com/?utm_campaign=gmb_search&utm_medium=organic&utm_source=google;Traité
Camping Couleurs du Monde;1 Rdpt Montparnasse 41400 Faverolles-sur-Cher France;http://www.camping-couleurs-du-monde.com/;Traité
Domaine de Dugny - Camping Siblu;Dugny 41150 Veuzain-sur-Loire France;https://www.domaine-de-dugny.fr/;Traité
Camping Le Moulin Fort;Rue du Moulin Fort 37150 Francueil France;https://lemoulinfort.com/;Traité
Camping la Grande Tortue;3 Rte de Pontlevoy 41120 Candé-sur-Beuvron France;http://www.la-grande-tortue.com/;Traité
Camping Sites Et Paysages Les Saules;1 Les Saules 1 41700 Cheverny France;https://www.camping-cheverny.com/;Traité
Camping L'Heureux Hasard;La Petite Mesnerie 41700 Le Controis-en-Sologne France;http://www.lheureuxhasard.com/;Traité
Camping Huttopia Les Châteaux;113 impasse des guernazelles 41250 Bracieux France;https://europe.huttopia.com/site/camping-les-chateaux/?utm_medium=organic&utm_source=gmb&utm_campaign=les_chateaux;Traité
Camping Le Soleil Des Bastides dans le Tarn;279 Rte de Cordes 81140 Cahuzac-sur-Vère France;https://www.camping-le-soleil-des-bastides.fr/?utm_source=google&utm_medium=organic&utm_campaign=gmb;Traité
Camping de Rousieux;La Téoulière 81220 81220 Serviès France;http://www.camping81.com/;Traité
CAMPING LES MONTS D'ALBI;29 Rue du Baron Solignac 81120 Teillet France;https://camping-les-monts-d-albi.com/;Traité
Camping Le Val aux Fées - Brocéliande;5 Rue Renan le Cunff 56430 Concoret France;http://www.camping-fees.fr/;Traité
Camping Val de Landrouet;14 Rue du Gouede 22230 Merdrignac France;https://www.valdelandrouet.com/?utm_source=gmb;Traité
Camping Des Cerisiers;29 Brancillet 56800 Guillac France;https://www.camping-des-cerisiers.fr/;Traité
Camping Paris;2 All. du Bord de l'Eau 75016 Paris France;https://www.campingparis.fr/?utm_medium=organic&utm_source=gmb&utm_campaign=citykamp_paris;Traité
Camping Huttopia Versailles;31 Rue Berthelot 78000 Versailles France;https://europe.huttopia.com/site/camping-versailles/?utm_medium=organic&utm_source=gmb&utm_campaign=versailles;Traité
Camping Clicochic - Forge Sainte Marie;La Forge de Sainte Marie RD427 52230 Thonnance-les-Moulins France;https://www.clicochic.com/camping-france-champagne_ardenne-forge_sainte_marie-FR.html;Traité
CAMPING LE BOIS DES ROCHES;Chem. des Sablières 26790 Bouchet France;http://www.camping-provence-drome.com/;Traité
Flower Camping Le HautDick;30 Chem. du Grand Bas Pays 50500 Carentan-les-Marais France;https://www.camping-lehautdick.com/;Traité
Camping Capfun - Lodge;Le Bas Bohat Lieu Dit 56370 Sarzeau France;https://www.capfun.com/camping-france-bretagne-lodge-FR.html;Traité
Flower Camping Le Conleau;188 Av. Maréchal Juin Maréchal de France 56000 Vannes France;https://www.vannes-camping.com/?ept-publisher=uska&ept-name=vannes-le-conleau;Traité
Camping Fort Espagnol 4 étoiles - Romanée;Route du Fort Espagnol 56950 Crach France;https://www.fort-espagnol.com/?utm_source=google&utm_medium=local&utm_campaign=fiche_google;Traité
Camping Sandaya Moulin de l'Eclis;5 bis Rue de la Plage 44410 Assérac France;https://www.sandaya.fr/nos-campings/moulin-de-l-eclis?utm_campaign=cta_site_web_MoulinDeLEclis&utm_medium=gbp&utm_source=google;Traité
Camping Les Étangs du Moulin;Le Champ Fercot 02320 Cessières-Suzy France;https://www.etangsdumoulin.fr/;Traité
Camping L'Isle aux moulins;1 Allée de l'Isle aux Moulins 45150 Jargeau France;http://www.camping-jargeau.fr/;Traité
Camping Les Evoïches;01 Route de Flînes - Les Evoïches 59870 Marchiennes France;http://camping-evoiches-marchiennes-nord.fr/;Traité
Bellevues glamping and camping;15 À Bellevue 17210 Mérignac France;http://bellevuesglampingandcamping.com/;Traité
Camping du Mettey;Chem. du Camping 88120 Vagney France;http://www.campingdumettey.com/;Traité
Camping du Lac de la Moselotte;336 Rte des Amias 88290 Saulxures-sur-Moselotte France;http://www.lac-moselotte.fr/;Traité
Camping Huttopia Forêt des Vosges;2 Gademont 88640 Granges-Aumontzey France;https://europe.huttopia.com/site/foret-des-vosges/?utm_medium=organic&utm_source=gmb&utm_campaign=foret_des_vosges;Traité
Camping La Sténiole;1 b Le Haut Rain chemin du 88640 Granges-Aumontzey France;https://www.steniole.com/;Traité
Camping Domaine Des Messires;Rue des Messires 88600 Herpelmont France;http://www.domainedesmessires.com/;Traité
Camping L'hermitage;54 Rue du Boulot 88370 Plombières-les-Bains France;http://www.hermitage-camping.com/;Traité
Le Lac des Rêves - Camping Siblu;Rte de Pérols 34970 Lattes France;http://www.camping-lelacdesreves.fr/;Traité
Camping les lodges du lagon;210 Rte d'Aigues-Vives 30420 Calvisson France;https://www.leslodgesdulagon.com/;Traité
Camping du Val de Cère;2 Rue du Cansel 15800 Polminhac France;http://www.camping-polminhac.fr/;Traité
Camping Paradis La Gineste;La Gineste 15150 Arnac France;http://www.village-vacances-cantal.com/;Traité
Camping La Bédisse;3 Rue de la Bedisse 15800 Thiézac France;http://www.campinglabedisse.com/;Traité
Camping Cantal : La Pommeraie;Camping La Pommeraie 15800 Vic-sur-Cère France;https://www.camping-la-pommeraie.com/;Traité
Camping des Blats;Route de la Gare 15800 Saint-Jacques-des-Blats France;http://www.camping-des-blats.fr/;Traité
Camping Les Rives du Lac Cantalès;10 Rte de la Presqu'Île 15150 Saint-Gérons France;http://www.lesrivesdulac.fr/;Traité
Camping du Viaduc Cantal;12 rue du Viaduc 15290 Le Rouget-Pers France;https://www.camping-cantal.com/;Traité
Camping Sous Les Étoiles Normandie;2 Rue Slaugham 14350 Souleuvre en Bocage France;https://www.sous-les-etoiles.camp/;Traité
Camping La Serre;5 Chem. de la Serre 09600 Aigues-Vives France;https://www.camping-la-serre.com/;Traité
Camping La Régate;Avenue Montjean Route du Lac 09600 Léran France;http://www.campinglaregate.com/;Traité
Camping Ariège le Roc del Rey;Camping Le Roc Del Rey 09600 Belloc France;https://www.lerocdelrey.fr/;Traité
Camping des vignes;Hameau d'Engravies 09600 Dun France;https://damesaveurs.com/;Traité
Camping Yelloh! Village Le Pré Lombard;Av. de l'Ayroule 09400 Tarascon-sur-Ariège France;https://www.prelombard.com/;Traité
Chalets & Camping Villa Mayari;Rte de Saint-Michel 09100 Escosse France;http://www.villa-mayari.com/;Traité
Camping Le Fort Montbel;Le Fort 09600 Montbel France;https://www.campinglefortmontbel.com/;Traité
Camping Vallée de Beille;176 Barry d'en Bas 09310 Verdun France;http://www.campingvalleedebeille.com/;Traité
Camping la prairie;Route de Vicdessos 09400 Capoulet-et-Junac France;http://www.campingdelaprairie.com/;Traité
Camping Homair - Le Ried;1 Rue du Camping 67860 Boofzheim France;https://www.camping-ried.com/?utm_campaign=gmb_search&utm_medium=organic&utm_source=google;Traité
Camping Les Reflets du Val d'Argent;20 Rue d'Untergrombach 68160 Sainte-Marie-aux-Mines France;http://www.les-reflets.com/;Traité
Piscine Camping Capfun Duravel;2435 Rte de Vire 46700 Duravel France;;
Camping le Moulin de Julien;330 CHEMIN DE LA RATAYRIE CAMPING 81170 Livers-Cazelles France;http://campingmoulindejulien.com/;Traité
Camping Camp Redon;route de carmaux 375 81170 Livers-Cazelles France;http://www.campredon.com/;Traité
Camping Domaine les Clots;LD Les Clots 81190 Mirandol-Bourgnounac France;http://www.domainelesclots.com/;Traité
Camping la Prade;4649 route de Lagarde Viaur 81190 Montirat France;https://www.campinglaprade.com/;Traité
Camping Municipal la Cascade;Camping La Cascade allée de la cascade 89700 Tonnerre France;https://camping.ville-tonnerre.com/;Traité
Camping Dordogne 3 étoiles Au P'tit Bonheur;le 148 Chem. du Pech Saint-Martin 24370 Pechs-de-l'Espérance France;https://www.camping-auptitbonheur.com/;Traité
Camping & Gîtes du Lac du Causse;207 La Prairie 19600 Lissac-sur-Couze France;https://www.campingdulacducausse.com/?utm_source=google&utm_medium=seo&utm_campaign=google_my_business;Traité
Camping Le Temps de Vivre;345 Rte de Marmont 24590 Salignac-Eyvigues France;https://www.temps-de-vivre.com/?utm_source=google&utm_medium=organic&utm_campaign=gmb;Traité
Camping Village du Port - chez Sophie;58- 62 Rue de l'Occitanie 46200 Saint-Sozy France;http://www.village-du-port.com/;Traité
Resort & Camping du Val De Braye;25 Rue du Val de Braye 72310 Bessé-sur-Braye France;https://www.campingbraye.com/;Traité
Camping Jura Sous Doriat;34 Rue Marcel Hugon 39300 Monnet-la-Ville France;https://www.vacances-camping-jura-location.com/;Traité
CAMPING LE MONT JOLI BOIS;29 Rue de la Plage 76910 Criel-sur-Mer France;http://camping-lemontjolibois.com/;Traité
Camping de l'Hippodrome;5 Av. des Rives 06270 Villeneuve-Loubet France;http://camping-hippodrome.com/;Traité
Camping Le Colombier;35 Chem. de Sainte-Colombe 06800 Cagnes-sur-Mer France;http://www.campinglecolombier.com/;Traité
Camping Les Pinèdes - Sites & Paysages;1402 Rte du Pont de Pierre 06480 La Colle-sur-Loup France;https://www.lespinedes.com/;Traité
Camping Val Fleuri ATC Routes du Monde;139 Chem. du Vallon des Vaux 06800 Cagnes-sur-Mer France;https://www.atc-routesdumonde.com/camping-cagnes-sur-mer-06;Traité
Camping Parc des Maurettes;730 Av. du Dr Julien Lefebvre 06270 Villeneuve-Loubet France;https://www.parcdesmaurettes.com/;Traité
Camping Les Rives du Loup;Rte de la Colle 06140 Tourrettes-sur-Loup France;http://www.rivesduloup.com/;Traité
Camping La Vieille Ferme - Alpes-Maritimes;296 Bd des Groules 06270 Villeneuve-Loubet France;https://www.vieilleferme.com/;Traité
Notre Village Camping & Gîtes;11 Le Maury 36400 Néret France;https://www.notre-village.eu/;Traité
Camping Etang Merlin;Rte de Vicq Exemplet 18370 Châteaumeillant France;http://camping-etangmerlin.e-monsite.com/;Traité
Camping du Chateau de Leychoisier;1 Rte de Leychoisier 87270 Bonnac-la-Côte France;http://www.leychoisier.com/;Traité
Camping Le Val D'amour;1 Rue du Val d'Amour 39380 Ounans France;http://www.levaldamour.com/;Traité
Camping Huttopia La Plage Blanche;3 Rue de la Plage 39380 Ounans France;https://europe.huttopia.com/site/camping-la-plage-blanche/?utm_medium=organic&utm_source=gmb&utm_campaign=la_plage_blanche;Traité
Camping au coeur des vignes;5 Rte de la Piscine 39600 Arbois France;https://au-coeur-des-vignes.com/;Traité
Camping de Boÿse;20 Rue Georges Vallerey 39300 Champagnole France;http://www.camping-boyse.com/;Traité
Camping Domaine de l'Epinette;15 Rue de l'Épinette 39130 Châtillon France;https://www.domaine-epinette.com/fr/;Traité
Camping des Bords de Loue;Rue du Camping 39100 Parcey France;http://www.jura-camping.fr/;Traité
Camping-Chalets La Favière;10 La Favière 39150 Lac-des-Rouges-Truites France;https://campinglafaviere.fr/;Traité
Yelloh! Village Camping Bordeaux Lac;Bd Jacques Chaban-Delmas 33520 Bruges France;https://www.camping-bordeaux.com/fr/?utm_source=google_my_business&utm_medium=organic&utm_campaign=cta_site_web;Traité
Camping Maeva Bel Air - Proche Bordeaux;150 RD 671 33670 Sadirac France;http://camping-bel-air.com/;Traité
Camping du Vieux Château;Blabot-Bas 579 Route de Luneau 33420 Rauzan France;https://www.vieuxchateau.fr/;Traité
Camping Village Mont-Blanc l'Ecureuil;132 Rte de l'Arve 74190 Passy France;https://www.camping-ecureuil.com/;Traité
Camping Le Relais de la Vallée Blanche;390 Rte de Passy 74700 Sallanches France;https://www.campinglerelaisdelavalleeblanche.com/;Traité
Camping Fontenoy;11 Rte de Saint-Loup 88240 Fontenoy-le-Château France;https://www.facebook.com/CampingFontenoy;Traité
Camping La Halte de Mainville;18 Rue du Routy 02290 Ressons-le-Long France;http://www.lahaltedemainville.fr/;Traité
Camping les 2 Salamandres;Camping les 2 Salamandres 4 Bas Prézelle 17120 Arces France;http://www.campingles2salamandres.fr/;Traité
Camping Le Bellevue;220 Rte Verte 17120 Barzan France;https://campingbellevue17.com/;Traité
Camping Yukadi Village Le Logis;22 Rue des Palombes 17420 Saint-Palais-sur-Mer France;https://www.yukadivillages.com/le-logis/;Traité
Camping Port Maubert;8 Rue de Chassillac 17240 Saint-Fort-sur-Gironde France;http://www.campingportmaubert.com/;Traité
Camping Au Pré du Lac;25 route du 45 ème parallèle 38119 Saint-Théoffrey France;http://www.aupredulac.eu/;Traité
Camping du Sabot & Chalets à louer;Mnt du Sabot 38144 Notre-Dame-de-Vaulx France;https://www.notredamedevaulx.fr/;Traité
CAMPING DU MOULIN DE TULETTE;290 Rte du Moulin de Tulette 38760 Varces-Allières-et-Risset France;http://camping-moulindetulette.fr/;Traité
Camping des Chevrets;38 rue de La Guimorais 35350 Saint-Coulomb France;https://www.campingdeschevrets.fr/;Traité
Camping à la ferme de la Bréarde;La Brearde 35350 Saint-Coulomb France;;
Camping Duguesclin;Rue de Tannée 35350 Saint-Coulomb France;https://www.camping-duguesclin.com/;Traité
Camping de Tannée;1B Rue de Tannée 35350 Saint-Coulomb France;https://www.campingdetannee.fr/;Traité
Camping de l'Île Verte;42 Rue de l'Île Verte 35114 Saint-Benoît-des-Ondes France;http://www.campingdelileverte.com/;Traité
Camping Le Paquis;Rue du Pont 55270 Varennes-en-Argonne France;;
Camping Municipal*** de Vitré;2 All. de Saint-Etienne 35500 Vitré France;https://www.vitre.bzh/camping-municipal;Traité
Camping Manoir de Soeuvres;Soeuvres 35135 Chantepie France;https://dombvd.wixsite.com/lafermedesoeuvres;Traité
Camping Résidentiel le Paradis;Chp des Ardouins 33230 Abzac France;http://www.camping-residentiel-le-paradis.fr/;Traité
Sainte-Terre Camping Camp Municipal Bord Dordogne;Rte de la Plage 33350 Sainte-Terre France;https://sainteterre.fr/camping.html;Traité
Camping Le Chêne du Lac;lieu-dit châteauneuf 33230 Bayas France;https://camping-lechenedulac.com/;Traité
Camping de la Bastide;2 All. du Camping 33220 Pineuilh France;http://www.camping-bastide.com/;Traité
Camping Homair - Domaine de la Brèche;5 Imp. de la Brèche 49730 Varennes-sur-Loire France;https://www.domainedelabreche.com/?utm_campaign=gmb_search&utm_medium=organic&utm_source=google;Traité
Camping de La Grange au Maire;1 Imp. de la Grange au Maire 79190 La Chapelle-Pouilloux France;https://www.pitchup.com/fr/campsites/france/poitou-charentes/deux-sevres/la-chapelle-pouilloux/camping-de-la-grange-au-maire/;Traité
Camping Homair - Le Lac des Vieilles Forges;D40E 08500 Les Mazures France;https://www.camping-lac-des-vieilles-forges.com/?utm_campaign=gmb_search&utm_medium=organic&utm_source=google;Traité
Flower Camping La Samaritaine;3 All. des Étangs 08240 Buzancy France;http://www.camping-lasamaritaine.fr/;Traité
Camping à la ferme de la Croix-Villière;2 La Croix Villière 08130 Neuville-Day France;http://www.coutel.com/;Traité
Château camping la Grange Fort;Les Pradeaux 63500 Les Pradeaux France;http://www.lagrangefort.eu/;Traité
Camping Sauxillanges L'Eau Mère;Chem. des Prairies 63490 Sauxillanges France;https://www.camping-leaumere.fr/;Traité
Camping Le Pré - Onlycamp;3 Pl. Amouroux 63320 Montaigut-le-Blanc France;https://www.camping-montaigut-le-blanc.fr/;Traité
Camping Aux Rives du Lac;Rue du Fort Saint-Georges 10220 Géraudot France;https://www.campingauxrivesdulac.com/;Traité
Camping Le Lac d'Orient;17 Rue du Lac 10140 Mesnil-Saint-Père France;https://www.camping-lacdorient.com/?utm_source=google&utm_medium=organic&utm_campaign=gbp;Traité
LES TERRES ROUGES - camping Troyes - AUBE Grand Est;Avenue de Champagne CAMPING Les Terres Rouges 10390 Clérey France;http://www.les-terres-rouges.com/;Traité
Camping d'Artagnan;Camping d'artagnan 32290 Margouët-Meymes France;https://www.campingdartagnan.com/;Traité
Camping Les Résidences de La Becque Wahrem;791 Rue de l'Est 59380 Warhem France;http://www.residences-la-becque.com/;Traité
CAMPING Domaine du GROENE VELD;6 bis Voie Romaine 59470 Zegerscappel France;https://campinglegroeneveld.com/;Traité
Camping MIAMI PLAGE;123 Strada Di I Querci 20230 Poggio-Mezzana France;https://campingmiamiplage.com/;Traité
Camping Domaine d'Anghione;3731 Anghione 20213 Castellare-di-Casinca France;https://www.domainedanghione.com/?utm_campaign=gmb_search&utm_medium=organic&utm_source=google;Traité
Bonne Anse Plage - Camping Siblu;7 Rte du Phare de la Coubre 17570 Les Mathes France;http://www.bonneanseplage.fr/;Traité
Les Pierres Couchées - Camping Siblu;6R3X+8X 16 Av. des Pierres Couchées 44250 Saint-Brevin-les-Pins France;http://www.lespierrescouchees.fr/;Traité
Camping Sandaya Le Ranolien;Sémaphore de Ploumanac'h 60 Bd du Sémaphore 22700 Perros-Guirec France;https://www.sandaya.fr/nos-campings/le-ranolien?utm_campaign=cta_site_web_LeRanolien&utm_medium=gbp&utm_source=google;Traité
Camping Sandaya L'Orée du Bois;225 Rte de la Bouverie 17570 Les Mathes France;https://www.sandaya.fr/nos-campings/l-oree-du-bois?utm_campaign=cta_site_web_LOreeDuBois&utm_medium=gbp&utm_source=google;Traité
Domaine de Kerlann - Camping Siblu;50 Land Rosted 29930 Pont-Aven France;http://www.domainedekerlann.fr/;Traité
Le Bois Dormant - Camping Siblu;168 Rue des Sables 85160 Saint-Jean-de-Monts France;http://www.leboisdormant.fr/;Traité
Le Bois Masson - Camping Siblu;149 Rue des Sables 85160 Saint-Jean-de-Monts France;http://www.leboismasson.fr/;Traité
Les Charmettes - Camping Siblu;Av. de la Palmyre 17570 Les Mathes France;http://www.lescharmettes.fr/;Traité
Camping Le Mas de Reilhe;169 Chem. du Mas de Reilhe 30260 Crespian France;http://www.camping-mas-de-reilhe.fr/;Traité
Camping Mer et Camargue;271 Rte d'Aigues-Vives 30420 Calvisson France;https://www.campingmeretcamargue.fr/;Traité
Camping Domaine de Gajan;651 Rue de Pie Bouquet 34160 Boisseron France;http://www.campingdomainedegajan.com/;Traité
Camping L'Olivier;147 Chem. d'Aubais 30250 Junas France;http://www.campinglolivier.fr/;Traité
Camping Le pré Saint André;16 Rte d'Uzès 30250 Souvignargues France;http://www.lepresaintandre.com/;Traité
Camping associatif LCH La Haye de Gerville;501 Rue de Normandie 76280 Fongueusemare France;https://sites.google.com/view/lch-camping-adherents/accueil;Traité
Camping Le Marache Vacances;25 Rue Gambetta 33380 Biganos France;http://www.marachevacances.com/;Traité
La Réserve - Camping Siblu;1229 Av. Félix Ducournau 40160 Gastes France;http://www.camping-la-reserve.fr/;Traité
"Camping de la Dune ""Les Flots Bleus""";Rte d'Arcachon À Biscarrosse 33115 Pyla-sur-Mer France;http://www.campingdeladune.fr/;Traité
Les Viviers - Camping Siblu;1 Av. Léon Lesca 33950 Lège-Cap-Ferret France;https://www.lesviviers.com/;Traité
Camping Les Écureuils;1 Rue des Oyats 33740 Arès France;https://www.les-ecureuils.com/;Traité
Camping de Samba;2 Rue de Samba 33380 Mios France;https://www.campingdesamba.com/;Traité
Camping Rochecondrie;172 Rte du Teil 07220 Viviers France;https://campingrochecondrie.com/;Traité
Camping des Petites Roches - Onlycamp;Plateau-des 1 Chem. du Bec Margain 38660 Plateau-des-Petites-Roches France;https://camping-petites-roches.com/;Traité
Camping Municipal les Berges du Guiers;25 Rue du Guiers 38380 Saint-Laurent-du-Pont France;http://www.camping-chartreuse.com/;Traité
Camping L'Arc En Ciel ***;37 Chem. des Berges 38380 Entre-deux-Guiers France;https://www.camping-arc-en-ciel.com/;Traité
Camping Municipal et Village vacances du lac;9 Av. du Lac 31350 Boulogne-sur-Gesse France;https://campingvillagelelac.fr/;Traité
Camping Le Rural (camping bord de riviere);54 Le Boucoulan 65150 Tibiran-Jaunac France;http://www.camping-le-rural.com/;Traité
Camping Huttopia Pays des Bastides;Fauquie Haut 207 chemin des ormes 47210 Saint-Étienne-de-Villeréal France;https://europe.huttopia.com/site/pays-des-bastides/?utm_medium=organic&utm_source=gmb&utm_campaign=pays_des_bastides;Traité
Camping Le Petit Liou;Camping Sites & Paysages le Petit Liou 05200 Baratier France;https://www.camping-lepetitliou.com/fr;Traité
Camping Rioclar;Route de Barcelonnette 04340 Méolans-Revel France;https://rioclar.fr/;Traité
Camping Sunelia La Presqu'île - Embrun;32 chemin du Roustou Le Roustourias 05230 Prunières France;https://www.campinglapresquile.com/;Traité
Camping New Rabioux;Saint-James 05380 Châteauroux-les-Alpes France;https://www.camping-new-rabioux.fr/;Traité
Camping ** Le Clos Des Tourterelles;29 Rue des Rendillons 45300 Bouzonville-aux-Bois France;https://camping-closdestourterelles.fr/;Traité
Camping Night&Day du Bois Vert;14 Rue de Boisseau 79200 Le Tallud France;https://www.night-and-day.fr/camping/7-camping-le-bois-vert;Traité
Campings Les Alouettes et L'Image;130 Rue Brune 59116 Houplines France;https://www.camping-lille.fr/;Traité
Camping de l'Arquebuse;departementale 24 21130 Athée France;http://www.campingarquebuse.com/;Traité
Camping Le Bois Vieux;1 Bois Vieux 58260 Thianges France;http://www.leboisvieux.com/;Traité
Camping le Manoir de Bezolle;Le Bezolles 58110 Saint-Péreuse France;http://www.campingmanoirdebezolle.com/;Traité
Camping Homair - La Croix du Vieux Pont;8 Rue de la Fabrique 02290 Berny-Rivière France;https://www.la-croix-du-vieux-pont.com/?utm_campaign=gmb_search&utm_medium=organic&utm_source=google;Traité
CAMPING DE L'AIGRETTE;22 Rue de la Font Aubier 60350 Attichy France;https://www.campingdelaigrette.com/;Traité
Camping du Vivier aux Carpes;4 Rue Charles Voyeux 02790 Seraucourt-le-Grand France;http://www.camping-picardie.com/;Traité
Camping du Lac de Rebecques;121 Chem. des Etiais 62120 Saint-Augustin France;https://campinglacrebecques.wixsite.com/campinglacrebecques;Traité
Camping Beauséjour;Rue Michelet 62510 Arques France;http://www.camping-arques.fr/;Traité
Camping La Petite Forêt;16 Rue du Canal 62120 Aire-sur-la-Lys France;http://www.lapetiteforet.fr/;Traité
Camping La Chênaie;All. de la Chênaie 02000 Laon France;http://www.camping-aisne.fr/;Traité
Camping de la pointe;5 Rue de Moulins 02160 Bourg-et-Comin France;http://www.camping-aisne.com/;Traité
Camping Porte Des Vosges;ZA La Grande Tranchée Rte de Contrexeville 88140 Bulgnéville France;http://www.camping-portedesvosges.com/;Traité
Camping du Château;2 Les Chapes 88640 Granges-Aumontzey France;http://www.duchateauvosges.com/;Traité
Camping Pré Vologne;12 Rue du Pré Dixi 88640 Granges-Aumontzey France;https://www.campingprevologne.fr/;Traité
Camping Vosges Les Deux Pins;191 Rue Léonard de Vinci 88650 Anould France;http://camping-les-deux-pins-vosges.com/;Traité
Camping les Thézières - Onlycamp;166 Rte du Stade 74440 Taninges France;https://www.camping-taninges.fr/;Traité
Camping-Ferme Pédagogique de Prunay;Camping Ferme Pédagogique de Prunay 41150 Valloire-sur-Cisse France;https://prunay.fr/;Traité
Camping Les Nénuphars;765 Rue des Deux Tilleuls 76480 Roumare France;http://www.camping-les-nenuphars.com/;Traité
Camping chez l'habitant;137 Côte du Poteau 76940 Heurteauville France;https://www.homecamper.fr/land/25453;Traité
Camping de la Forêt - Jumièges;582 Rue Mainberte 76480 Jumièges France;http://www.campinglaforet.com/;Traité
Camping de la Seine;2699 Rte du Conihout 76480 Jumièges France;http://www.campingdelaseine.com/;Traité
Camping Domaine des Poteries;Rue des Poteries 59158 Flines-lès-Mortagne France;http://campingdespoteries.fr/;Traité
Camping Le Mont Des Bruyeres;806 Rue Basly 59230 Saint-Amand-les-Eaux France;http://www.campingmontdesbruyeres.com/;Traité
Camping de la Sensée;1Bis Rue Jean Baptiste Alphonse 59265 Aubigny-au-Bac France;http://www.camping-sensee.com/;Traité
Camping Mille Étoiles;4089 Mas de Serret route du 07150 Labastide-de-Virac France;http://www.campingmilletoiles.com/;Traité
Camping La Ferme des Epinettes;277 Rue des Epinettes 38460 Saint-Romain-de-Jalionas France;https://www.camping-cremieu.com/;Traité
Camping Les 3 Lacs du soleil;296 chemin du camping 38460 Trept France;http://www.les3lacsdusoleil.com/;Traité
Camping de la Vallée Bleue;290 Chamboud 38390 Montalieu-Vercieu France;http://www.camping-valleebleue.fr/;Traité
Camping Pyrénées L'Arriou;133 Rte des Cols 65710 Beaudéan France;https://www.arriou.com/;Traité
Camping en gites Le Tournesol;les mauralts 03390 Camping Le Tournesol France;http://www.letournesol.eu/;Traité
Camping Domaine La Charvière;9 La Charviere 03390 Saint-Priest-en-Murat France;https://www.lacharviere.nl/;Traité
Camping la Colline;Lieu dit la soubraud 03330 Chirat-l'Église France;http://www.campinglacolline.eu/;Traité
Eco Camping l alternatif;Rue du Moulin de Lyon 03380 Huriel France;http://ecocampinglalternatif-auvergne-insolite.com/;Traité
Camping Le Chanet;9 Rue du Chanet 25290 Ornans France;http://www.lechanet.com/;Traité
Camping Municipal Les Berges du Bramont;LES BERGES DU BRAMONT 48000 Saint-Bauzile France;https://campinglesbergesdubramont.jimdofree.com/;Traité
Camping Les Galets;48500 Banassac-Canilhac France;https://campinglesgalets48.com/;Traité
Camping à La Ferme Les Deux Vallées;15110 Fridefont France;http://www.deuxvallees.com/;Traité
Camping Le Val de Cesse;Lieu-dit La Garenne 11120 Mirepeisset France;https://campingvaldecesse.com/;Traité
Camping Les Auberges;6 Les Auberges 11120 Pouzols-Minervois France;http://campinglesauberges.com/;Traité
Camping Aude | Flower Camping de l'Olivigne;3 Chemin de Montouliers 11120 Bize-Minervois France;https://www.campingolivigne.fr/?utm_source=gmb&utm_medium=organic;Traité
Camping Domaine Le Vernis ***;Le Vernis 34210 Azillanet France;http://campingdomainelevernis.fr/;Traité
"Camping ""La Griole"" en Cerdagne";39 Rte de l'Andorre 66120 Targasonne France;https://lagriole.com/;Traité
Camping Las Clotes;6 Rue de Nalga 66120 Égat France;http://www.campinglasclotes-egat-fontromeu.fr/;Traité
Camping Huttopia Font-Romeu;Rte de Mont Louis 66120 Font-Romeu-Odeillo-Via France;https://europe.huttopia.com/site/camping-font-romeu/?utm_medium=organic&utm_source=gmb&utm_campaign=font_romeu;Traité
Camping Le Puigmal;30 Rte du Puigmal 66800 Err France;https://www.camping-le-puigmal.fr/;Traité
Camping LE PETIT CANADA (Les Bouillouses);RD 60 66210 La Llagonne France;https://www.camping-lepetitcanada.fr/;Traité
Camping Las Closas;1 Pl. Sant Genis 66800 Err France;http://www.camping-las-closas.com/;Traité
Camping Aux Rives du Soleil;Port de Fleurville 01190 Pont-de-Vaux France;https://www.rivesdusoleil.com/?utm_campaign=gmb-organic&utm_medium=gmb&utm_source=google;Traité
Camping de Matour - Onlycamp;2 Rue de la Piscine 71520 Matour France;https://www.terracamps.com/camping-nature/camping-de-matour;Traité
Rives de Condrieu - Camping Siblu;12 Chem. du Camping 69420 Condrieu France;https://www.rives-de-condrieu.fr/;Traité
Camping des Barolles;88 Av. Maréchal Foch 69230 Saint-Genis-Laval France;https://www.barolles.fr/;Traité
Camping Paradis Les Nobis d'Anjou;Rue Georges Girouy 49260 Montreuil-Bellay France;https://www.campinglesnobis.com/;Traité
Camping La Vallée des Vignes;2 route de Méat La Croix Patron Lieu-dit 49700 Doué-en-Anjou France;https://www.camping-la-vallee-des-vignes.com/;Traité
Camping Huttopia Saumur;1 Chem. de Chantepie 49400 Saumur France;https://europe.huttopia.com/site/camping-saumur/?utm_medium=organic&utm_source=gmb&utm_campaign=saumur;Traité
Camping Le Serpolin;2 Le Serpolin 49560 Cléré-sur-Layon France;http://www.campingleserpolin.org/;Traité
Camping Yelloh! Village Les Voiles d'Anjou;6 Rue Sainte-Baudruche 49350 Gennes-Val-de-Loire France;https://www.camping-voilesdanjou.com/?utm_source=google_my_business&utm_medium=organic&utm_campaign=cta_site_web;Traité
Camping les Rives d'Auzon;505 Route du Viaduc 07170 Lavilledieu France;https://camping-rivesdauzon.fr/;Traité
Camping et Lodges de Coucouzac;Camping et Lodges de Coucouzac 742 route de la vallée d'ibie quartier Cocusas 07150 Lagorce France;https://campingdecoucouzac.fr/;Traité
Camping Huttopia Sud Ardèche;145 Route D’Orgnac 07150 Vagnas France;https://europe.huttopia.com/site/sud-ardeche/?utm_medium=organic&utm_source=gmb&utm_campaign=sud_ardeche;Traité
Camping le Barralet;6 Chem. du Grès 30210 Collias France;http://www.barralet.fr/;Traité
Camping Paradis Bellerive;Face aux arènes A gauche du stade Cr Emile Antelme 30490 Montfrin France;http://www.campingbellerive.fr/;Traité
LODGES & NATURE Camping les 2 Rhône;151 Chem. de Bellegarde 84000 Avignon France;http://www.camping-avignon.fr/;Traité
Camping de la Grande Prade***;lieu dit 24120 La Cassagne France;http://www.campingdelagrandeprade.com/;Traité
Camping Le Soleil Fruité;480 Les Communaux 26300 Châteauneuf-sur-Isère France;https://www.lesoleilfruite.com/?utm_source=gmb&utm_medium=organic;Traité
Camping de la combe d oyans;15 Ch La Combe d'Oyans 26300 Rochefort-Samson France;http://lacombedoyans.com/;Traité
Camping la Cascade | Aveyron;Av. du Pont du Tarn 12490 Saint-Rome-de-Tarn France;https://camping-cascade-aveyron.com/;Traité
Camping Le Gallo Romain ****;1090 Rte du Col 26300 Barbières France;https://www.legalloromain.com/home/camping-proche-valence/;Traité
Camping Les Arbois;514 Les Arbois 71310 Montjay France;http://campinglesarbois.com/;Traité
Camping La Motte Flottante;Les Pons 05000 La Freissinouse France;http://www.lamotteflottante.com/;Traité
Camping Mon Repos;camping Mon Repos Le Candillon 400 m RD 937 A à 12 km D994 05400 Montmaur France;http://www.campingmonrepos.fr/;Traité
Camping Les Auches;les Auches 90 All. du Camping 05260 Ancelle France;https://www.lesauches.com/;Traité
Camping Alpes Dauphiné;Croisement N85 Rte de la Descente 05000 Gap France;http://www.alpesdauphine.com/;Traité
Camping Merendella;Camping Corse Merendella Moriani Plage 20230 San-Nicolao France;https://www.merendella.com/;Traité
Camping U Punticchiu;santa lucia di moriani 20230 Santa-Lucia France;;
Corsica Vacanze Promotion de Campings en Corse;Corsica Vacanze Agence de voyage Moriani Plage 20230 San-Nicolao France;https://promo-camping-corse.com/;Traité
Camping La Paille Haute;145 Rue de Sailly 62156 Boiry-Notre-Dame France;http://www.la-paille-haute.com/;Traité
Camping Municipal de Plouvain;Unnamed Road 62118 Plouvain France;https://plouvain.fr/camping-municipal;Traité
Camping Europe;Le Chambon Monceaux sur Dordogne 19400 Argentat-sur-Dordogne France;http://www.camping-europe-argentat.fr/;Traité
CAMPING LA BELLE ÉTOILE;2 bois Viel 19430 Reygade France;https://www.campingbelle-etoile.fr/;Traité
Camping Echo Du Malpas;Camping L'echo Du Malpas 19400 Monceaux-sur-Dordogne France;https://camping-echo-du-malpas.com/;Traité
Camping Le Vaurette****;1 Ldt Vaurette 19400 Monceaux-sur-Dordogne France;http://www.vaurette.com/;Traité
Camping Le Saulou;Lieu-dit Vergnolles 19400 Monceaux-sur-Dordogne France;https://camping-le-saulou.fr/;Traité
Camping municipal d'Argentat-sur-Dordogne;Limousin Route d'Egletons Le Longour 19400 Argentat-sur-Dordogne France;https://www.camping-municipal-le-longour.fr/;Traité
Camping Les Vernières La Bourboule;170 Av. Mal de Lattre de Tassigny 63150 La Bourboule France;https://camping-la-bourboule.fr/;Traité
Camping Les Clarines;1424 Av. Mal Leclerc 63150 La Bourboule France;https://www.camping-les-clarines.com/;Traité
Camping La Vallée;Chauderie Basse 63680 La Tour-d'Auvergne France;https://www.camping-la-vallee.fr/;Traité
Camping Puy de Dome - Camping La Chauderie;Rte de Besse 63680 La Tour-d'Auvergne France;https://www.la-chauderie.com/;Traité
Camping La Sauleraie (Camping Perron-Beauvineau);10200 Meurville France;http://www.vineyard.booking.champagne-perron-beauvineau.com/;Traité
Camping rural - Foyer Saint Martin;10 Rue du Buhl 67600 Ebersheim France;;
Camping de Lyon;6 All. du Camping international 69570 Dardilly France;https://www.camping-lyon.com/?utm_medium=organic&utm_source=gmb&utm_campaign=citykamp_lyon;Traité
Camping Municipal Sous Roche;Rue sous Roche 89200 Avallon France;http://www.campingsousroche.com/;Traité
Camping De La Ferme;89200 Avallon France;;
Camping le grun de Chignore;4 Les Plaines 63120 Vollore-Ville France;https://campingauvergne.fr/;Traité
camping d'étival;41 Rue de Trieuché 88480 Étival-Clairefontaine France;https://campingdetival.fr/;Traité
Camping Vosgina;1 Rue de la Cheville 88420 Moyenmoutier France;http://camping-vosgina.com/;Traité
Camping Huttopia Lac de Rillé;Lac de Rillé D49 37340 Rillé France;https://europe.huttopia.com/site/lac-de-rille/?utm_medium=organic&utm_source=gmb&utm_campaign=lac_de_rille;Traité
Camping du Pasquier;18 Rue Thévenot 39100 Dole France;http://www.camping-du-pasquier.com/;Traité
Camping 39700 Eclans-Nenon;17 Rte de Nenon 39700 Éclans-Nenon France;https://www.camping-residentiellesmarronniers.fr/;Traité
Camping La Falaise;Rue Charles Cazin 62224 Équihen-Plage France;http://www.camping-equihen-plage.fr/;Traité
Camping l'Escale;15 Rue nationale 62250 Wacquinghen France;http://www.escale-camping.fr/;Traité
Camping l'Île de la Ronde;Quai de la Ronde 03500 Saint-Pourçain-sur-Sioule France;https://ile-de-la-ronde.fr/;Traité
Camping La Courtine;7 Rue de Saint-Laurent 03500 Châtel-de-Neuvre France;https://www.camping-lacourtine.com/;Traité
Camping Deneuvre;Chem. du Stade 03500 Châtel-de-Neuvre France;https://www.campingdeneuvre.fr/;Traité
Camping Domaine d'Aucroix;33 Quai du Canal 25110 Baume-les-Dames France;https://www.domaine-aucroix.org/;Traité
Camping des Grands Cols;422 Av. du Mont Cenis 73300 Saint-Jean-de-Maurienne France;http://www.campingdesgrandscols.com/;Traité
LE CAMPING by LE MARINTAN;Rue de la Provalière 73140 Saint-Michel-de-Maurienne France;http://www.camping-maurienne.com/;Traité
Camping Le Village Vert;30 Les Pins 50470 Tollevast France;http://www.le-village-vert.fr/;Traité
Camping de Collignon;Rue des Algues 50110 Tourlaville France;http://camping-collignon.simdif.com/index.html;Traité
Camping de la Plage;2 Village Fréval D116 50840 Fermanville France;http://www.campingdelaplage-fermanville.com/;Traité
Camping Cotentin;Rue des Dauphins 50110 Cherbourg-en-Cotentin France;http://www.camping-cotentin.fr/;Traité
Camping de Santenay - Onlycamp;Av. des Sources 21590 Santenay France;https://www.terracamps.com/camping-nature/camping-de-santenay;Traité
Camping Le Pontillou;Chem. de la Gautherie 24140 Villamblard France;https://www.camping-lepontillou.com/;Traité
Camping et Gîtes De Beausejour;La Hisse 22100 Saint-Samson-sur-Rance France;http://www.beausejour-camping.com/;Traité
Camping Au Bocage du Lac 4 étoiles - Bretagne;16 Rue du Bocage 22270 Jugon-les-Lacs France;https://www.camping-location-bretagne.com/?utm_source=google&utm_medium=local&utm_campaign=fiche_google;Traité
Camping Le Vallon aux Merlettes;43 Rue Dr Jobert 22550 Matignon France;https://vallonauxmerlettes.com/;Traité
Camping des Pêcheurs;16 Beaulieu l'Etoile 22270 Saint-Rieul France;https://vacances-bretagne22.simdif.com/;Traité
Camping du Lac;RD562 quartier Domaine de la Chesnaie 83440 Montauroux France;https://www.campingdulac.fr/;Traité
Camping Le Domaine des Floralies;100 Chem. de l'Ancienne Gare 83440 Montauroux France;https://www.domainedesfloralies.fr/;Traité
Le Montourey - Camping Siblu;2399 Rue de Montourey 83600 Fréjus France;http://www.lemontourey.fr/;Traité
Camping Le Parc Des Monges;635 Chem. du Gabre 06810 Auribeau-sur-Siagne France;http://www.parcdesmonges.com/;Traité
Camping Clicochic - Lou Cantaïre;RD 562 83440 Fayence France;https://www.clicochic.com/camping-france-provence_alpes_cote_d_azur-lou_cantaire-FR.html;Traité
Camping de Nevers - Onlycamp;Rue de la Jonction 58000 Nevers France;https://www.terracamps.com/camping-nature/camping-de-nevers;Traité
Camping du Lac;Camping Du Lac 46130 Laval-de-Cère France;https://www.camping-du-lac-lot-dordogne.com/;Traité
Camping La Bourgnatelle;56 Al Port 46130 Bretenoux France;https://www.camping-lot-bretenoux.com/;Traité
Camping Les Trois Sources Maeva Escapades;2158 Route de Lamativie 46190 Sousceyrac-en-Quercy France;https://camping-les-trois-sources.fr/;Traité
Camping Les Chalets sur la Dordogne;152 rue du Bernadou Au Port lieu-dit 46130 Girac France;https://www.camping-chalet-sur-dordogne.com/;Traité
CAMPING DE LA SOLE;Champs de Bétaille 46130 Puybrun France;https://www.la-sole.com/?utm_source=google&utm_medium=organic&utm_campaign=gbp;Traité
Camping La Garrigue - Camping Lot 3 étoiles;327 Rte de Sarrouil 46130 Loubressac France;https://www.camping-lagarrigue.com/;Traité
Camping Crozon Sites & Paysages LE PANORAMIC;130 Rue de la Plage 29560 Telgruc-sur-Mer France;https://www.camping-panoramic.com/;Traité
Camping du Lac de Néguenou;Domaine du Lac de Néguenou 2980 route de Néguenou 47360 Prayssas France;http://www.lacdeneguenou.fr/;Traité
Camping Le Mouliat;407 Route des Menteurs 47600 Moncrabeau France;https://www.camping-le-mouliat.fr/;Traité
Camping Hameau de Lustrac;47140 Trentels France;http://campingdelustrac.jimdo.com/;Traité
Flower Camping Omaha Beach;Rue de la Hérode 14710 Vierville-sur-Mer France;https://www.campingomaha.fr/;Traité
Camping La Pinede;477 Chemin de Confoux 13250 Cornillon-Confoux France;http://www.campingpinede.fr/;Traité
Camping Marina Plage;All. David Guillermet 13127 Vitrolles France;http://marina-plage.com/;Traité
Camping La Vallée Heureuse | Pausado;Imp. de Lavau 13660 Orgon France;https://la-vallee-heureuse.pausado.com/;Traité
Camping*** La Ferme Riola;5309 Rte de Sclos 06390 Contes France;http://www.campinglafermeriola.com/;Traité
CAMPING DOMAINE SAINTE MADELEINE;3803 Rte du Moulinet 06380 Sospel France;https://www.camping-sainte-madeleine.com/fr/;Traité
Camping Les Templiers;La Bourgade 06450 Roquebillière France;https://campinglestempliers.fr/;Traité
Camping de Pougues les Eaux - Gaia vacances;119 Allée des Loisirs 58320 Pougues-les-Eaux France;https://www.gaia-vacances.fr/camping-de-pougues;Traité
Camping La Ferme des 4 chênes;101 Chem. de Paylan 64240 Urt France;http://fermedes4chenes.fr/;Traité
Les Oyats - Camping Siblu;Route de la plage des Casernes 40510 Seignosse France;https://www.campinglesoyats.fr/;Traité
Domaine du Cayre LANDES gîtes et camping;751 Rte des Chevreuils 40550 Saint-Michel-Escalus France;http://www.domaineducayre.com/;Traité
CAMPING Port Carrère;60 Rte de Houron 40300 Orist France;http://www.gites-port-carrere.com/;Traité
Camping de la Ferme des Saules;453 Rte du Mont-Noir 59270 Bailleul France;http://www.campingfermedessaules.com/;Traité
Camping La Sablière du Mont Noir;2810 Rte du Parc 59270 Saint-Jans-Cappel France;https://www.lasablieredumontnoir.com/;Traité
Camping des Hortensias;22 Rue Basse 80240 Vraignes-en-Vermandois France;http://campinghortensias.com/;Traité
Camping de la Source;6 Rue du Cimetière 80400 Voyennes France;https://www.camping-voyennes.fr/;Traité
Camping les Puits Tournants;6 Rue du Marais 80800 Sailly-le-Sec France;http://www.camping-puitstournants.com/;Traité
Camping Country Park - Touquin;Rte de la Couture 77131 Touquin France;https://www.countrypark.paris/;Traité
Camping de l'Orival;885 Rue d'Orival 76950 Les Grandes-Ventes France;https://www.camping-de-lorival-normandie.com/fr/;Traité
Camping Les Craouès;682 Rue du 8 Mai 1945 65130 Capvern France;https://www.camping-les-craoues.net/;Traité
Camping Huttopia Rambouillet;Rue du Château d'Eau 78120 Rambouillet France;https://europe.huttopia.com/site/camping-rambouillet/?utm_medium=organic&utm_source=gmb&utm_campaign=rambouillet;Traité
Camping Verbéla Village;1004 Chem. des Mules 13550 Noves France;https://www.camping-verbela-village.com/;Traité
Camping La Marana - Vacances André Trigano;3610 Rte des Marines de Borgo 20290 Borgo France;https://vacances-andretrigano.com/camping/camping-la-marana;Traité
Wellness Sport Camping Loudenvielle;9 Chem. de la Mainette 65510 Loudenvielle France;https://loudenvielle.wellness-sport-camping.com/;Traité
camping l'Orée du Lac;68 Rte du Barrage 42300 Villerest France;https://www.loreedulac.net/;Traité
Camping de la Maladière;île de la Maladière 70170 Port-sur-Saône France;;
Camping Saône Jolie;Gd Rue du Bourg 70360 Scey-sur-Saône-et-Saint-Albin France;http://www.scey-sur-saone.fr/index.php?IdPage=1464471349;Traité
Camping la Tuilerie;Unnamed Road 70160 Baulay France;https://baulay.fr/vie-communale/tourisme/hebergement/;Traité
Camping l'Esplanade;1 prairie de la riviere Rue du Pont 70190 Cromary France;http://campinglesplanade.com/;Traité
Camping Municipal La Louvière;70130 Soing-Cubry-Charentenay France;https://bookfr.click/camping-municipal-louvi-tjo8r8;Traité
Camping la Tuilerie;La Tuilerie 2ème Canton 70190 Boult France;;
Camping du Bois de Reveuge;D113 25680 Huanne-Montmartin France;http://www.campingduboisdereveuge.com/;Traité
Camping du Lac;1 Pl. des Loisirs 70190 Rioz France;http://camping.rioz.fr/;Traité
Camping Beausejour;61 Mnt de la Rippe 73410 Entrelacs France;http://www.campingbeausejour-albens.com/;Traité
Camping : Au Cœur des Monts;283 Montée de La Flachardière 69610 Les Halles France;https://www.campingaucoeurdesmonts.fr/;Traité
Camping DOMANIUM;2 Chem. du Planil 69510 Yzeron France;https://yzeron.domanium.fr/;Traité
Camping Du Sonnay;Rte du Sonnay 69210 Sourcieux-les-Mines France;;
Camping Le Paradis;Rte de Lesparre 33112 Saint-Laurent-Médoc France;http://leparadis-medoc.com/;Traité
LODGING LE LAC - Camping Lacanau Lac du Moutchic;30 Av. de la Plage 33680 Lacanau France;https://www.camping-lacanau.com/;Traité
Camping du Bois Joli **;9 Rue Haute Gaston Parant 55210 Saint-Maurice-sous-les-Côtes France;http://www.forest-campingbj.com/;Traité
camping de l'espérance en Meuse;3 chemin des pâchis 55220 Villers-sur-Meuse France;http://camping-esperance.wifeo.com/;Traité
Camping Au Mica (3 étoiles);1006 Rue d'Alsace 88430 Corcieux France;https://www.camping-au-mica.fr/;Traité
Camping Les Jardins de Biffontaine;823 Chem. de la Basse de Belmont 88430 Biffontaine France;http://www.jardinsbiffontaine.fr/;Traité
Camping les Tréxons;36 Les Trexons 88430 Gerbépal France;https://camping-lestrexons.com/;Traité
Camping de la tour;4 Rue James Wiese 88430 Corcieux France;;
Camping Les Collieures;1 Les Collieures 88430 Corcieux France;http://www.campinglescollieures.fr/;Traité
Camping Au Fil de L'Oô;37 Av. de Vénasque 31110 Bagnères-de-Luchon France;https://www.campingaufildeloo.com/;Traité
Camping Carcassonne | Le Moulin de Sainte-Anne;2 Chem. de Saint-Anne 11600 Villegly France;https://www.moulindesainteanne.com/;Traité
Camping du Lac Birotos;Chem. du Lac Birotos 11380 Pradelles-Cabardès France;https://www.birotos.com/;Traité
Camping Yelloh Village Domaine d'Arnauteille;Arnauteille 11250 Montclar France;http://www.camping-arnauteille.com/;Traité
Camping la Pinède;Rue des Rousillous 11200 Lézignan-Corbières France;http://www.campinglapinede.fr/;Traité
Camping de la Cité;Chemin Bernard Délicieux 11000 Carcassonne France;https://campingcitecarcassonne.com/;Traité
Camping Clicochic - Commanderie;6 Chem. de l'Église 11800 Rustiques France;https://www.clicochic.com/camping-france-languedoc_roussillon-la_commanderie-FR.html;Traité
Camping Domaine Beauséjour;1 chemin du grangeon 38390 La Balme-les-Grottes France;https://campingdomainebeausejour.fr/;Traité
Camping de Saint Just - Onlycamp;de Saint Just Le Bourg 15320 Val d'Arcomie France;https://www.camping-valdarcomie.fr/;Traité
Camping Sérendipité;4 Imp. Fontbielle 15260 Neuvéglise-sur-Truyère France;https://www.camping-serendipite.fr/;Traité
Camping de la Prade;en Pinatelle 19 Rte de Murat 15170 Neussargues en Pinatellle France;http://campinglapradeneussargues.jimdofree.com/;Traité
Camping Del Padel;6 Rue du Stade 38630 Les Avenières Veyrins-Thuellin France;http://www.campingdelpadel.fr/;Traité
Camping de l'Île de la Comtesse;25 Chem. de l'Île de la Comtesse 01300 Murs-et-Gélignieux France;https://www.ile-de-la-comtesse.com/;Traité
Camping le bord du lac;Hameau du Petit Bilieu 687 Rte du Bord du Lac 38850 Bilieu France;http://camping-leborddulac-bilieu.fr/;Traité
Camping Capfun - Temps Libre;580 Rte de Fond Rozier 38150 Bougé-Chambalud France;https://www.capfun.com/camping-france-rhone_alpes-temps_libre-FR.html;Traité
Camping Huttopia Pays de Condrieu;5900 Rte du Grand Bois 69420 Tupin-et-Semons France;https://europe.huttopia.com/site/pays-de-condrieu/?utm_medium=organic&utm_source=gmb&utm_campaign=pays_de_condrieu;Traité
Camping le Cottet (au cœur du Pilat);372 route de limonne 42520 Saint-Appolinard France;https://camping-le-cottet.fr/;Traité
Camping Le Bontemps - Ciela Village - Isère;5 Imp. du Bontemps 38150 Vernioz France;https://www.camping-lebontemps.fr/;Traité
Camping du Loc'Han;Le Minihy 22170 Plélo France;https://campingduloc-han.fr/;Traité
Camping Le Panoramic;6 Rue Gasselin 22520 Binic-Étables-sur-Mer France;http://www.lepanoramic.net/;Traité
Camping Bellevue Mer;46 Rue de Fonteneau 22120 Hillion France;http://www.bellevuemer.com/;Traité
Camping Village Nature d'O;Bon Abri 22120 Hillion France;https://village-naturedo.com/;Traité
Camping Les Tamaris;26 Rte du Vieux Brehec 22580 Plouha France;https://campingtamaris.com/;Traité
Camping Le Varquez;5 Rte de la Corniche 22580 Plouha France;https://www.camping-le-varquez.com/;Traité
Camping Bellevue Cotes d'Armor;68 Bd du Littoral 22410 Saint-Quay-Portrieux France;http://www.campingbellevue.net/;Traité
Camping Le Neptune;Ker Guistin 22580 Lanloup France;https://www.leneptune.com/?utm_source=google&utm_medium=organic&utm_campaign=gmb;Traité
Camping le Cap de Bréhat;Rte de Port Lazo 22470 Plouézec France;https://www.eden-villages.fr/campings/capdebrehat/;Traité
Camping des Vallées Flower;Chem. du Petit Pré 22000 Saint-Brieuc France;https://www.camping-desvallees.com/;Traité
Camping Domaine Du Launay;11 Rte de Toul ar Veing 22470 Plouézec France;http://www.domaine-du-launay.com/;Traité
Camping RCN Port l'Epine;10 Ven. Pors Garo 22660 Trélévern France;https://rcn.eu/rcn-port-l-epine?utm_source=gglePlusPlaces&utm_campaign=gglePlusPlaces&utm_medium=url&utm_content=PLE;Traité
Camping et gites Ferme de Kerloury Paimpol;2 Chem. du Père Marivin 22500 Paimpol France;http://www.lafermedekerloury.fr/;Traité
Camping Les Sables Blancs;17 Av. du Dorlett 29900 Concarneau France;http://camping-lessablesblancs.com/;Traité
Camping de Kérantérec;1 Route de St Laurent 29940 La Forêt-Fouesnant France;https://www.camping-keranterec.com/;Traité
VVF Camping Fouesnant les Glénan;Hent Land Gwen 29170 Fouesnant France;https://www.vvf.fr/destination/ete/camping-fouesnant;Traité
Camping Landes Vertes;144 Imp. du Village Vacances 40630 Sabres France;http://www.campinglandesvertes.com/;Traité
Camping familial les chalets d'Uza;1101 Rue de Saint Julien en Born 40170 Uza France;https://www.les-chaletsduza.fr/;Traité
Camping La Baie du Mont Saint Michel;1 La Mottaiserie 50220 Céaux France;http://www.camping-baiemontsaintmichel.com/;Traité
Camping Huttopia Baie du Mont St Michel;Voie de la Liberté 35120 Baguer-Pican France;https://europe.huttopia.com/site/camping-baie-du-mont-st-michel/?utm_medium=organic&utm_source=gmb&utm_campaign=bmsm;Traité
Camping SEASONOVA Haliotis;Rue Général Patton 50170 Pontorson France;https://vacances-seasonova.com/fr/camping/le-camping-haliotis/;Traité
Camping SEASONOVA Saint Michel - Courtils;35 route du Rue du Mont Saint-Michel 50220 Courtils France;https://vacances-seasonova.com/fr/camping/saint-michel/;Traité
Camping le Balcon de la Baie du Mont Saint Michel;3 Le Verger 35120 Saint-Marcan France;https://www.lebalcondelabaie.com/;Traité
Camping Capfun - Lac de Ribou;All. Léon Mandin 49300 Cholet France;https://www.capfun.com/camping-france-pays_de_la_loire-lac_de_ribou-FR.html;Traité
Camping LES HAUTES HERBES proche du Puy du Fou;1 Lieu dit les 4 Moulines 49710 LE LONGERON France;https://sites.google.com/view/campingleshautesherbes/accueil;Traité
Camping Paradis de la Motte | Camping Puy du Fou;14 Bis Rue de la Motte 85250 Vendrennes France;https://www.camping-vendee-lamotte.com/?utm_source=google&utm_medium=organic&utm_campaign=GBP;Traité
Camping rural Le Relais des Garennes;La Bauche Coiffee 44140 Montbert France;http://www.camping-lerelaisdesgarennes.com/;Traité
Camping La Vallée de Poupet;Poupet 85590 Saint-Malô-du-Bois France;http://www.valleedepoupet.com/;Traité
Camping des Îles;Rte de Villevallier 89330 Saint-Julien-du-Sault France;http://www.camping-yonne.fr/;Traité
Camping et Base de loisirs Les Etangs des Moines;100 Rue des Étangs 59610 Fourmies France;https://www.etangsdesmoines.fr/;Traité
Camping Municipal de Saint Martin en Haut;Rte du Camping 69850 Saint-Martin-en-Haut France;https://saint-martin-en-haut.fr/dynamique/le-tourisme/le-camping-municipal/;Traité
Camping Le Sagone;Route de Vico 20118 Vico France;http://www.camping-sagone.fr/;Traité
Camping LACASA;Lieu-dit D81 Pianottolo 20111 Calcatoggio France;http://www.lacasa-camping.com/;Traité
Camping A Marina;Golfe de la Liscia 20111 Calcatoggio France;http://www.camping-amarina.com/;Traité
Camping l'Acciola;D70 20126 Évisa France;http://www.acciola.com/;Traité
Yelloh! Village Camping Les Ramières;2235 Les Hermasses 26510 Sahune France;https://www.lesramieres.com/fr/?utm_source=google_my_business&utm_medium=organic&utm_campaign=cta_site_web;Traité
Camping Homair - Château de Fonrives;Route D'Issigeac 47210 Rives France;https://www.campingchateaufonrives.com/?utm_campaign=gmb_search&utm_medium=organic&utm_source=google;Traité
Camping de l’Estuaire;16 bis Rue Jean Boyer 35730 Pleurtuit France;http://www.pleurtuit.com/contacts/camping-de-lestuaire/;Traité
"Camping Municipal ""Le Rivage""";5 Rue de la Chevalerie 35870 Le Minihic-sur-Rance France;http://www.le-minihic-sur-rance.fr/camping-le-rivage-P14.html;Traité
Camping La Touesse;171 Rue de la ville Géhan 35800 Saint-Lunaire France;http://www.saint-malo-camping.com/;Traité
Camping La Tourelle;6 Rue la Tourelle 22150 Plémy France;http://www.campinglatourelle.com/;Traité
Camping Clicochic - La Forêt d'Azalée;La Petite Beauce 91530 Saint-Chéron France;https://www.clicochic.com/camping-essone/la-foret-dazalee;Traité
Vacance Normandie Camping and B&B;Les Rivières 14570 Saint-Rémy sur Orne France;http://vacancenormandie.com/;Traité
Camping Bellevue Erquy;Route de la libération 22430 Erquy France;https://www.campingbellevue.fr/;Traité
Camping Municipal Poix-de-Picardie;Route Forges les Eaux 80290 Poix-de-Picardie France;https://www.campingmunicipal-leboisdespecheurs.com/;Traité
Camping Le Clos Cacheleux;12 route de Rue de Bouillancourt 80132 Miannay France;https://www.camping-lecloscacheleux.fr/;Traité
Piscine du Camping municipal;19 Chem. du Bez 26410 Châtillon-en-Diois France;https://www.camping-chatillonendiois.com/accueil/la-piscine/;Traité
CAMPING L HERMITAGE DES 4 SAISONS;37 Rte de la Forêt 24310 Brantôme en Périgord France;http://gitehermitageperigord.fr/;Traité
Camping Les Tournesols de Beaulieu;9 Chem. du Combeau 03120 Saint-Prix France;http://www.camping-auvergne.nl/;Traité
Camping du Batut;1051 route de Gos 12480 Saint-Izaire France;http://www.campingdubatut.com/?utm_source=gmb;Traité
Camping des Baumes;Le Mas des Baumes 12250 France;http://www.camping-des-baumes.com/;Traité
Camping Homair - Paris Est;110 Bd des Alliés 94500 Champigny-sur-Marne France;https://www.campingchampigny.paris/?utm_campaign=gmb_search&utm_medium=organic&utm_source=google;Traité
Camping Paris Beau Village;1 Voie des Prés 91700 Villiers-sur-Orge France;https://campingaparis.com/camping-paris-beau-village-fr/;Traité
"camping 52 "" camping de la croisée""";52250 Flagey France;;
Camping du Lac de Villegusien;8 Rue du Bocage 52190 Villegusien-le-Lac France;http://campingdulac.org/;Traité
Camping Municipal;2 Rue de la Mouche 52200 Humes-Jorquenay France;https://www.tourisme-langres.com/nl/CAMPING-HUMES-01_camping-municipal-de-humes;Traité
Camping Kanopée Village Trévoux Ain;Rue Robert Baltie 01600 Trévoux France;https://www.kanopee-village.com/;Traité
Camping la Source;Rue de la Citadelle 66730 Sournia France;http://www.campinglasource.net/;Traité
Camping le Maurynate;D117 66460 Maury France;https://lemaurynate-campingdesoliviers.com/;Traité
Camping Les Rives du Lac;Chem. de las Serres 66180 Villeneuve-de-la-Raho France;https://www.villeneuvedelaraho.fr/le-village/camping/;Traité
Le Camping de Tautavel;9011 Rte d'Estagel 66720 Tautavel France;https://www.lecampingdetautavel.fr/;Traité
Camping et halte des pèlerins de Morlaas;Rue de la Bastide 64160 Morlaàs France;https://www.mairie-morlaas.fr/vivre-a-morlaas/tourisme/camping/;Traité
Camping Ushuaïa Villages du Sabot;813 Rte du Stade 43200 Saint-Maurice-de-Lignon France;http://www.campingdusabot.fr/;Traité
Camping l’Estela;7 Le Moulin de Savin 43150 Le Monastier-sur-Gazeille France;http://campingestela.fr/;Traité
Camping Les Murmures du Lignon;709 ROUTE DE La Levée des Frères 43190 Tence France;https://lesmurmuresdulignon.com/;Traité
Camping du pont de bourgogne Saint- Marcel;Camping du Pont de Bourgogne 12 Rue Julien Leneveu 71380 Saint-Marcel France;http://www.camping-chalon.com/;Traité
Camping Moulin de la Noue;337 Rue de Fresnes 60240 Senots France;http://www.camping-lemoulindelanoue.com/;Traité
Camping Huttopia Lac d'Aiguebelette;231 Rte du Sougey 73610 Saint-Alban-de-Montbel France;https://europe.huttopia.com/site/camping-lac-aiguebelette/?utm_medium=organic&utm_source=gmb&utm_campaign=lac_aiguebelette;Traité
Camping Ferrand - Onlycamp;La Thuillère 73610 Lépin-le-Lac France;http://camping-aiguebelette-ferrand.fr/;Traité
Camping Les Peupliers - Onlycamp;3011 Route d'Aiguebelette-le-Lac 73610 Lépin-le-Lac France;http://www.camping-lespeupliers.net/;Traité
Camping Le Hameau des Pêcheurs;801 Rte des Plages 73470 Novalaise France;https://hameaudespecheurs.fr/;Traité
Camping Le Mont Grêle;3319 Rte d'Aiguebelette 73610 Lépin-le-Lac France;https://www.camping-lemontgrele.com/;Traité
Camping des Chavannes ***;52 Chem. des Chavannes 73470 Novalaise France;http://www.camping-des-chavannes.com/;Traité
Camping de L'Arbaz - Lac D'Aiguebelette;1205 Rte des Plages 73470 Novalaise France;https://camping-aiguebelette-arbaz.com/;Traité
Camping Bellevue;Chem. de Lavy 73610 Saint-Alban-de-Montbel France;http://www.bellevuecamping.com/;Traité
Camping Le Grand Verney;1063 Rte du Neyret 73470 Novalaise France;http://www.camping-legrandverney.info/;Traité
Camping Paradis Les Amarines;D23 30630 Cornillon France;http://www.campinglesamarines.com/;Traité
Camping Le Nid Vert;35 Rue de Ballancourt 91590 Mondeville France;http://www.camping-lenidvert.fr/;Traité
Les Rives du Lac du Laouzas Chalets Camping;13 Rte de Rieumontagné 81320 Nages France;http://www.lesrivesdulac.com/;Traité
Camping Les Deux Ballons;17 Rue du Stade 88560 Saint-Maurice-sur-Moselle France;http://www.camping-deux-ballons.fr/;Traité
Camping Municipal LE CLOS DE CHAUME;36 Rue de la Chaume 88160 Le Thillot France;https://le-thillot.fr/structure-communale-le-camping-municipal/;Traité
Camping Municipal Benelux-Bâle;Rue de la Scierie 68121 Urbès France;https://camping-urbes.fr/;Traité
Camping des Tilleuls;Chem. des Tilleuls 57480 Sierck-les-Bains France;http://www.siercklesbains.fr/index.php/le-camping;Traité
Camping Municipal de Malling;19 Rue du Plan d'Eau 57480 Malling France;http://www.malling.fr/camping;Traité
Camping Du Cheylard Sur Eyrieux;275 Vialon 07160 Le Cheylard France;https://www.campingducheylard.com/;Traité
Camping de Retourtour;1 Rue de Retourtour 07270 Lamastre France;https://www.campingderetourtour.com/;Traité
Camping La Chazalet;Chazalet 07160 Belsentes France;http://www.camping-la-chazalet.com/;Traité
Camping Clicochic - Eyrieux;La Fereyre Chemin de 07360 Les Ollières-sur-Eyrieux France;https://www.clicochic.com/camping-france-rhone_alpes-eyrieux-FR.html;Traité
Camping Municipal La Virette;à 12 km de Grenoble 38700 Le Sappey-en-Chartreuse France;http://www.camping-gite-chartreuse.fr/;Traité
Camping Du Buisson;252 Chem. des Buissons 38410 Saint-Martin-d'Uriage France;http://camping-grenoble-alpes.fr/;Traité
Camping Parc de Montauban;Rue de Montauban 60350 Hautefontaine France;http://villageleserables.com/;Traité
Camping De La Trye;32 Rue de Trye 60510 Bresles France;http://www.camping-de-la-trye.com/;Traité
Camping du Château vert;221 Rue de Beauvais 60250 Hondainville France;https://www.domaineduchateauvert.fr/;Traité
CAMPING LE SAILLET;le saillet 64800 Lestelle-Bétharram France;https://www.camping-le-saillet.com/;Traité
Camping Les O Kiri;5 Av. du Lac 64800 Baudreix France;https://www.lesokiri.com/;Traité
Camping les 3 Cantons;Lieu Dit Les 3 Cantons 82140 Saint-Antonin-Noble-Val France;https://www.camping3cantons.com/;Traité
Domaine La Peiriere Camping et Restaurant;route de paziols 11350 Tuchan France;http://camping-la-peiriere.com/;Traité
Camping La Maison Seule;12 ROUTE DE MONTENDRE La Maison Seule 17500 Mortiers France;http://campingfrancelms.com/;Traité
Camping Domaine du Lac - camping 3 étoiles;Av. de Onda 17130 Montendre France;https://www.plein-air-locations.fr/campings/charente-maritime/domaine-du-lac;Traité
Camping Margot;Rue des Voituriers 17520 Archiac France;http://campingmargot.fr/;Traité
Camping Chez Gendron;Chez Jandron S 33820 St. Palais de Blaye France;https://www.chezgendron.com/;Traité
SARL gîtes et camping des acacias;10 Rte de Bourdenne 17240 Clion France;http://gitesetcampingdesacacias.com/;Traité
Camping Au Chêne Vert;Au Chêne Vert 6 Le Chêne Vert 17150 Saint-Bonnet-sur-Gironde France;https://www.camping-chene-vert.com/;Traité
Camping Les 3 Ours;28 Rue du Pont 39380 Montbarrey France;https://juracamping.fr/;Traité
Camping de Villey-le-Sec;34 Rue de la Gare 54840 Villey-le-Sec France;http://www.campingvilleylesec.fr/;Traité
"Accueil Camping ""La Tour Du Stock""";Étang du Stock 57400 Langatte France;https://www.langatte-tourisme.com/;Traité
Camping de la Falaise;1 Bd Belmont 44420 La Turballe France;http://www.camping-de-la-falaise.com/;Traité
Camping Homair - Les Chardons Bleus de la Turballe;Bd de la Grande Falaise 44420 La Turballe France;https://www.campingleschardonsbleus.com/?utm_campaign=gmb_search&utm_medium=organic&utm_source=google;Traité
Flower Camping Les Paludiers;Rue Appert 44740 Batz-sur-Mer France;https://www.camping-paludiers.com/?ept-publisher=uska&ept-name=batz-sur-mer-les-paludiers;Traité
CAMPING DE L ETANG DU PAYS BLANC;47 Rue des Chênes 44350 Guérande France;https://guerande-camping.com/;Traité
Camping Paradis L'île de Kernodet;19 Rte de la Turballe 44350 Saint-Molf France;https://camping-iledekernodet.com/?utm_source=google&utm_medium=organic&utm_campaign=gbp;Traité
Camping Municipal de Soissons;Av. du Mail 02200 Soissons France;https://www.soissons.fr/camping-municipal-de-soissons;Traité
Camping du Lac de la Terrasse;Lac de La Terrasse 1303 Rte du Lac 38660 La Terrasse France;https://www.le-gresivaudan.fr/416-camping-intercommunal-du-lac-de-la-terrasse.htm;Traité
Camping La Palatrière Serre Ponçon;201 route d'Orbanne 05160 Le Sauze-du-Lac France;https://www.lapalatriere.com/;Traité
Camping La Viste;273 Rte de Sainte-Catherine 05190 Rousset-Serre-Ponçon France;https://www.laviste.fr/;Traité
Camping Sites et Paysages De Penboch;9 Chem. de Penboch 56610 Arradon France;http://www.camping-penboch.fr/;Traité
Flower Camping Le Kerarno;52 Rte des Plages 56470 Saint-Philibert France;https://www.camping-kerarno.com/?ept-publisher=uska&ept-name=baie-de-quiberon-kerarno;Traité
Camping Le Cadran Solaire***;50 Rue de Benester 56370 Le Tour-du-Parc France;http://www.campingcadransolaire.fr/;Traité
Camping Le Petit Bois;73 Rue de l'Étang 56330 Camors France;https://www.lepetitbois-camping.bzh/;Traité
Camping l'Arada Parc - Tours en Indre-et-Loire;100 Rue de la Baratière 37360 Sonzay France;https://www.laradaparc.com/;Traité
Camping Caravaning et Camping car BeauSoleil;371 Cr du Général de Gaulle 33170 Gradignan France;http://www.camping-beausoleil-gradignan.fr/;Traité
Camping nature Au-delà des nuages;Arquejols 43340 Rauret France;https://www.campingaudeladesnuages.com/;Traité
Flower Camping La Rochelambert | Camping Auvergne;3 Via Bolena 43350 Saint-Paulien France;https://camping-rochelambert.com/;Traité
Camping Municipal d'Audinet;240 All. du Camping d'Audinet 43700 Brives-Charensac France;http://www.camping-audinet.fr/;Traité
Camping Rural Pastura;100 route du camping 43200 Saint-Jeures France;https://campingruralpastura.jimdofree.com/;Traité
Camping L'Escale Occitane;"La Pujade 2° 11' 14"" (E) 43° 15' 35"" (N 11170 Alzonne France";https://www.lescaleoccitane.com/;Traité
Camping Homair - Saint-Louis;2160 Av. de la République 06550 La Roquette-sur-Siagne France;https://www.campingsaintlouis.com/?utm_campaign=gmb_search&utm_medium=organic&utm_source=google;Traité
Camping Les Mimosas;421 Chem. de Cabrol 06580 Pégomas France;http://www.campinglesmimosas.fr/;Traité
Les Bungalows du Golfe - Camping Les Pruniers;118 Rte de la Pinéa 06210 Mandelieu-la-Napoule France;https://www.bungalows-camping.com/;Traité
Camping Les Cigales;505 Av. de la Mer 06210 Mandelieu-la-Napoule France;http://www.lescigales.com/;Traité
Camping Homair - Côté Mer;630 Bd du Bon Puits 06210 Mandelieu-la-Napoule France;https://www.campingcotemer.com/?utm_campaign=gmb_search&utm_medium=organic&utm_source=google;Traité
Camping Huttopia Divonne Les Bains;2465 Chemin de la Vie de l'Étraz 216 Le Fleutron 01220 Divonne-les-Bains France;https://europe.huttopia.com/site/camping-divonne-les-bains/?utm_medium=organic&utm_source=gmb&utm_campaign=divonne_les_bains;Traité
Odesia Vacances - Camping le Grand Lac;Chem. du Langard 39130 Clairvaux-les-Lacs France;https://www.odesia-vacances.com/camping-le-grand-lac-2/;Traité
Camping Jura La PETITE MONTAGNE Lac de Vouglans;54 Av. de Saint-Claude 39260 Moirans-en-Montagne France;https://www.campinglapetitemontagne.com/;Traité
Camping 2* Résidence La Rivière;25 Rue du Stade 85110 Sainte-Cécile France;https://campinglariviere-saintececile85.fr/;Traité
Camping Municipal;Rue Michel Servet 21500 Montbard France;https://www.montbard.com/index.php/tourisme/camping-municipal;Traité
Camping La Ferme du Lac;646 Route du Lac de Saint-André 73800 Porte-de-Savoie France;http://www.campinglafermedulac.fr/;Traité
Camping L' Aventure;1165 Route du la Rte de la Vall. des Huiles 73110 Presle France;http://www.campinglaventure.com/;Traité
Camping L'escale;133 rue de la gare 73800 Sainte-Hélène-du-Lac France;https://www.camping-savoie-escale.com/;Traité
Camping Clair Matin;20 Rue de Pommiers 38580 Allevard France;https://camping-clair-matin.com/;Traité
Camping résidentiel L'Envie d'Ailleurs;94 Chem. de la Coharde 38580 Le Haut-Bréda France;https://www.lenvie-dailleurs.fr/;Traité
Camping Le Haut Verdon;Camping Le Haut Verdon 04370 Villars-Colmars France;https://www.lehautverdon.com/;Traité
Camping de l'île Cherlieu;Rue de Châlons 10700 Arcis-sur-Aube France;;
Camping Les Sablons;130 Rte de Morsang 91250 Saintry-sur-Seine France;;
Camping municipal de Juillac;Le Grand Bayot 19350 Juillac France;http://www.juillac19.fr/tourisme-loisirs-culture/camping-municipal/;Traité
Le Ranch Camping et Glamping;1 Rue des Chalets 19470 Madranges France;http://leranch-camping.com/;Traité
Camping du Lac - Onlycamp;28 route du viaduc 19320 Marcillac-la-Croisille France;https://www.terracamps.com/camping-nature/camping-du-lac;Traité
Camping du Bois Coutal;141 Le Bois Coutal 19410 Vigeois France;http://www.camping-boiscoutal.com/;Traité
Aire Naturelle camping Et Gite D'etape De La Bontat;53 Côte de la Bontat 19130 Voutezac France;;
Camping du Manoir de Penn Ar Ster;2 chemin de penn ar ster 29940 La Forêt-Fouesnant France;http://www.camping-pennarster.com/;Traité
Camping Des Pins SARL;89 Rue des Écoles 59254 Ghyvelde France;http://www.aucampingdespins.fr/?utm_source=gmb;Traité
Camping Corrèze Aux Portes des Mille Sources;16 Rue des Trois Ponts 19170 Bugeat France;https://camping-en-correze.com/;Traité
VVF Camping Pays d'Eygurande;L'Abeille 19340 Pays d'Eygurande France;https://www.vvf.fr/destination/ete/camping-eygurande;Traité
Camping de l’île - Onlycamp;Île de Cosne 18300 Bannay France;https://www.terracamps.com/camping-nature/camping-de-l-ile;Traité
Camping & gîtes Champagne Manoir;2 Champagne 58420 Champallement France;https://champagnemanoir.com/;Traité
Camping de Saulieu - Onlycamp;Rte de Paris 21210 Saulieu France;https://www.terracamps.com/camping-nature/camping-de-saulieu;Traité
Camping Village;Camping de L Hermitage 77130 La Tombe France;https://campingvillage77.com/;Traité
Camping le Clos Auroy Flower Camping Auvergne;19 Rue de la Narse 63670 Orcet France;https://www.camping-le-clos-auroy.com/;Traité
Camping Huttopia Royat;Quartier l'Oclède Rte de Gravenoire 63130 Royat France;https://europe.huttopia.com/site/camping-royat/?utm_medium=organic&utm_source=gmb&utm_campaign=royat;Traité
Camping du Clérigo;Le Marais 56450 Theix-Noyalo France;http://www.vannescamping.com/;Traité
Camping Maisonneuve;Lieu dit Maisonneuve 24250 Castelnaud-la-Chapelle France;https://www.campingmaisonneuve.com/;Traité
Camping Les Cabanes du Tertre;35 Voie du Tertre 41700 Cour-Cheverny France;https://lescabanesdutertre.fr/;Traité
Camping Hautoreille;6 Rue du Boutonnier 52360 Bannes France;http://campinghautoreille.com/index.php/fr/;Traité
Camping de la Naute;Etang de la Naute 23190 Champagnat France;https://www.campingdelanaute.fr/;Traité
Camping Le Domaine du Bois Coquet;505 chemin des vacances LIEU DIT LAULURIE 24330 La Douze France;http://www.campingduboiscoquet.fr/;Traité
Camping Huttopia Lanmary - Périgord;RD69 24420 Antonne-et-Trigonant France;https://europe.huttopia.com/site/lanmary/?utm_medium=organic&utm_source=gmb&utm_campaign=lanmary;Traité
Camping du Manoire - Camping Dordogne Périgord Noir;367 Rte André Delage 24210 Fossemagne France;https://campingdumanoire.com/;Traité
Au bois de Calais - Camping correze;Rue René Cassin 19800 Corrèze France;http://www.auboisdecalais.com/;Traité
Camping Le Pré du Moulin;Voie du Poc 19150 Laguenne-sur-Avalouze France;http://www.lepredumoulin.com/;Traité
Camping du Lac de Viam;6 rue de la plage 19170 Viam France;http://www.camping-viam.fr/;Traité
Camping Pré des Pèlerins;Cors S 19260 Veix France;http://www.campingpredespelerins.nl/;Traité
Camping SEASONOVA du Lac de Bournazel - Seilhac;Seilhac le Lac 19700 Seilhac France;https://vacances-seasonova.com/fr/camping/bournazel/;Traité
Camping Le Petit Bois;22 route de St Privat 19320 Saint-Merd-de-Lapleau France;;
Camping Terre Ferme;386 Chem. des Baisses 71480 Condal France;http://www.campingterreferme.fr/;Traité
Camping La Grange du Pin;330 Chem. de la Grange du Pin 01370 Val-Revermont France;http://www.campinglagrangedupin.fr/;Traité
Camping Huttopia Beaulieu sur Dordogne;Bd Rodolphe de Turenne 19120 Beaulieu-sur-Dordogne France;https://europe.huttopia.com/site/camping-beaulieu-sur-dordogne/?utm_medium=organic&utm_source=gmb&utm_campaign=beaulieu_sur_dorgogne;Traité
Camping les Pinasses;215 Rte de Bruyères 88600 La Chapelle-devant-Bruyères France;https://www.camping-les-pinasses.com/;Traité
Camping Val Vert en Berry;La Vicairerie- Route de Briantes Vavre 36400 La Châtre France;http://www.campingvalvertenberry.com/;Traité
Camping Le Nice - Campotel de l'Orb;Rue du Temps libre 34460 Roquebrun France;http://www.camping-lenice.com/;Traité
Camping résidentiel la Pinède;Départementale 161 Route de Pomerols 34120 Castelnau-de-Guers France;https://www.residence-lapinede.com/;Traité
Camping Les Berges du Canal;Prom. des Vernets 34420 Villeneuve-lès-Béziers France;https://www.campinglesbergesducanal.com/;Traité
Camping L'Oliveraie;1600 Chem. de Bédarieux 34480 Laurens France;http://www.oliveraie.com/;Traité
Camping Vagues Océanes - Îles;42 rue des Frères Delaby 50510 Hudimesnil France;https://www.camping-vagues-oceanes.com/camping-manche/les-iles.html;Traité
O2 Camping;Lieu dit 50290 Longueville France;http://www.o2camping.fr/;Traité
Camping Les Gorges du Chambon - Ciela Village;861 rue de la tardoire 16220 Eymouthiers France;https://www.camping-gorges-chambon.fr/;Traité
Camping Domaine de la Dombes;941 Chem. de Verfey 01240 Saint-Paul-de-Varax France;https://domainedeladombes.com/;Traité
Camping Paradis Les Gorges du Haut Bugey;734 Rue du Lac 01580 Matafelon-Granges France;https://camping-lesgorgesduhautbugey.fr/?utm_source=google&utm_medium=organic&utm_campaign=gbp;Traité
Camping D'hurongues;805 Chemin d'HuronguesPOMEYS 69590 Pomeys France;http://www.camping-hurongues.com/;Traité
Camping de Montreal;Rue du Petit Moulin 87380 Saint-Germain-les-Belles France;http://www.campingdemontreal.com/fr;Traité
Camping LES VOILES DE LAIVES;2 rue des lacs 71240 Laives France;https://lesvoilesdelaives.com/;Traité
Camping de Tournus;14 Rue des Canes 71700 Tournus France;http://www.camping-tournus.com/;Traité
Camping Le Moulin du Luech en Cévennes;29 Le Martinet 30160 Peyremale France;http://www.campingcevennes-atypique.com/;Traité
Camping Capfun - Le Fréjus;3 401 Rue des Combattants d'Afrique du N 83600 Fréjus France;https://www.capfun.com/camping-france--frejus-FR.html;Traité
Camping Site de Gorge Vent;654 Av. Général Norbert Riera 83600 Fréjus France;http://www.camping-gorge-vent.com/;Traité
Camping Santa Lucia - Vacances André Trigano;650 Av. des Magnolias 83700 Saint-Raphaël France;https://vacances-andretrigano.com/camping/var/santa-lucia-saint-raphael;Traité
Camping Les Ripettes;283 Rte des Ripettes 01190 Chavannes-sur-Reyssouze France;http://www.les-ripettes.fr/;Traité
Camping de la Vallee de l’Aube;Soulon 52160 Rouvres-sur-Aube France;https://www.camping-rouvres.fr/;Traité
Camping Château De Bouafles;2 Rue de Mousseaux 27700 Bouafles France;http://www.chateaudebouafles.com/;Traité
Camping Normandie | Flower Camping les trois rois;Flower Camping de l'Ile des Trois Rois*** 01 Rue Gilles Nicolle 27700 Les Andelys France;https://www.camping-troisrois.com/;Traité
Camping Eure | Les Iles Parc de Loisirs;1 les petites iles Chem. du Roy 27540 Ivry-la-Bataille France;https://www.les-iles-parc-de-loisirs.fr/;Traité
Camping Les Escales;240 Rte de la Haye Malherbe 27400 Louviers France;https://campinglesescales.fr/;Traité
Camping LAS PLANES;117 Av. du Vallespir 66740 Laroque-des-Albères France;https://campinglasplanes.fr/;Traité
Camping Les Albères;route moulin de cassagnes 24 Rte du Moulin Cassanyes 66740 Laroque-des-Albères France;http://www.camping-des-alberes.com/;Traité
Mar Estang - Camping Siblu;Voie des Flamants Roses 66140 Canet-en-Roussillon France;https://www.marestang.fr/;Traité
Camping Mas Llinas;Chem. du Mas Llinas 66160 Le Boulou France;http://www.camping-mas-llinas.com/;Traité
Aloa Vacances - Camping Beauséjour;Av. du Tech 66700 Argelès-sur-Mer France;https://www.aloa-vacances.com/beausejour/accueil/;Traité
Camping Les Casteillets;Camping Les Casteillets 5 Chem. de l'Ille 66490 Saint-Jean-Pla-de-Corts France;http://www.campinglescasteillets.com/;Traité
Camping Del Mar;Rte du Littoral 66700 Argelès-sur-Mer France;https://www.camping-del-mar.com/;Traité
Nantes Camping;21 Bd du Petit Port 44300 Nantes France;https://www.nantes-camping.fr/;Traité
Camping les Rives de Grand Lieu;1 Av. de Nantes 44310 Saint-Philbert-de-Grand-Lieu France;http://www.camping-lesrivesdegrandlieu.com/;Traité
Camping Huttopia Senonches;25 Av. de Badouleau 28250 Senonches France;https://europe.huttopia.com/site/senonches/?utm_medium=organic&utm_source=gmb&utm_campaign=senonches;Traité
CAMPING DE LA COLLINE a SAINT PAUL TROIS CHATEAUX;31 Rue du Serre Blanc 26130 Saint-Paul-Trois-Châteaux France;http://campingdelacolline.com/;Traité
Camping des Pêcheurs;9 Chem. de la Plage 39130 Pont-de-Poitte France;https://www.juravacances.com/campings/camping-les-pecheurs/;Traité
Camping*** La Bonne Aventure;Rte de la Cunaille 41100 Thoré-la-Rochette France;http://www.camping-la-bonne-aventure.fr/;Traité
Camping Au Coeur de Vendôme;Site des Grands Prés 25 Rue Geoffroy Martel 41100 Vendôme France;http://www.aucoeurdevendome.com/;Traité
Camping Paradis Le Val de Trie en Baie de Somme;1 Rue des Sources Bouillancourt 80870 Moyenneville France;http://www.camping-levaldetrie.fr/;Traité
Camping Domaine Du Château De Drancourt;Hauts de France FR 185 Rue du Château 80230 Estrébœuf France;https://www.yellohvillage.fr/camping/domaine_de_drancourt;Traité
Camping De La Peupleraie;Rue de la Chasse À Vaches 80510 Long France;https://www.campinglapeupleraie.fr/;Traité
Flower camping Saint Lambert;2050 Av. de l'Aigoual 12100 Millau France;http://www.campingmillau.fr/;Traité
Camping Huttopia Millau;455 Av. de l'Aigoual 12100 Millau France;https://europe.huttopia.com/site/camping-millau/?utm_medium=organic&utm_source=gmb&utm_campaign=millau;Traité
Camping LARRIBAL;Av. de Millau Plage 12100 Millau France;https://www.campinglarribal.com/;Traité
Camping Saint Martin - Millau;Saint Martin de Pris 12100 Creissels France;http://www.campingsaintmartin.fr/;Traité
Camping Millau Plage;Av. de Millau Plage 12100 Millau France;https://www.campingmillauplage.fr/;Traité
Eco-Camping du Larzac **;Le Cun Rte de Saint-Martin du Larzac 12100 Millau France;http://ecocampingdularzac.org/;Traité
Camping Beauséjour Le Mans;72100 Mulsanne France;;
Camping Le Pont Romain - Onlycamp;1 Chemin de Réveillon 72530 Yvré-l'Évêque France;https://camping-le-mans.fr/;Traité
Camping Neuville - Camping Le Vieux Moulin;Rue Le Vieux Moulin Neuville-sur-Sarthe 72190 Le Mans France;http://www.campingneuville.com/;Traité
Camping des Breuils;7 All. des Breuils 55100 Verdun France;http://campinglesbreuils.fr/?utm_medium=referral&utm_source=gmb&utm_campaign=lnk-gmb;Traité
Camping Les Étangs De Mandre;2 Rue du Moulin 55400 Châtillon-sous-les-Côtes France;https://www.campingmandre.com/;Traité
Camping X'TREM VILLAGE;Lac de Pellessac 47310 Lamontjoie France;https://xtrem-village.com/;Traité
Camping municipal de l'Étang;Rue de l'Étang 57230 Haspelschiedt France;http://haspelschiedt.fr/;Traité
Camping Hanau Plage;3 Rue de l'Étang 57230 Philippsbourg France;https://www.camping-hanau-plage.com/;Traité
Camping Ramstein Plage - Vosges;Rue du Ramstein 57230 Baerenthal France;https://www.camping-ramstein-plage.fr/fr;Traité
Camping st vit;6 All. des Mirabelles 57910 Neufgrange France;https://www.camping-st-vit-57.fr/index.php/de/;Traité
Camping de l'Ill;1 Rue Pierre de Coubertin 68100 Mulhouse France;http://www.camping-mulhouse.com/;Traité
Camping Le Marqueval;1210 Rue de la Mer 76550 Hautot-sur-Mer France;https://www.campinglemarqueval.com/;Traité
Camping La Source;63 Rue des Tisserands chemin des pouquettes 76550 Hautot-sur-Mer France;http://camping-la-source.fr/;Traité
Flower Camping Vitamin';865 Chem. des Vertus 76550 Saint-Aubin-sur-Scie France;http://www.camping-vitamin.com/;Traité
Camping Le Mesnil - Gaia Vacances;1 Route de Sotteville sur Mer 76740 Saint-Aubin-sur-Mer France;https://www.gaia-vacances.fr/camping-de-saint-aubin;Traité
Camping Le Clos Savoye;4 Chem. du Clos Savoye 76630 Petit-Caux France;http://www.camping-leclossavoye.fr/;Traité
Camping à la ferme - Mas d'Arbousse;Mas d'Arbousse 12540 Fondamente France;;
Camping La Mouline;La Mouline 12540 Fondamente France;https://www.campinglamouline.com/;Traité
CAMPING AU TOUR DE L'AVEYRON**;D809 12230 L'Hospitalet-du-Larzac France;http://www.camping-larzac.com/fr-fr/;Traité
Camping Albirondack Park;31 All. de la Piscine 81000 Albi France;http://www.albirondack.fr/;Traité
Camping de Roquelongue;Roquelongue 12300 Boisse-Penchot France;http://www.camping-roquelongue.com/;Traité
Camping Navarre;9 Bd du Maréchal de Lattre de Tassigny 52200 Langres France;https://www.tourisme-langres.com/nl/CAMPING-LANGRES-01_camping-navarre;Traité
Camping;52200 Langres France;;
Camping la Croix d'Arles;D974 52200 Bourg France;http://www.campinglacroixdarles.fr/;Traité
Camping L'Orée d'Alsace - Onlycamp;6 Rue des Sapins 67310 Wasselonne France;https://www.campingwasselonne.fr/;Traité
Camping-Caravaning du Château;21 Rue Nouvelle 62360 Condette France;http://www.camping-caravaning-du-chateau.com/;Traité
Camping de la mer - Ste Cécile;Av. de Cambrai 62176 Camiers France;http://www.campingdelamer.fr/;Traité
Camping Le Fontarache;2 Rue du Moulin 04400 Les Thuiles France;https://www.camping-fontarache.fr/;Traité
CAMPING MIRABEL DE L'ERMITAGE;Rue de l'Ermitage 50350 Donville-les-Bains France;https://mirabel-ermitage.com/;Traité
Camping de la Vanlée;Rue des Gabions 50290 Bréhal France;http://www.camping-vanlee.fr/;Traité
Camping Côté Vercors - site officiel;100 b rue des Condamines Les Bouveries 26190 Saint-Nazaire-en-Royans France;https://www.camping-cote-vercors.com/;Traité
Camping La Porte Saint Martin;Le Village 26420 Saint-Martin-en-Vercors France;http://www.camping-laportestmartin.com/;Traité
Association Touristique Camping;Etang du Stock 57400 Langatte France;https://www.langatte-tourisme.com/;Traité
Camping-Piscine du Plan Incliné;Annexe Hoffmuhl D98 57820 Henridorff France;https://campingduplanincline.com/;Traité
Camping Paradis Domaine de Gaujac - Anduze;2406 Chem. de la Madeleine 30140 Boisset-et-Gaujac France;http://www.domaine-de-gaujac.com/;Traité
Camping du Mas Cauvy;559 Chem. du Mas Cauvy 30380 Saint-Christol-lez-Alès France;http://www.camping-mascauvy.com/;Traité
Camping Le Graniers;1511 Route de st Hippolyte duFort Graniers 30170 Monoblet France;http://www.camping-graniers.fr/;Traité
Camping des Deux Moulins;11 Rue du Camping 35890 Bourg-des-Comptes France;http://www.campingdesdeuxmoulins.fr/;Traité
Rives Nature - Cottages & Camping La Gacilly;Le Clos Sérot Route de la Gacilly 35550 Sixt-sur-Aff France;https://www.rives-nature.com/fr/?utm_source=google-my-business&utm_medium=fiche-my-business&utm_campaign=fiche-google-my-business;Traité
Camping Le Roc de Lavandre;1335 Rte de la Préhistoire 24260 Saint-Félix-de-Reillac-et-Mortemart France;http://www.camping-roc-lavandre.com/fr/;Traité
Camping Naturiste Coteau de l'Herm;Ld La Coste Rte de l'Herm 1323 24580 Rouffignac-Saint-Cernin-de-Reilhac France;https://www.naturisme-dordogne.com/?lang=fr;Traité
Camping Alsace Les Castors;4 Rte de Guewenheim 68520 Burnhaupt-le-Haut France;http://www.camping-les-castors.fr/;Traité
Camping Huttopia Wattwiller;Route des Crêtes 68700 Wattwiller France;https://europe.huttopia.com/site/wattwiller/;Traité
Camping le Florival;Rue de Soultz 68500 Issenheim France;http://www.camping-leflorival.com/;Traité
Flower Camping Le Rompval;Blengues Lieu dit 80350 Mers-les-Bains France;https://www.camping-lerompval.com/;Traité
Camping Municipal Parc du Château **;76260 Eu France;;
Camping de la Falaise;5 Rue de la Falaise 80350 Mers-les-Bains France;http://www.campingdelafalaisemers.fr/;Traité
Camping SEASONOVA Les Marguerites - Gamaches;Rue Antonin Gombert 80220 Gamaches France;https://vacances-seasonova.com/fr/camping/les-marguerites/;Traité
Emplacement de Camping;20 Rue du Cougnot 88300 Rebeuville France;;
Camping Intercommunal de Neufchâteau ***;Place Pitet 88300 Neufchâteau France;http://www.camping-neufchateau-vosges.com/;Traité
Camping Capfun - Régnière;23 Chem. des Églantiers 38280 Villette-d'Anthon France;https://www.capfun.com/camping-france-rhone_alpes-regniere-FR.html;Traité
Camping Le Nid du Parc;164 Av. des Nations 01330 Villars-les-Dombes France;https://www.lenidduparc.com/;Traité
CAMPING LA VERTE COLLINE;11 Rue d'Heuchin 62134 Teneur France;http://campinglavertecolline.com/;Traité
camping le pré saint gilles;17 Rue Basse Boulogne 62770 Blangy-sur-Ternoise France;https://www.leprestgilles.fr/;Traité
Camping Les Baumelles;1 Rte de la Madrague 83270 Saint-Cyr-sur-Mer France;http://www.campinglesbaumelles.fr/;Traité
Chill-Lot / Camping Insolite;663 Route de Calvignac 46330 Cénevières France;https://www.chill-lot.com/;Traité
Camping Le Bois Fleuri;Montjouvin Route de Brou 28120 Illiers-Combray France;http://www.camping-chartres.com/;Traité
Camping du Lac d'Arfeuille à Saint-Yrieix;4 allée du lac d'Arfeuille 87500 Saint-Yrieix-la-Perche France;https://www.campingsaintyrieix.fr/;Traité
Flower Camping L'Air du Lac;2 Imp. du Lac Plaisance 87800 Saint-Hilaire-les-Places France;https://www.campinglairdulac.com/;Traité
Camping de la Grappe Fleurie;161 Rue de la Grappe Fleurie 69820 Fleurie France;http://www.beaujolais-camping.com/;Traité
Camping du Colombier;8 Rue des Charrots 63410 Loubeyrat France;http://www.campingducolombier.com/;Traité
camping bélair;place de la promenade Chem. Lapastoure 64290 Lasseube France;http://www.camping-belair64.fr/;Traité
Camping Pyrénées Nature;Chem. de la Gravette 64400 Oloron-Sainte-Marie France;https://www.campingpyreneesnature.fr/;Traité
Camping Barétous Pyrénées;6 Ripaude 64570 Aramits France;https://www.camping-pyrenees.com/;Traité
Camping les colombes;2 Rue des Colombes 59265 Aubencheul-au-Bac France;https://camping-les-colombes.fr/;Traité
"Camping ""La Forestière"" ACTIF Hainaut Loisirs";Chem. des Gardes la Forestière 59288 Preux-au-Bois France;http://www.campinglaforestiere.com/;Traité
Camping des lacs;188 route des lacs 73170 Saint-Jean-de-Chevelu France;https://www.camping-lacs-savoie.com/;Traité
CAMPING Municipal DE LA MORINIERE*;44710 Rue de la Morinière 44710 Port-Saint-Père France;https://www.port-saint-pere.fr/camping/;Traité
Aloa Vacances - Camping La Riviera;Rue des Gâtineaux 44730 Saint-Michel-Chef-Chef France;;
Camping Insolite le Haut Village;4 Rue de l'Étang 44730 Saint-Michel-Chef-Chef France;https://www.camping-hautvillage.fr/;Traité
Camping La Pindiere;102 La Denais 44810 Héric France;https://www.camping-la-pindiere.com/;Traité
Camping du Moulin;16 Rue du Moulin 02820 Aizelles France;http://www.camping-du-moulin.fr/;Traité
Camping du Tuillié;Le Tuillie 31460 Cambiac France;https://camping-tuillie.com/;Traité
Camping La Vidaresse;1024 Rd 15 83136 Sainte-Anastasie-sur-Issole France;http://www.campinglavidaresse.com/;Traité
Camping du Château;69 Rue Prte du Château 38160 Beauvoir-en-Royans France;;
Camping Le Clos des Berges;925 Rte de Port Neuf 33240 Saint-André-de-Cubzac France;https://camping-leclosdesberges.fr/;Traité
Camping Paradis Domaine Oyat;7 Rue du Centre 85800 Le Fenouiller France;https://www.domaineoyat.com/;Traité
Camping Le Domaine des Pins;151 Av. de la Faye 85270 Saint-Hilaire-de-Riez France;https://ledomainedespins.com/;Traité
Camping Lac du Marandan - Onlycamp;657 Les Marandans 38160 Saint-Romans France;https://www.camping-lac-marandan.com/;Traité
Flower Camping Le Port de la Chaîne;Lieu Dit 22610 Pleubian France;https://www.camping-port-de-la-chaine.com/?ept-publisher=uska&ept-name=pleubian-port-de-la-chaine;Traité
Camping domaine du colombier Begard;71 Rue de Gwenezhan 22140 Bégard France;https://domaineducolombier-begard.com/;Traité
Camping de la Ferme des Hauts Frênes;6 Rue de la Voie Puiseaux 10130 Eaux-Puiseaux France;http://www.les-hauts-frenes.com/;Traité
Gîtes et camping La Pomarede;La Pomarède 66230 Serralongue France;https://cleffr.click/camping-pomarede-vdyu2a;Traité
Camping Saint Martin;Rte de Maureillas 66400 Céret France;http://www.camping-stmartin.fr/;Traité
Camping Le Rotja;6 Chemin de la Mouillère 66820 Fuilla France;http://www.camping-lerotja.com/;Traité
Camping les 2 Étangs;Camping les 2 étangs Lieu-dit 41160 Fréteval France;https://www.campingles2etangs.com/;Traité
Camping Car Park Vatan;31 Rue du Grand Gué 36150 La Chapelle-Saint-Laurian France;;
Camping** de Graçay;4 Chem. de Trompé Souris 18310 Graçay France;https://www.campingdegracay.com/;Traité
Camping des Landes d'Armagnac;1529 Rte de Roquefort 40240 Saint-Justin France;http://www.campingdeslandes40.com/;Traité
Camping Homair - Le Parc des Allais;Les Allais 37220 Trogues France;https://www.campingleparcdesallais.com/?utm_campaign=gmb_search&utm_medium=organic&utm_source=google;Traité
Camping l'Orée du Bois by Noricamp;2 All. des Sports et Loisirs 64370 Arthez-de-Béarn France;https://nori.camp/;Traité
Camping de l'Armançon;RN 77 Av. du 19 Mars 1962 89600 Saint-Florentin France;https://www.saint-florentin.fr/articles/camping-de-l-armancon;Traité
Ushuaïa Villages - Camping Les 4 Saisons;495 Route de Roche 26400 Grane France;http://www.camping-4-saisons.com/;Traité
Camping la Quintaine et OT Destination Brenne;La Quintaine 36370 Bélâbre France;http://www.ville-belabre.fr/;Traité
"Camping ""l'Ile d'avant""";60 Av. Pierre Mendès-France 36300 Le Blanc France;;
Camping du Chateau;52140 Val-de-Meuse France;http://www.campingduchateau.com/en/;Traité
Camping du Figaret;Rte de Lasalle 30170 Saint-Hippolyte-du-Fort France;https://camping-figaret.fr/;Traité
Camping La Devèze;Mas La Devèze chemin de la Devèze 34190 Montoulieu France;https://www.deveze.com/;Traité
camping à la ferme du nouveau mas;1757 Rte du Causse 30120 Montdardier France;https://lenouveaumas.com/;Traité
Camping Le Val de L'Arre;Roudoulouse Rte du Pont de la Croix 30120 Le Vigan France;https://www.camping-levaldelarre.com/;Traité
Camping La Fressange;140 La Fressange 43140 Saint-Didier-en-Velay France;http://www.camping-lafressange.com/;Traité
Camping Les Terrasses Du Jaur;5 Rue du bout du pont 34390 Prémian France;http://camping-premian.fr/;Traité
CAMPING DU CAROUX;34390 Mons France;http://www.campingducaroux.com/;Traité
Camping Gouville Belle étoile;50 Rue du Beau Rivage 50560 Gouville-sur-Mer France;https://www.campingbelleetoile.com/;Traité
Camping Les Vignettes;27 Rue Gérard Gaunelle 50200 Coutances France;;
Camping Les Gravelets;3 Rue du Rey 50590 Montmartin-sur-Mer France;https://www.camping-montmartin.com/?utm_source=google&utm_medium=organic&utm_campaign=gbp;Traité
Camping Le Grand Large;92 Rue du soleil couchant 50560 Gouville-sur-Mer France;http://www.campinglegrandlarge.fr/;Traité
Camping Night&Day Les Peupliers;Rue des Peupliers 50660 Tourneville-sur-Mer France;https://www.night-and-day.fr/camping/31-camping-les-peupliers;Traité
Camping Municipal de Jonzac;Rue du lycée Place St Exupéry 17500 Jonzac France;https://www.jonzac-haute-saintonge.com/trouver-votre-hebergement/camping-municipal-de-jonzac-5752960/;Traité
Camping la Haie Penée;6 Rue de la Haie Pennée 80120 Saint-Quentin-en-Tourmont France;https://www.campinglahaiepenee.com/;Traité
Camping Pyrénées Passion;29 Rue de la Naou 64400 Aren France;http://www.camping-pyrenees-passion.fr/;Traité
Camping Uhaitza Le Saison;867 route d'Argouague Libarrenx O 64130 Mauléon-Licharre France;https://www.camping-uhaitza.com/;Traité
Camping du Moulin de Barescou;D294 64490 Escot France;https://camping-moulin-de-barescou.fr/;Traité
Camping du Gave;Chemin du camping 64390 Sauveterre-de-Béarn France;http://www.campingdugave.fr/;Traité
Camping au bord de l'Aisne;14 bis Rue des Godins 02190 Villeneuve-sur-Aisne France;https://camping-aisne-picardie.fr/;Traité
Camping Sisteron le Jas du Moine;Le Jas Du Moine 43 route du village 04290 Salignac France;https://www.camping-jasdumoine.com/;Traité
Camping Les Prés Hauts Sites & Paysages;44 Chem. des Prés Hauts 04200 Sisteron France;http://www.camping-sisteron.com/;Traité
Camping Les Galets De La Molliere;Rue Faidherbe la Mollière 80410 Cayeux-sur-Mer France;https://www.campinglesgaletsdelamolliere.com/?utm_source=google&utm_medium=organic&utm_campaign=gbp;Traité
Camping Paradis Les Roses;7 Rue des Floralies 80120 Quend France;https://www.campingdesroses.com/?utm_source=google&utm_medium=organic&utm_campaign=gbp;Traité
Yelloh village Camping Le Bout du Monde;Rodes Lieu-dit 11400 Verdun-en-Lauragais France;https://www.yellohvillage-leboutdumonde.com/fr/;Traité
Camping Municipal L'Ilon;Rue de Limage 36800 Saint-Gaultier France;http://www.mairie-saintgaultier.fr/;Traité
Camping Les Chambons;37 Rue des Chambons 36200 Argenton-sur-Creuse France;http://www.campingleschambons.fr/;Traité
Camping Eure et loir | Les Ilots de Saint Val;3 Le Haut Bourray 28130 Villiers-le-Morhier France;https://www.campinglesilotsdestval.com/;Traité
Camping du Plan d'eau 31310;2 Impasse du Plan d'eau 31310 Rieux-Volvestre France;http://www.camping-rieux.eu/;Traité
Camping l'Estélas;05 rue principale 09160 Mauvezin-de-Prat France;;
Camping Pré Fixe Occitanie;175 rue de l'abbé Duthil 31420 Cassagnabère-Tournas France;https://www.camping-pre-fixe.com/;Traité
camping Maeva Club Les riviéres;Chem. de la Sablière 34800 Canet France;https://camping-maeva-club-les-rivires.hotelinfrance.top/;Traité
Camping L'Imprévu;62 Chem. des Molières 38410 Vaulnaveys-le-Bas France;http://www.camping-imprevu.fr/;Traité
Camping Les Ombrages;Rue de Pont du Château 63111 Mur-sur-Allier France;http://lesombrages.nl/;Traité
Camping Le Pré des Laveuses;Rue des Laveuses 63800 Cournon-d'Auvergne France;http://www.campinglepredeslaveuses.com/;Traité
Camping Clermont Ferrand;pres Rue des Laveuses 63800 Cournon-d'Auvergne France;;
Camping Les Sablons;Rte de Vichy 63430 Pont-du-Château France;http://www.camping-restaurant-lessablons.com/;Traité
Camping de la Doller;Rue du Commandant Charpy 68116 Guewenheim France;https://www.campingdoller.fr/;Traité
Camping de Masevaux;14 Rue du Stade 68290 Masevaux France;https://www.masevaux-camping.fr/?utm_source=Google&utm_medium=My%20Business;Traité
Camping Le Plan D'eau Saint-Charles;791 Rte des Lacs 81220 Damiatte France;https://www.campingplandeau.com/;Traité
Camping Les Portes de Sancerre;Quai de Loire 18300 Saint-Satur France;https://www.camping-portes-de-sancerre.fr/;Traité
Camping et Gîte La Clé des Champs;Le Champ de la Cure 85400 Luçon France;http://www.camping-lucon.fr/;Traité
Camping Paradis Le Grand'R;132 Rte de la Tranche sur Mer 85460 L'Aiguillon-la-Presqu'île France;https://www.campinggrandr.fr/;Traité
Aloa Vacances - Camping Les Flots Bleus;Av. des Chardons 85460 L'Aiguillon-la-Presqu'île France;https://www.camping-lesflotsbleus.com/;Traité
Camping Au Vent Des Marais;Le Poiré Rte d'Angles 85560 Longeville-sur-Mer France;https://www.camping-vent-des-marais.com/;Traité
Camping Huttopia Calvados-Normandie;332 Chemin du Val Séry 14590 Moyaux France;https://europe.huttopia.com/site/calvados-normandie/?utm_medium=organic&utm_source=gmb&utm_campaign=calvados;Traité
Camping Mare de Roy;14 Chem. de Sassenay 71590 Gergy France;https://www.marederoy.fr/;Traité
Camping des Gayeulles - Rennes;Rue du Professeur Maurice Audin 35700 Rennes France;http://www.camping-rennes.com/;Traité
Camping Arotxa Karrita - Vacances André Trigano;639 Chem. d'Olhasso 64310 Saint-Pée-sur-Nivelle France;https://vacances-andretrigano.com/camping/pyrenees-atlantiques/arotxa-karrita-saint-pee-sur-nivelle;Traité
Camping 3 étoiles Ibarron - Pays Basque;quartier ibarron-lizardia 1321 rd 918 64310 Saint-Pée-sur-Nivelle France;https://www.camping-ibarron.com/?utm_medium=organic&utm_source=google;Traité
Camping Eden Villages Bela Basque;Quartier Brindos 2 Allée Etchecopar 2 All. Etchecopar 64600 Anglet France;https://www.eden-villages.fr/campings/belabasque/;Traité
Camping *** Etche Zahar;175 All. de Mesples 64240 Urt France;http://www.etche-zahar.fr/;Traité
Camping Le Plein Air Neuvicois;D39 24190 Neuvic France;https://www.campingneuvicdordogne.com/;Traité
Camping Paradis Nature;18380 La Forge 18380 Ivoy-le-Pré France;;
Camping Le Devancon;451 Chem. de Pourrachon 13790 Peynier France;http://www.ledevancon.fr/;Traité
Camping le Cézanne Montagne Sainte-Victoire;Chem. Philippe Noclercq 13114 Puyloubier France;http://www.campingcezannesaintevictoire.com/;Traité
Camping Ferme et Sources de la Hooghe Moote;188 Rte d'Uxem 59254 Ghyvelde France;http://www.hooghe-moote.com/;Traité
Camping Val Roma Park;66480 Maureillas-las-Illas France;http://www.valroma.fr/;Traité
Camping de la Vallée;Clots des Oulieux 66490 Saint-Jean-Pla-de-Corts France;https://www.campingdelavallee.com/;Traité
Camping les Bruyeres;Route de Céret 66480 Maureillas-las-Illas France;https://www.camping-lesbruyeres-66.fr/;Traité
Camping La Patte d'Oie;La Patte d'Oie 1271 Route de Couterne 53110 Saint-Julien-du-Terroux France;https://www.campinglapattedoie.com/;Traité
Camping Le Clos Normand;60 La Frogerie Route de 61410 Rives d'Andaine France;https://www.camping-clos-normand.fr/;Traité
Camping de la Ferme - Aire du Champ Miguet;1634 Rte de Bouzey 88390 Renauvoid France;;
Camping Homair - Les Catalpas de Royan;45 Chem. d'Enlias 17110 Saint-Georges-de-Didonne France;https://www.campinglescatalpas.com/?utm_campaign=gmb_search&utm_medium=organic&utm_source=google;Traité
Camping Moulin De La Geneste;Le Moulin de la Geneste 19140 Condat-sur-Ganaveix France;http://www.lageneste.net/;Traité
Camping Montard;2 Rte du Ruisseau des Forges 19510 Lamongerie France;http://www.campingmontard.com/;Traité
Aimee Porcher Camping Naturiste;701 Route du Camping 19140 Eyburie France;http://www.aimee-porcher.com/;Traité
Camping Les Cognets;3 Rte des Cognets 50530 Dragey-Ronthon France;http://www.camping-lescognets.fr/;Traité
Camping Libarrey;100 Rte de Libarey 40300 Orthevielle France;;
CAMPING L'ETANG DE LAUBANERE;790 Rte de Laubanere 40380 Louer France;http://www.etang-de-laubanere.com/;Traité
Camping Les Douces Nuits;Les Douces Nuits 380 Chem. des Mêmes 32140 Bellegarde France;https://www.campinglesdoucesnuits.fr/;Traité
Camping et ferme de la Maison Neuve;102 La Maison Neuve 85600 Montaigu-Vendée France;http://elevagedelamaisoneuve.fr/;Traité
Flower Camping du Lac de la Chausselière;Rue des Herbiers 85600 Montaigu-Vendée France;https://www.chausseliere.com/;Traité
Camping Domaine de l'Oiselière;L'Oiselière 85140 Chauché France;https://www.loiseliere.com/;Traité
Camping Paris MBS Les Chesnets;441 Rte de Chapet 78480 Verneuil-sur-Seine France;https://www.camping-mbs-leschesnets.fr/;Traité
Glamping Sainte-Suzanne - Camping en Mayenne;Rue de la Croix Couverte 760 rue de Saulges 53270 Sainte-Suzanne-et-Chammes France;https://www.glamping-saintesuzanne.fr/;Traité
Camping La Dune des Sables - Chadotel;Chem. de la BernardièreVoie communale 85100 Les Sables-d'Olonne France;https://www.chadotel.com/camping-la-dune-des-sables-les-sables-dolonne/;Traité
Aloa Vacances - Camping Le Nid d'Eté;6 Rue de la Vigne Verte 85340 Les Sables-d'Olonne France;https://www.leniddete.com/;Traité
Camping La Mignardière;22 Av. des Aubépines 37510 Ballan-Miré France;https://www.olela.fr/campings/camping-mignardiere;Traité
Camping des Joyeux Campeurs Pont sur Seine;Fbg Saint-Nicolas 10400 Pont-sur-Seine France;https://www.campingdesjoyeuxcampeurs.com/;Traité
Camping à la Ferme de Rivet;Le Rivet 81170 Tonnac France;http://www.vacheriederivet.fr/;Traité
Camping L'ARIZE ouvert du 22 avril au 20 septembre;Parc naturel régional des Pyrénées Ariégeoises Nescus 09240 La Bastide-de-Sérou France;https://www.camping-arize.com/;Traité
Camping du Lac VAP!;camping du lac 09000 Foix France;https://www.vap-camping.fr/;Traité
Camping Le Canteraines;Le Château 09700 Le Vernet d Ariège France;http://www.ariegecamping.com/;Traité
Camping La Mariennee;551 Rte du Chesnay 50380 Saint-Pair-sur-Mer France;http://camping-lamariennee.com/;Traité
Camping l'Oasis des Dombes;Rte de Saint-Jean de Thurigneux 01330 Ambérieux-en-Dombes France;https://camping-oasis-des-dombes.fr/;Traité
Camping Municipal des Viennes;Rue des Viennes 28400 Nogent-le-Rotrou France;http://www.perche-tourisme.fr/;Traité
camping le fossat;Lailleres 09130 Le Fossat France;http://camping-le-fossat.fr/;Traité
Camping Les Eychecadous;camping les Eychecadous 2 Chem. du Camping 09130 Artigat France;http://www.campingartigat.com/;Traité
Camping Mirabel Les Prairies de la Mer - Calvados;4 All. des Prairies de la Mer 14150 Ouistreham France;https://mirabel-prairiesdelamer.com/;Traité
Camping Au Gré Du Vent;32120 Taybosc France;https://www.camping-greduvent.fr/;Traité
CAMPING ISLE DE LA SERRE;Chemin de l 631 Isle de la Serre 38390 Porcieu-Amblagnieu France;https://www.espace-eauvive.com/camping-gite-isle-de-la-serre-tentes-hebergements-insolites-viarhona-lyon-isere/;Traité
Camping du Châtelet;658 Chem. des Hutins Vieux 74140 Sciez France;https://www.camping-chatelet.com/;Traité
Camping le Nant des Mules;Chem. des Mules 74140 Massongy France;http://campinglenantdesmules.fr/;Traité
Camping de la Moselle/Quinot Loisirs;7 Av. Eugène Lerebourg 54460 Liverdun France;https://www.lesbouclesdelamoselle.com/;Traité
Camping & Village Vacances Bagheera;Bagheera 20230 Bravone France;https://www.bagheera.fr/;Traité
Camping La Teyre;55 Allée du Camping 07310 Saint-Martin-de-Valamas France;http://camping-la-teyre.fr/;Traité
Camping du Lac de Devesset;S.I.G.L.D Lac de 07320 Devesset France;https://www.lac-de-devesset.fr/;Traité
Camping Municipal du Lac;Le Lac 07310 Saint-Martial France;http://www.st-martial.com/locations-de-vacances/camping/;Traité
Camping Le Camp des Roses;60 Rue Basse 59249 Aubers France;http://www.campdesroses.fr/;Traité
Camping du Bois de Beaumard;1 Rue de l'Île de Beaumard 44160 Pontchâteau France;http://www.camping-beaumard.com/;Traité
Airotel Camping la Roseraie;20 Av. Jean Sohier 44500 La Baule-Escoublac France;http://www.laroseraie.com/;Traité
Camping la Montagne;944 Chem. de la Montagne 84700 Sorgues France;http://www.campinglamontagne.com/;Traité
Camping Homair - Domaine des Iscles;route Du Plan D’Eau 13640 La Roque-d'Anthéron France;https://www.domainedesiscles.com/?utm_campaign=gmb_search&utm_medium=organic&utm_source=google;Traité
Camping de l'Arconce;Rte de Viry 71120 Charolles France;https://www.campingcharolles.fr/;Traité
Camping du Château de Montrouant;71800 Gibles France;https://www.chateau-de-montrouant.com/;Traité
Camping Clicochic - Orée d'Azur;18 Rte de Cannes 06650 Opio France;https://www.clicochic.com/camping-france-provence_alpes_cote_d_azur-oree_azur-FR.html;Traité
Camping Notre Dame;Quartier Notre Dame 83840 La Roque-Esclapon France;https://camping.la-roque-esclapon.fr/fr/;Traité
Camping les Deux Rives - Onlycamp;32 Rue du Moulin du Duc 22300 Lannion France;https://camping-lannion.fr/;Traité
Camping Armor Loisirs;38 Rue de Kernévez 22560 Trébeurden France;http://www.armorloisirs.com/;Traité
Le Village Perrosien | Camping PERROS GUIREC;26 Rue de Toul al Lan 22700 Perros-Guirec France;https://villageperrosien.com/;Traité
Camping Municipal de Landrellec;2 Karrhent 22560 Pleumeur-Bodou France;http://pleumeur-bodou.com/CAMPING-MUNICIPAL-DE-LANDRELLEC.html;Traité
Camping village de l'Armorique;18 Rue de Milin Avel 22310 Plestin-les-Grèves France;https://www.villagearmorique.com/fr/;Traité
Camping La Belle Étoile - La Rochette;Camping La Belle Etoile 1 Quai de Seine 77000 La Rochette France;http://www.campinglabelleetoile.com/;Traité
Camping Lous Seurrots 5 étoiles Yelloh! Village;606 Av. de l'Océan 40170 Saint-Julien-en-Born France;https://www.lous-seurrots.com/fr/?utm_campaign=MyBusiness&utm_medium=organic&utm_source=google;Traité
Camping Le Pont D'Allagnon;Rue René Filiol 43410 Lempdes-sur-Allagnon France;http://www.campingenauvergne.com/;Traité
Camping du Molinel;29 Rte de Ponches 62140 Tortefontaine France;http://www.campingdumolinel.fr/;Traité
Camping l'Orée Des Cévennes;1 Chem. de L’Auzonnet 30960 Saint-Jean-de-Valériscle France;http://www.camping-oree-des-cevennes.fr/;Traité
Camping La Résidence du Lac;3 Chem. de la Source 85190 Maché France;http://www.camping-residence-du-lac.fr/;Traité
Camping de la Petite Boulogne;12 Rue du Stade 85670 Saint-Étienne-du-Bois France;;
Camping Le Mouretou;363 route du Mouretou 30570 Val-d'Aigoual France;https://www.camping-mouretou.com/;Traité
Camping Beau Rivage;22 Chem. du Bosquet 30350 Cardet France;https://camping-beau-rivage.net/;Traité
Camping Lot | Camping du Port;160 La Souleille 46600 Creysse France;https://www.campingduport.com/;Traité
Camping Les Falaises | Camping Lot;231 route des falaises 46600 Martel France;https://www.camping-lesfalaises.com/;Traité
Camping de La Mer - Onlycamp;Cr des Champs Elysées 62780 Cucq France;https://www.campingstellaplage.fr/;Traité
Camping Homair - La Dune Blanche;Rte d'Etaples 62176 Camiers France;https://www.campingladuneblanche.com/?utm_campaign=gmb_search&utm_medium=organic&utm_source=google;Traité
Camping-Club Les Jardins De La Mer;Rue Camille Delacroix 62155 Merlimont France;http://www.lesjardinsdelamer.com/;Traité
Christelijke Camping La Bonne Source;Limousin Frankrijk Le Moulin de Gany 19210 France;http://www.labonnesource.nl/;Traité
Camping du Domaine d'Anglas;D108 34190 Brissac France;https://www.camping-anglas.com/;Traité
Camping Le Cardinal de Richelieu;6 Av. de Schaafheim 37120 Richelieu France;http://www.campinglecardinal.fr/;Traité
Camping le Roc;Rte de Brem Sur Mer 85150 Vairé France;https://madeincamp.fr/le-roc/?utm_source=gmb&utm_medium=organic;Traité
Camping Homair - Château la Forêt;3 Rue de la Forêt 85150 Saint-Julien-des-Landes France;https://www.chateaulaforet.com/?utm_campaign=gmb_search&utm_medium=organic&utm_source=google;Traité
Camping Paradis la Bretonnière;La Bretonnière 85150 Saint-Julien-des-Landes France;https://www.la-bretonniere.com/;Traité
Camping Village de la Guyonnière;1 La Guyonnière 85150 Saint-Julien-des-Landes France;https://www.camping-guyonniere.com/?utm_source=gmb&utm_medium=click&utm_campaign=brand;Traité
Castel Camping La Garangeoire;La Garangeoire 85150 Saint-Julien-des-Landes France;https://www.camping-la-garangeoire.com/;Traité
Camping Villages Collection le Lac du Jaunay;La Servantière 85220 Landevieille France;http://www.camping-du-lac-du-jaunay.com/;Traité
Camping Maeva Escapades Sun Océan;538 Av. des Sables 85440 Talmont-Saint-Hilaire France;https://www.camping-sunocean.fr/;Traité
Camping Clicochic - Brandais;Rue du Sablais 85470 Brem-sur-Mer France;https://www.clicochic.com/camping-france-pays_de_la_loire-brandais-FR.html;Traité
Flower Camping Le Pavillon;175 Av. Georges Clemenceau 85150 Les Achards France;http://www.campinglepavillon.com/;Traité
Camping l'Île aux Oiseaux;36 Rue du Pré Neuf 85340 L'Île-d'Olonne France;http://www.ile-aux-oiseaux.fr/;Traité
Camping Méditerranée;11 Av. des Vacances 34110 Frontignan France;http://www.camping-mediterranee34.com/;Traité
Camping Bar Horizon;12 Av. des Vacances 34110 Frontignan France;https://campinghorizonbar.com/;Traité
IGESA Camping Frontignan Plage;68 Av. d'Ingril 34110 Frontignan Plage France;https://www.igesa.fr/vos-vacances/recherche-sejour/reserver-mes-vacances/etablissement/frontignan-plage-camping;Traité
Camping le Mas De La Lagune;10 Av. des Vacances 34110 Frontignan France;https://www.masdelalagune.com/;Traité
Le Camping Des Vignes;1 Chem. des Vignes 34540 Balaruc-les-Bains France;http://www.camping-lesvignes.com/;Traité
Camping Aigue Marine;162 Av. Ferdinand de Lesseps 34110 Frontignan France;http://www.camping-aigue-marine.fr/;Traité
Camping New Day;27 Rte de Montpellier 34110 Vic-la-Gardiole France;https://www.campingnewday.fr/;Traité
Camping Antton;1861 Rte de Sare 64310 Saint-Pée-sur-Nivelle France;http://www.camping-antton.com/;Traité
Camping Huttopia Forêt de Janas;1820 Rte de Janas 83500 La Seyne-sur-Mer France;https://europe.huttopia.com/site/foret-de-janas/?utm_medium=organic&utm_source=gmb&utm_campaign=foret_de_janas;Traité
IGESA Camping Pin de Galle Le Pradet;le pin de galle 295 Rue Général Weygand 83220 Le Pradet France;https://www.igesa.fr/vos-vacances/recherche-sejour/reserver-mes-vacances/etablissement/le-pradet-pin-de-galle-camping;Traité
Camping Mer et Montagne;373 Rue de Mirondin 83140 Six-Fours-les-Plages France;https://www.campingmeretmontagne.fr/;Traité
Camping la lezardiere;Av. de la 1ère Division Française libre 83160 La Valette-du-Var France;http://www.campinglalezardiere.com/;Traité
Camping l'Hermitage;296 Av. Raimu 83220 Le Pradet France;https://camping-hermitage.com/;Traité
Camping Le Rayolet - Vacances André Trigano;147 Chem. du Plan de la Mer 83140 Six-Fours-les-Plages France;https://vacances-andretrigano.com/camping/var/le-rayolet-six-fours-les-plages;Traité
Camping Mauvallon 2;Le 148 Chem. de la Gavaresse 83220 Le Pradet France;http://www.capgaronne.com/;Traité
Camping Ar Roc'h;367 Kersauzon 29250 Sibiril France;https://www.camping-arroch.com/;Traité
camping l'Albanou 100 % Résidentiel;280 CHEMIN DE PAMPELONNE 280 Chem. des Oliviers 07000 Saint-Julien-en-Saint-Alban France;http://www.camping-albanou.com/;Traité
Camping Coeur d'Ardèche;St. Vincent de Durfort D2 entre Privas et Les Ollières 07360 Saint-Vincent-de-Durfort France;http://www.campingcoeurardeche.com/;Traité
Camping Homair - Les Lacs du Verdon;Chem. Carraire de l'Eouvière 83630 Régusse France;https://www.camping-lacs-du-verdon.com/?utm_campaign=gmb_search&utm_medium=organic&utm_source=google;Traité
Camping Huttopia Lac de Sillé;512 route forestière des Molières 72140 Sillé-le-Guillaume France;https://europe.huttopia.com/site/camping-lac-de-sille/?utm_medium=organic&utm_source=gmb&utm_campaign=lac_de_sille;Traité
Camping Les Chênes;40 Rte de Loches 36600 Valençay France;https://www.camping-leschenes.fr/;Traité
Camping Les Rives du Lac;331 Chem. des Communaux 74320 Sevrier France;https://www.lesrivesdulac-annecy.com/fr_fr/;Traité
Camping La Dune;Chem. de la Kabylie 34450 Vias France;http://campingladune.com/;Traité
Camping Yelloh Village Parc du Val de Loire;Rte de Fleuray 41150 Mesland France;https://www.yellohvillage.fr/camping/parc_du_val_de_loire?utm_campaign=MyBusiness&utm_medium=organic&utm_source=google;Traité
Camping Domaine de la Faurie - Lot;Domaine de la Faurie 46240 Séniergues France;http://www.camping-lafaurie.com/;Traité
Camping La Baie Des Veys;28 Le Grand Vey 50480 Sainte-Marie-du-Mont France;https://www.campinglabaiedesveys.com/;Traité
Camping Dordogne Les Deux Vallées;168 Imp. du Temps Libre 24220 Vézac France;https://www.campingles2vallees.com/;Traité
SARL QUEYRAS CARAVANEIGE CAMPING BAR RESTAURANT;camping caravaneige face télésiège pied des pistes 4 Av. du Viso 05460 Abriès-Ristolas France;https://www.queyras-caravaneige.fr/;Traité
Camping du Plan d'Eau;Langlade 43270 Céaux-d'Allègre France;https://campingduplandeau43.wixstudio.com/nature/nl;Traité
Camping Les Ombrelles;Av. J Vallès 43800 Lavoûte-sur-Loire France;http://www.campinglesombrelles.fr/;Traité
Camping à la ferme Les Baies Sauvages;43230 Saint-Georges-d'Aurac France;https://frbed.click/camping-ferme-baies-3r0ie5;Traité
Flower Camping La Bexanelle | Camping Ariège;La Bexanelle Vicdessos 09220 Val-de-Sos France;https://www.labexanelle.com/?utm_source=google&utm_medium=organic&utm_campaign=gmb;Traité
Camping les Aliziers;Earl de Rouquette l 'orée des bois A rouquette (la ferme 32310 Valence-sur-Baïse France;;
Camping L’Argenté - Onlycamp;Chem. de l'Argenté 32100 Condom France;https://camping-condom.fr/;Traité
Camping La Roseraie - Onlycamp;All. Léo Lagrange 37160 Descartes France;https://camping-descartes.fr/;Traité
Domaine du Héron - Camping & Gîtes;2 Chemin du Héron 59470 Esquelbecq France;http://www.domaineduheron.com/;Traité
Camping le Goh Velin;89 Rue de Guernevé 56730 Saint-Gildas-de-Rhuys France;https://www.camping-gohvelin.com/;Traité
Camping La Ferme de Lann Hoëdic;Rue Jean de la Fontaine Lann Hoedic 56370 Sarzeau France;https://www.camping-lannhoedic.fr/?utm_source=gmb;Traité
Camping GCU - Sarzeau;7 Rue Pont Neui 56370 Sarzeau France;https://www.gcu.asso.fr/campings/camping-sarzeau/;Traité
Camping ariège Parc de Palétès;All. des Orchidées 09200 Saint-Girons France;https://www.camping-parc-de-paletes.com/;Traité
Camping-Gîtes Au Songe du Valier;Chem. des Escarreres 09140 Seix France;https://www.camping-songeduvalier.fr/fr;Traité
Flower Camping Les Nauves;Lieu Dit Le Bos Rouge 24170 Pays de Belvès France;https://www.lesnauves.com/;Traité
Camping des Bords de la Garonne;2 Chem. du Camping 65370 Loures-Barousse France;http://www.loures-barousse.fr/;Traité
Camping Les Courvelles;Rue H. Jevain Rue Henri Jevain 21260 Selongey France;https://selongey.fr/tourisme-hebergement-camping/;Traité
camping Quercy Vacances;740 chemin du Mas de Lacombe Saint Pierre Lafeuille 46090 Cahors France;https://www.quercy-vacances.com/;Traité
Camping de mon village;46090 Lamagdelaine France;https://www.campingcarpark.com/fr_FR/sejour/camping/occitanie/46-lot/lamagdelaine-au-bord-du-lot;Traité
Camping Les Graves;1459 Saint-Pierre 46090 Saint-Pierre-Lafeuille France;https://www.camping-lesgraves.com/fr;Traité
Camping Lot | La Cheneraie;422 Le Cuzoul haut 46090 St Géry-Vers France;https://www.cheneraie.com/;Traité
Camping Les Reflets du Quercy - Lot;809 Mas de Bastide route du 46150 Crayssac France;https://www.camping-reflets-quercy.fr/fr;Traité
Camping Ilisa;19 Av. du Roussillon 66800 Saillagouse France;https://www.ilisa.fr/;Traité
Camping les jardins d'estavar;Camping les jardins d'Estavar 9 carrer dels vinyals 66800 Estavar France;http://www.lesjardins-destavar.com/;Traité
"Camping et PRL ""El Pailles""";Chem. de la Forêt 66340 Osséja France;https://camping-elpailles-pyrenees.fr/;Traité
Camping de la gare;41 Rte d'Espagne 66760 Ur France;http://www.camping-cerdagne.com/;Traité
Camping Le Clos Bouyssac;1900 Rte de la Source Bleue 46700 Mauroux France;http://www.leclosbouyssac.eu/;Traité
Camping du Petit Gué du Roi;Ferme du Petit Gué du Roi au Domaine du Gué du Roi Lieu-dit le Gué du Roi 45370 Cléry-Saint-André France;http://domainedugueduroi.com/;Traité
"Camping-Base de Loisirs ""La Forêt"" Tarn";Place de la Carrierasse 81330 Saint-Pierre-de-Trivisy France;https://www.stpierredetrivisy.fr/camping-municipal-la-foret;Traité
Camping les Chemins du Mont-Saint-Michel;7 Rue Maréchal Leclerc 50220 Pontaubault France;https://camping-les-chemins-du-mont-saint-michel.fr/;Traité
Camping Les Jardins de l'Adour - Grand Dax;848 Rue du Pouy 40990 Saint-Vincent-de-Paul France;https://www.camping-jardinsdeladour.fr/;Traité
Camping La Ferme de Clareau;445 Chemin de Clareau 26470 La Motte-Chalancon France;http://www.fermedeclareau.com/;Traité
Camping Le Pilat;Route de Bourdeaux 26110 Saint-Ferréol-Trente-Pas France;http://www.campinglepilat.com/;Traité
Camping ``Arc en Ciel``;50 Avenue Henri Malacrida Pont des 3 Sautets 13100 Aix-en-Provence France;http://www.campingarcenciel.com/;Traité
Camping Vallée du Thoré;8 rue d Esclayrac 81240 Saint-Amans-Soult France;http://www.saint-amans-soult.fr/tourisme-loisirs/camping_89.html;Traité
Camping Lestap;le Suc Chemin du Lac 81240 Albine France;http://www.camping-lestap-tarn-81.com/;Traité
Camping Le Plô;23 Rue du Plô du Catussou 81260 Le Bez France;https://www.camping-leplo.fr/;Traité
Camping Les Tomasses | Camping Var;Chemin du Maoupas D554 83210 Belgentier France;https://www.camping-var-tomasses.fr/;Traité
Logement calme camping 4 étoiles;83400 Hyères France;https://br.bluepillow.com/search/68115978a74f8eb5bd28f9be?dest=bpex&cat=House&lat=43.11383&lng=6.13125&language=pt;Traité
Camping la bastide VAP;Chem. de la Plage 09270 Mazères France;http://www.vap-camping.fr/;Traité
Camping La Rivière d'Argent;La Coudraie 29690 Huelgoat France;http://www.larivieredargent.com/;Traité
VVF Camping de Pontivy - Le Kerostin;Rue Édith Piaf 56300 Pontivy France;https://www.vvf.fr/destination/ete/pontivy;Traité
Camping Le Clos du Blavet;810 La Couarde 56310 Pluméliau-Bieuzy France;https://www.campingleclosdublavet.fr/;Traité
Camping Les Hortensias;38 Rue des Tulipes 29750 Loctudy France;https://www.camping-finistere-loctudy.com/?utm_source=google&utm_medium=organic&utm_campaign=gbp;Traité
Camping de Keralouet Lesconil;11 Rue Eric Tabarly 29740 Plobannalec-Lesconil France;https://www.camping-finistere-keralouet.com/;Traité
Camping Le Léhan;8 Kerloch 29730 Treffiagat France;https://camping-finistere.com/fr-fr/;Traité
Flower Camping Cap Finistère;20 Rue de Gouesnach Névez 29760 Penmarch France;https://www.camping-finistere-bretagne.fr/?ept-publisher=uska&ept-name=cap-finistere-penchmarc-n;Traité
Camping Le Bonheur Coté Pré;5 Lestréguéoc 29720 Plonéour-Lanvern France;https://lebonheurcotepre.fr/;Traité
Camping Paradis Domaine de Bel Air;5 Keridreuff Ty Varlen 29710 Landudec France;http://www.belaircamping.com/;Traité
Camping La Corniche;Chem. de la Corniche 29710 Plozévet France;https://www.olela.fr/campings/camping-corniche;Traité
Camping Résidentiel du Bois Soleil;Rte de Kergus 29120 Pont-l'Abbé France;;
Camping de Lanven;2 Lanvenn 29120 Plomeur France;https://www.campinglanven.com/;Traité
Camping insolite Kotaventure;1 chemin de surosne La Fouillerie 14690 Le Mesnil-Villement France;http://www.kotaventure.com/;Traité
Camping les Abrias du perche;sur Eure 1 Rte de la Lande 28340 La Ferté-Vidame France;http://www.campingperchenormandie.fr/;Traité
Camping Le Haras et Restaurant;1 ter Avenue Joliot Curie Domaine 66690 Palau-del-Vidre France;https://www.camping-le-haras.com/;Traité
Camping Les Rioms;1 Les Rions 37350 Barrou France;http://www.camping-lesrioms.com/;Traité
Camping Les Chênes Blancs | Pausado;Chemin des Lombards Route de Gargas 84490 Saint-Saturnin-lès-Apt France;https://les-chenes-blancs.pausado.com/;Traité
Camping L'Hermitage de Chevigny;Impasse presqu'ile de 58230 Moux-en-Morvan France;http://www.campinglhermitage-dechevigny.fr/;Traité
Camping de Gueramé;65 Rue de Guerame 61000 Alençon France;https://www.cu-alencon.fr/culture-tourisme/tourisme-et-patrimoine/le-camping-de-guerame/;Traité
Camping de la Forêt - Écouves;8 Rte des Gateys 61250 Écouves France;https://www.lecampingdelaforet.fr/;Traité
Camping Le Rochât;17 Rue du Rochat 36000 Châteauroux France;http://www.camping-lerochat.fr/?utm_source=gmb;Traité
Camping Municipal;Surnette 43520 Mazet-Saint-Voy France;http://www.campingdesurnette.net/;Traité
Camping Aude | Domaine de La Palme;79 Chem. du Stade 11480 La Palme France;https://www.camping-la-palme.com/;Traité
Camping Via Romana;481 Via Romana 20243 Prunelli-di-Fiumorbo France;http://www.camping-viaromana.com/;Traité
Camping Domaine de Lallé;4 Lalle 19320 Champagnac-la-Noaille France;https://domainedelalle.fr/;Traité
Camping Paradis Le Coiroux;1 Rte du Parc du Coiroux 19190 Aubazine France;https://campingcoiroux.fr/;Traité
Domaine Le Chazal - Camping nature & Gîtes;501 Rte du Chazal 19560 Saint-Hilaire-Peyroux France;https://domainelechazal.com/;Traité
Camping La Ferme;Unnamed Road 26120 Chabeuil France;;
Camping Drôme Les Clorinthes;Quai Soubeyran 26400 Crest France;https://www.lesclorinthes.com/index.php/fr/;Traité
Camping à la Ferme - La Détente;La Gannerais 44520 La Meilleraye-de-Bretagne France;;
Camping de l'Île Mouchet;Imp. de l'Île Mouchet 44150 Ancenis France;http://www.camping-estivance.com/;Traité
Camping Les Grenettes - Onlycamp;Les Grenettes 49270 Orée d'Anjou France;https://www.camping-les-grenettes.fr/;Traité
Camping L'Ardecho entre Privas et Montelimar;575 RTE DE LA PLAINE 07210 Saint-Lager-Bressac France;https://www.camping-lardecho.fr/;Traité
Camping le Clos des Genêts;21 Rue des Pommiers Routhiauville direction Fort-Mahon 80120 Quend France;http://www.camping-leclosdesgenets.com/;Traité
Les Chalets du Périgord - Camping à Sarlat;150 All. de la Chênaie 24200 Sarlat-la-Canéda France;https://www.location-vacance-sarlat.com/;Traité
Site Officiel CAMPING AU BON ENDROIT;Rue du Gué Léger 71600 Paray-le-Monial France;http://www.campingaubonendroit.fr/;Traité
Camping de la Tour;340 Route de la Tour 71110 Montceaux-l'Étoile France;https://www.facebook.com/pg/Camping-%C3%A0-la-ferme-Montceaux-L%C3%A9toile-104951764567202/photos/?ref=page_internal;Traité
Camping ROLIN;Combe et Replat 69550 Meaux-la-Montagne France;http://www.chalets-loisirs.com/;Traité
Camping Vigna Maggiore;T40 / D157 20113 Olmeto France;http://www.vignamaggiore.com/;Traité
Camping Les Falaises de Toussaint;2 bis Rue de Rouen 76400 Toussaint France;https://www.camping-normandie-seine-maritime.com/;Traité
Camping de la Vègre;Rue du Camping 72240 Tennie France;http://www.camping-tennie.com/;Traité
Camping & Gîtes du Canal de Blain;Rue Henri II de Rohan 44130 Blain France;https://campingducanal.fr/;Traité
Les Pensions de la Baraque Camping Tourisme **;7 La Gannelais Notre Dame de Grâce 44530 Guenrouet France;;
Camping Cap Sud;Av. de la Mer 66200 Alénya France;https://www.camping-capsud.com/;Traité
Camping Le Bosc;230 Chemin d'Al Roure 66750 Saint-Cyprien France;https://www.camping-saint-cyprien.com/?utm_source=google&utm_medium=organic&utm_campaign=gmb;Traité
Camping 4 étoiles Brest - Camping Saint-Jean;1910 Route de la Chapelle St Jean 29470 Plougastel-Daoulas France;https://www.campingsaintjean.com/?utm_source=gmb&utm_medium=organic;Traité
Camping Municipal de Cos;Camping Municipal de Cos Le Rieutord 09000 Cos France;http://camping-municipal-cos09.fr/;Traité
Camping du Château de Lordat;Berbescou 09250 Lordat France;https://www.fermeduberbescou.fr/;Traité
Camping Le Bourdieu;396 Chemin du Bourdieu 09130 Durfort France;https://www.camping-le-bourdieu.fr/;Traité
Camping Pierre Cochenet;55120 Futeau France;https://www.campercontact.com/de/frankreich/grand-est/futeau/103519/camping-pierre-cochenet?name=Les+Islettes%2C+Francia&boundingBox=%7B%22north%22%3A49.227517%2C%22west%22%3A4.967598%2C%22south%22%3A48.990861%2C%22east%22%3A5.038322%7D&startDate=2026-05-05&endDate=2026-05-06&adults=2&children=0&pets=0;Traité
Camping Le Moulin;3 Chem. du Camping 39130 Patornay France;https://www.juravacances.com/campings/camping-le-moulin/;Traité
Camping Les 4 Saisons;Rte d'Aulus 09140 Oust France;http://www.camping4saisons.com/;Traité
"CAMPING ""La Côte d'Oust""";"CAMPING ""La Côte d 09140 Oust France";http://campinglacoteoust.com/;Traité
Camping municipal Le Pouech;Le Pouech 09320 Massat France;http://camping-massat.fr/;Traité
Camping Le Bois des Hoches;Les Auches 04340 Le Lauzet-Ubaye France;https://www.camping-boisdeshoches.com/;Traité
Camping des Bastides;933 route de Fumel 47150 Salles France;http://www.campingdesbastides.com/;Traité
Camping Fontaine Du Roc .;945 Rte d'Estrade 47210 Dévillac France;http://camping-fontaine-roc.com/;Traité
"Camping du Lac ""La géraumière""";255 Route de La Geraumière 61700 France;;
Camping De La Route Fleurie;98 Rue Principale 62770 Saint-Georges France;http://www.campingdelaroutefleurie.com/;Traité
Camping SAINTE-VICTOIRE;Quartier Le Paradou 613 Avenue Jullien Gautier Arrondissement AIX-EN-PROVENCE 13100 Beaurecueil France;http://www.campingsaintevictoire.com/;Traité
Castel Camping La Bien Assise;Av. de la Libération 62340 Guînes France;http://www.camping-la-bien-assise.com/;Traité
Camping Le Courtil Rose;226 Rue du Watergang 62610 Brêmes France;https://campinglecourtilrose.fr/;Traité
camping salle de reception LA SOURCE;1440 Rue du Camp du Drap d'Or 62610 Balinghem France;https://www.camping-salle-de-reception-ardres.com/;Traité
Aloa Vacances - Camping Ker Yaoulet;7 CHEMIN DES MOUETTES TREHERVE PLAGE 56190 Ambon France;https://www.camping-keryaoulet.com/;Traité
Camping Les Rives de Vilaine à FEREL;8 Kercado 56130 Férel France;http://www.campinglesrivesdevilaine.com/;Traité
Camping Le Rebau;12 bis Rue du Rebau 34290 Montblanc France;http://www.campinglerebau.fr/;Traité
Camping Homair - Les Rives du Luberon;Chem. de la Grande Bastide 84460 Cheval-Blanc France;https://www.camping-rives-du-luberon.com/?utm_campaign=gmb_search&utm_medium=organic&utm_source=google;Traité
Camping municipal de la réole;Lieu-dit 33190 La Réole France;https://www.lareole.fr/patrimoine-et-culture-2/tourisme/camping-municipal/;Traité
Camping Beau Rivage - Ciela Village - Mèze;D613 34140 Mèze France;https://www.camping-beaurivage.fr/;Traité
Camping de l'Epy;1321 Rue Auguste Biblocq 62155 Merlimont France;https://www.campingdelepy.fr/;Traité
Camping La Semnadisse;18 23140 Parsac France;https://semnadisse.com/;Traité
Camping des Étangs;Rte d'Oizon 18700 Aubigny-sur-Nère France;https://www.camping-aubigny.com/;Traité
Camping de l'Étang de Sault;8 Rte du Plan d'Eau 03410 Prémilhat France;https://campingetangdesault.fr/;Traité
Camping Le Drennec;croas penn ar n'each 29450 Commana France;https://campingledrennec.com/;Traité
Camping de La Mer - Accès plage;11 Ty Anquer 29550 Ploéven France;http://campingdelamer.bzh/;Traité
Camping de la Plage de Treguer;Plage de Sainte-Anne la Palud Treguer Vihan 29550 Plonévez-Porzay France;http://www.camping-treguer-plage.com/;Traité
Camping Des Bruyeres;Le Cloître-Saint-Thégonnec 29410 Morlaix France;http://www.camping-bruyeres.com/;Traité
Camping les Chelles;2 Lieu-dit Les Chelles 63880 Olliergues France;http://www.camping-les-chelles.com/;Traité
Camping l'Océan Breton;Rte de Kerlut 29740 Plobannalec-Lesconil France;https://www.camping-bretagne-oceanbreton.fr/?utm_source=google_my_business&utm_medium=seo_local&utm_campaign=fiche_gmb;Traité
Camping La Chesnaie;La Chesnaie 53170 Saint-Denis-du-Maine France;http://www.camping-lachesnaie.fr/;Traité
Camping Homair - Le Helles;55 Rue du Petit Bourg 29120 Combrit France;https://www.le-helles.com/?utm_campaign=gmb_search&utm_medium=organic&utm_source=google;Traité
Camping Ménez Lanveur;Ménez Lanveur 29120 Combrit France;http://www.campingfrance.com/;Traité
Camping du Poulquer;23 Rue du Poulquer 29950 Bénodet France;http://www.campingdupoulquer.com/;Traité
Camping Bénodet - La Mer Blanche;74 Rte de Fouesnant 29950 Bénodet France;https://camping-benodet-vacances.com/?utm_source=google&utm_medium=organic&utm_campaign=gmb;Traité
Camping Kervella;11 lieu-dit Poullebred 29550 Plomodiern France;https://www.camping-kervella.com/;Traité
"Camping de kerlaudy ""La Pause Atypi'k""";181 Pont de la Corde 29420 Plouénan France;https://www.campingkerlaudy.com/;Traité
Camping Homair - La Baie de Kernic;Rue Pen an Theven 29430 Plouescat France;https://www.campinglabaiedekernic.com/?utm_campaign=gmb_search&utm_medium=organic&utm_source=google;Traité
Camping Domaine de Mesqueau;870 route de Mesqueau 29630 Plougasnou France;https://www.camping-mesqueau.com/;Traité
camping et Gîte de la ferme des 4 roues;38 Rue Saint-Gall 57260 Val-de-Bride France;https://www.fermedes4roues.com/;Traité
Camping de la Sarre;8 Rue du Moulin 57560 Abreschviller France;http://www.domainedelasarre.com/;Traité
Camping de Rhodes **;Rue de l'Étang 57810 Rhodes France;http://www.campingrhodes.fr/;Traité
CAMPING DE LANGATTE;1 Av. des Cyclamens 57400 Langatte France;https://www.langatte.com/;Traité
Camping du Vougot;1037 Rte de Prat Lédan 29880 Plouguerneau France;https://www.campingduvougot.com/;Traité
Camping de la Tête Noire;Allée des Sports 36500 Buzançais France;http://www.campinglatetenoire.fr/;Traité
Camping Ferme de Croas Men - Morlaix;Croas men 29610 Plouigneau France;http://ferme-de-croasmen.com/;Traité
Camping de la Baie de Térénez;MOULIN DE CANERET 2780 ROUTE DE TERENEZ 29252 Plouezoc'h France;https://www.campingbaiedeterenez.com/;Traité
Camping de Sorel;24 Rue Saint-Claude 60490 Orvillers-Sorel France;http://www.camping-sorel.com/;Traité
Camping Les Araucarias;870 Rue du Général Leclerc 60170 Carlepont France;http://camping-les-araucarias.com/;Traité
Pinàbre Camping & Caravan Site;Lingouet 22150 Plouguenast-Langast France;https://www.pinabrecampsite.com/;Traité
Camping Capfun - Portes du Beaujolais;495 Av. Jean Vacher 69480 Anse France;https://www.capfun.com/camping-france-rhone_alpes-port_du_beaujolais-FR.html;Traité
Camping Municipal La Croix Blanche;L'Holme 43260 Saint-Julien-Chapteuil France;https://saintjulienchapteuil.fr/camping-municipal-la-croix-blanche-saint-julien-chapteuil/;Traité
Camping Homair - Les Fontaines;Rue d'Ezy 27540 Ivry-la-Bataille France;https://www.homair.com/camping/les-fontaines-0?utm_campaign=gmb_search&utm_medium=organic&utm_source=google;Traité
Les Robinsons du Lac - Le Camping;278 Av. du Lac 62610 Ardres France;https://www.lesrobinsonsdulac.com/;Traité
Camping La Frégate;465 Av. du Lac 62610 Ardres France;http://www.camping-la-fregate.com/;Traité
Camping Ardrésien;64 Rue Basse 62610 Ardres France;http://campingardres.wixsite.com/camping-ardresien;Traité
Camping CAMP'in POSES;Rue des Masures 27740 Poses France;https://www.camp-in-poses.com/;Traité
Camping à la ferme - Mr Fontana;Rue Neuve 8 60480 Oursel-Maison France;https://www.gite-camping-beauvais.com/;Traité
Camping La Rivière;Rue de la Riviere 19270 Donzenac France;http://campinglariviere.jimdo.com/;Traité
Camping l'Île du Pont;1 Chem. de l'Île 32300 Mirande France;http://www.camping-iledupont.com/;Traité
Camping Naturiste Source St Pierre;Chem. du Moulin de Siau 34150 Aniane France;https://campingstpierre.com/;Traité
Camping Club Lac du Salagou;Lac du Salagou 34800 Clermont-l'Hérault France;https://www.campinglacdusalagou.fr/?utm_source=google&utm_medium=organic&utm_campaign=gmb;Traité
Camping Municipal;Av. Carnot 21350 Vitteaux France;https://www.vitteaux.fr/camping-hebergement/;Traité
Camping des Deux-Ponts;3 Rue des Ponts 52320 Froncles France;;
Camping Capfun - Golf;43 Chem. des Mielles 50270 Saint-Jean-de-la-Rivière France;https://www.capfun.com/camping-france-basse_normandie-golf-FR.html;Traité
Camping Les Carolins;2 Rue du rivage 50580 Port-Bail-sur-Mer France;https://www.camping-carolins.com/;Traité
Camping Les Berges de L'Iton;53 Rue du Fourneau 27160 Breteuil France;http://www.campinglesbergesdeliton.com/;Traité
Camping Parc de La Fontaine;Route de Vaugrigneuse 91530 Saint-Maurice-Montcouronne France;http://www.parc-fontaine.fr/;Traité
Camping Yelloh Village Les 4 Montagnes;61 La Combe de Cornet 38880 Autrans France;https://www.yellohvillage.fr/camping/les_4_montagnes;Traité
Camping Les Gorges De L'hérault;Pont d'Hérault 30440 Sumène France;http://www.camping-lesgorgesdelherault.com/;Traité
Camping La Potinière;Rue Pierre Bourguignon 36240 Écueillé France;https://camping-ecueille.fr/;Traité
Camping La Montagne de Reims - Onlycamp;8 Le Routoir 51360 Val-de-Vesle France;https://www.camping-reims.fr/;Traité
Camping La Clape Village;Cap d 2 Rue du Gouverneur 34300 Agde France;https://camping-laclape.com/?utm_source=google&utm_medium=organic&utm_campaign=gmb;Traité
Camping Odalys La Pinède;13 Rue de Luxembourg 34300 Agde France;https://www.odalys-vacances.com/location-mer/languedoc-roussillon/cap-d-agde/la-pinede.html?ept-publisher=uska&ept-name=agde-la-pinede;Traité
Camping Tamarissière Agde;4 Rue Commandant Malet 34300 Agde France;https://camping-latama.com/?utm_source=google&utm_medium=organic&utm_campaign=gmb;Traité
Camping Capfun - Ondines;Côté Ouest 1770 VC du Tricot et des Tots 34450 Vias France;https://www.capfun.com/camping-france-languedoc_roussillon-ondines-FR.html;Traité
Camping Paradis de Rhuys | Camping Vannes;9 Le Poteau Rouge 56450 Theix-Noyalo France;https://www.campingderhuys.com/;Traité
"Camping ""A l'Ombre des Tilleuls""";31 Rte de Pau 65270 Peyrouse France;https://www.ombredestilleuls.com/fr/;Traité
Camping du Moulin - Onlycamp;ZA de Câlin Rte de Nantes 44190 Clisson France;http://camping-clisson.com/;Traité
Camping rural Coin de ciel;14 Le Tremblay 44190 Saint-Lumine-de-Clisson France;http://www.camping-nantes-atlantique-clisson.fr/;Traité
Camping Le Marais;D361 50230 Agon-Coutainville France;;
Camping de la Melette;D651 50560 Blainville-sur-Mer France;http://www.blainvillesurmer.fr/;Traité
Camping Osenbach;31 Rue du Stade 68570 Osenbach France;https://www.camping-osenbach.com/?utm_source=Google&utm_medium=My%20Business;Traité
Camping Municipal Les Pouverels;3070 Les Pouverels 83570 Cotignac France;;
Camping de la vallée de Taradeau;371 Chem. de Plan Guillet 83460 Taradeau France;http://www.campingdetaradeau.fr/;Traité
Camping de mon Village (Camping-Car Park);15 Stalapos 15300 Murat France;https://www.campingcarpark.com/fr_FR/camping-car/auvergne-rhone-alpes/15-cantal/murat-camping-le-stalapos?areaType=camping;Traité
"Camping ""Le Vallagnon""";6 Rue du Lac Glory 15300 Laveissière France;https://www.camping-le-vallagnon.fr/;Traité
Camping Le Deffay;44160 Sainte-Reine-de-Bretagne France;https://www.camping-le-deffay.com/;Traité
Camping Le Pas de l'Ours;Les Gesquis 09310 Aston France;http://www.lepasdelours.fr/;Traité
Camping Ascou la Forge;La Forge 09110 Ascou France;http://www.gite-restaurant-ascou.fr/;Traité
Le camping du lac - SARL TEOMAD;920 Chem. du Port Haut 31330 Merville France;https://le-camping-des-lacs.fr/fr/page/accueil;Traité
Camping Le Castella;4 Rte du Castella 09250 Luzenac France;https://camping-lecastella.com/;Traité
Camping Country Park - Crécy la Chapelle;Rte de Serbonne 77580 Crécy-la-Chapelle France;https://www.countrypark.paris/;Traité
Camping Municipal de la Noë**;34 Rue de la Noe 61200 Argentan France;https://tourisme.terresdargentan.fr/camping-municipal-de-la-noe/;Traité
La Vallée Verte camping Flower;Camping la Vallée Verte 9 Rte des Granges 63710 Saint-Nectaire France;https://www.valleeverte.com/;Traité
Camping Ile Verte;1 Rte des Rosées 17430 Genouillé France;;
Camping Fouras - AZUREVA;9 Rte de Soumard 17450 Fouras France;https://www.azureva-vacances.com/fr/hebergement/camping-fouras/;Traité
Flower Camping L'Abri-Côtier;26 La Bernardière 17780 Saint-Nazaire-sur-Charente France;https://www.camping-la-rochelle.net/;Traité
Camping et gîtes de charme La Chauvotte;La Chauvotte 71990 La Grande-Verrière France;http://www.lachauvotte.eu/;Traité
Camping Des 2 Rives;26-28 Rue de Toulon 71190 Étang-sur-Arroux France;https://www.des2rives.com/;Traité
Camping d'Autun;6 Rue du Traite D' Anvers 71400 Autun France;https://www.campingautun.fr/;Traité
Camping Les Sauges;Les Sauges 71190 Dettey France;http://www.lessauges.com/camping;Traité
Camping Le Robinson;25 Av. de la Gare internationale 66760 Enveitg France;http://www.robinson-cerdagne.com/;Traité
Camping Domaine Les Pastourels - Via Natura;2863 Rte des Milandes 24250 Veyrines-de-Domme France;http://www.lespastourels.com/;Traité
Camping Le Moulin du Bleufond;255 route de Valojoulx D65 24290 Montignac-Lascaux France;https://bleufond.com/?utm_source=gmb&utm_medium=organic;Traité
Camping le sorbier;828 Chem. de la Fontaine 24290 Montignac-Lascaux France;https://www.campinglesorbier.com/;Traité
Camping La Castillonderie Dordogne;La Castillonderie Thonac FR 1462 Rte de Salvetou 24290 Montignac-Lascaux France;http://www.dordogne-castillonderie.fr/;Traité
Camping Lascaux Vacances Yelloh! Village;189 Imp. des Malénies 24290 Coly-Saint-Amand France;https://www.campinglascauxvacances.com/;Traité
Camping Le Rivage;7 Imp. des Étangs 62910 Houlle France;http://camping-le-rivage.com.es/;Traité
Camping Les Sources | Camping Arras;7 Rue du Huit Mai 62810 Liencourt France;http://www.campinglessourcesliencourt.com/;Traité
Camping le Logis;4 Chem. du Logis 85160 Saint-Jean-de-Monts France;http://www.camping-saintjeandemonts.com/;Traité
Aloa Vacances - Camping l'Océan;67 Rue de Notre Dame 85160 Saint-Jean-de-Monts France;https://www.aloa-vacances.com/ocean/accueil/;Traité
Camping Demoiselles Plage;100 Av. des Becs 85270 Saint-Hilaire-de-Riez France;https://www.camping-demoiselles-plage.fr/?ept-publisher=uska&ept-name=saint-hilaire-de-riez-demoiselles-plage;Traité
Camping Le Rivage Quettehou;75 Rue Sainte-Marie 50630 Quettehou France;http://www.camping-lerivage.fr/;Traité
Camping Caravaneige Au Blanc Manteau;Rte de Ceuze 05400 Manteyer France;http://www.campingaublancmanteau.fr/;Traité
Camping Le Parc des Sérigons;300 Chem. des Sérigons 05400 La Roche-des-Arnauds France;https://www.camping-serigons.com/;Traité
Camping du Petit Vaux;19 chemin Raymond Mayzenc 05400 Veynes France;http://www.campingchezcamille.fr/;Traité
Camping la Sapinette ***;21 Av. René Delpech 11500 Quillan France;http://www.camping-quillan.fr/;Traité
Camping du centre de la Forge;11500 Quillan France;;
Camping Quillan;16 Rue Baptiste Marcet 11500 Quillan France;https://frlit.click/camping-quillan-xcxcau;Traité
Le Fontaulie Sud - Camping Piscine 3 étoiles;Chem. de Trabenet 11500 Nébias France;https://campinglefontauliesud.ellohaweb.com/;Traité
Camping La Crémade;Lieu dit la Crémade 6 D117 11140 Axat France;https://www.camping-la-cremade.com/;Traité
Camping Le Moulin Du Pont D'Alies;Pont d'alies 1 D117 11140 Axat France;http://www.alies.fr/;Traité
Camping Les Sapins;Le Village 11340 Camurac France;http://www.lessapins-camurac.com/;Traité
Camping SEASONOVA Sous Le Moulin - Condes;Rue de la Plage 39240 Condes France;https://vacances-seasonova.com/fr/camping/sous-le-moulin/;Traité
"Camping ""La croisée des chemins""";Hamel És Telliers 50680 Cerisy-la-Forêt France;https://www.camping-croisee-chemins.fr/;Traité
Camping le Montagnou en Ariège Ustou;Camping le Montagnou Rte de Guzet (le Trein) 09140 Ustou France;http://www.lemontagnou.com/;Traité
Camping Ariège | Camping Le Sedour;436 allée de Florac 09400 Surba France;https://www.camping-lesedour.com/?utm_source=gmb&utm_medium=organic;Traité
CAMPING LES VOILES SUR GROSNE;1 route de cortevaix Messeugne Lieu-dit 71460 Savigny-sur-Grosne France;https://www.lesvoilessurgrosne.com/;Traité
Camping Les Portes de l'Anjou;9 Rue du Camping 49430 Durtal France;https://www.lesportesdelanjou.com/;Traité
Camping Yelloh Village Les Pins;Le Guen 86 Rue des Moulins 22430 Erquy France;https://www.yellohvillage.fr/camping/les_pins?gad_source=1&gclid=CjwKCAiAjeW6BhBAEiwAdKltMpkl48bbIY04F8Kxi0pMerVd_BNJjgPr1uRbtLajDj32e58nMKYiShoCjP8QAvD_BwE&gclsrc=aw.ds;Traité
Camping La Vallée ***;de saint pabu de 12 Imp. du Coteau 22430 Erquy France;http://campinglavallee.fr/;Traité
Camping des Hautes Grées;123 Rue Saint-Michel 22430 Erquy France;http://www.camping-hautes-grees.com/;Traité
Camping l'orée de la Reine;Orée de la Forêt de la Reine 54470 Mandres-aux-Quatre-Tours France;https://denisfourriere.wixsite.com/camping-municipal;Traité
Camping des Neiges;438 Av. de Savoie 73260 Grand-Aigueblanche France;http://www.campingdesneiges.com/;Traité
Camping Marie-France ***;71 Rue de l'Etrat 73260 Grand-Aigueblanche France;http://campingresidencesmariefrance.fr/;Traité
Camping du Glaisy - Stüga Bivouac;Route de la montagne 73600 Notre-Dame-du-Pré France;http://www.stuga.fr/;Traité
Camping La Glière;Route Impériale Villette 73210 Aime-la-Plagne France;http://camping-la-gliere.fr/;Traité
Camping La Sapinière;Route du Col Amic 68500 Wuenheim France;;
Camping Marina Di Sorbo;3702 Strada Di Pinarellu 20213 Sorbo-Ocagnano France;http://www.marinadisorbo.net/;Traité
Camping La Ferme du Bord de Mer;43 Rte du Val de Saire 50760 Gatteville-le-Phare France;https://www.camping-gatteville.fr/;Traité
Camping Capfun - Lou Puntaou;1315 Av. du Lac 40550 Léon France;https://www.capfun.com/camping-france-aquitaine-lou_puntaou-FR.html;Traité
Camping Punta Lago - Lou Puntaou;1165 Av. du Lac 40550 Léon France;https://www.loupuntaou.com/;Traité
Camping La Dranse - Vacances André Trigano;100 Av. de Saint-Disdille 74200 Thonon-les-Bains France;https://vacances-andretrigano.com/camping/haute-savoie/la-dranse-thonon-les-bains;Traité
Camping Les Myosotis;28 Chem. du Grand Tronc 74500 Lugrin France;http://www.camping-les-myosotis.com/;Traité
Camping Vieille Eglise;53 Rte des Prés Parrau 74500 Lugrin France;https://www.camping-vieille-eglise.com/;Traité
Camping Municipal Val de Garonne;456 Rte des Charretiers 82400 Valence France;https://valencedagen.fr/camping-municipal-valence-dagen/;Traité
Camping la croix du bois sacker;la Croix Du Bois Sacker 57220 Burtoncourt France;http://www.campingcroixsacker.com/;Traité
Camping Au Lac d'Hautibus;Rue de la Sablière 79150 Argentonnay France;https://camping-lacdhautibus.com/;Traité
Camping La Motte;Place dit La Motte 21 route de la Genétouze 17270 Le Fouilloux France;http://www.camping-la-motte17.com/;Traité
Camping SEASONOVA Les Vosges du Nord - Oberbronn;3 Rue du Frohret 67110 Oberbronn France;https://vacances-seasonova.com/fr/camping/oberbronn/;Traité
Village Vacances et camping Couleurs Vendée;Vge des Gîtes 85320 Mareuil-sur-Lay-Dissais France;https://campingcouleursvendee.com/;Traité
Camping a l'oree Du Bois;5 Rue du Bouleau 68600 Geiswasser France;https://camping-geiswasser.fr/;Traité
Camping du Domaine La Plage du Garoustel;1 Renac 15150 Saint-Gérons France;https://www.camping-legaroustel.fr/;Traité
Camping Moulin de Chaules;Chaules 15600 Saint-Constant-Fournoulès France;https://www.moulin-de-chaules.com/;Traité
Camping U Prunelli;20166 Grosseto-Prugna France;http://www.camping-prunelli.com/;Traité
Camping Le Noyer du Baron;Le Tour du Lac 04340 Le Lauzet-Ubaye France;https://www.camping-noyerdubaron.com/;Traité
Camping du Lac de Saujon;Voie des Tourterelles 17600 Saujon France;https://www.campingsaujon.com/?utm_source=google&utm_medium=organic&utm_campaign=gbp;Traité
Camping a la ferme Mon Repos;16 Rue de la Maison Brûlée 85200 Saint-Michel-le-Cloucq France;https://www.fontenay-vendee-tourisme.com/offres/camping-a-la-ferme-mon-repos-saint-michel-le-cloucq-fr-3120710/;Traité
Camping L'îlot des marais;Par D 949 Fontenay-le-Comte / Luçon CD 30 à gauche 85370 85370 Le Langon France;http://www.campinglilotdesmarais-vendee.com/;Traité
Camping L'Oree du Bois;Rue de la Poste 22340 Plévin France;https://campingloreedubois.wordpress.com/;Traité
Camping des Dunes;80 Rue Victor Hugo 59820 Gravelines France;http://www.camping-des-dunes.com/;Traité
Camping de l'Estran;59123 Zuydcoote France;http://www.campingdelestran.com/;Traité
Camping Municipal Gîte d'Etape;Crx Garry 42660 Saint-Genest-Malifaux France;http://www.st-genest-malifaux.fr/camping/;Traité
Camping Municipal Epernay;All. de Cumières 51200 Épernay France;https://epernay.fr/services-et-demarches/mobilite/camping-cars/camping-municipal;Traité
Camping Le Mont Cesar;10 Av. de Toutevoie 60270 Gouvieux France;;
Camping Yelloh! Village Le Ranch;Chemin des Hautes Raillères 44770 La Plaine-sur-Mer France;https://www.camping-le-ranch.com/fr/?utm_source=google_my_business&utm_medium=organic&utm_campaign=cta_site_web;Traité
Camping Clos Mer et Nature;103 Rue de Tharon 44730 Saint-Michel-Chef-Chef France;https://www.camping-clos-mer-nature.fr/?utm_source=google&utm_medium=organic&utm_campaign=gbp;Traité
Flower camping la Guichardière;La FR 2 Rue de Mouton 44770 La Plaine-sur-Mer France;http://www.camping-laguichardiere.net/;Traité
Camping La Boutinardière;Camping la Boutinardière 23 Rue Plage de la Boutinardière 44210 Pornic France;https://www.camping-boutinardiere.com/;Traité
Camping La Sirène 4*;14 All. des Dunes 50590 Montmartin-sur-Mer France;https://www.campingmanche.fr/;Traité
CAMPING LA DEVEZE;410 Chemin de la devèze 46320 Livernon France;http://camping-ladeveze.com/;Traité
"Camping ""Les Cournoulises""";318 Rte du Bourg 46160 Montbrun France;http://www.lescournoulises.com/;Traité
Camping de la Saône;Rue du Bac 71590 Gergy France;http://campingdelasaone.jimdofree.com/;Traité
Camping Des Forges;1745 Rte de Lillebonne 76170 Saint-Antoine-la-Forêt France;https://www.normandie-tourisme.fr/camping/camping-les-forges/;Traité
Camping Vive la Vie;Lieu dit Le 3 Chem. des Tourbières 24450 La Coquille France;https://campingvivelavie.online/;Traité
Manzac Ferme - Camping/Caravanning For Adults only;Manzac Ferme 24300 Augignac France;http://www.manzac-ferme.com/;Traité
Camping RCN la Bastide en Ardeche;1 Route d'Ales 07120 Sampzon France;https://rcn.eu/rcn-la-bastide-en-ardeche?utm_source=gglePlusPlaces&utm_campaign=gglePlusPlaces&utm_medium=url&utm_content=LBEA;Traité
CAMPING DU LAC DE BUJALEUF;Route de la plage 87460 Bujaleuf France;https://campingbujaleuf.com/;Traité
Junora camping & glamping eco-logique;1 Route de la gare de la varache 87120 Eymoutiers France;https://www.junora.fr/;Traité
Camping du Lac;Les Champs 87440 Saint-Mathieu France;http://www.saintmathieulac.fr/;Traité
Camping Lous Suais;Lous Suais 87460 Cheissoux France;http://www.loussuais.com/;Traité
Camping & Gîtes En Campagne;17 16420 Saint-Christophe France;https://www.encampagne.com/;Traité
Camping Parc Verger;6 Le Poteau 87150 Champagnac-la-Rivière France;http://www.parcverger.com/;Traité
Camping de Coulvée;10 Chem. de Coulvée 49120 Chemillé-en-Anjou France;http://www.camping-coulvee-chemille.com/;Traité
Yelloh! Village Camping Le Couspeau;1055 route de Dieulefit 26460 Le Poët-Célard France;http://www.couspeau.fr/;Traité
Camping La Magaudie;La Magaudie E 19600 Chartrier-Ferrière France;http://www.lamagaudie.com/;Traité
Camping municipal les cent vignes;10 Rue Auguste Dubois 21200 Beaune France;https://www.campinglescentvignes.fr/;Traité
Camping Les Premières Vignes - Onlycamp;68 Rte de Bouilland 21420 Savigny-lès-Beaune France;https://camping-les-premieres-vignes.fr/;Traité
Camping du Sevron;115 Chemin du Camping 01370 Saint-Étienne-du-Bois France;http://www.campingdusevron.fr/;Traité
Camping La Camargue;Lieu-dit 19 Rte du Vieux Pont 43210 Bas-en-Basset France;http://www.camping-la-camargue.fr/;Traité
Camping La Tuilerie;Zone de Loisirs de La Tuilerie 57630 Vic-sur-Seille France;http://www.camping-la-tuilerie.com/;Traité
Camping Le Moulin Neuf;Chem. du Moulin Neuf 30700 Saint-Quentin-la-Poterie France;http://www.le-moulin-neuf.fr/;Traité
Camping Le Vieux Verger;Av. des Platanes 30330 Connaux France;https://www.campinglevieuxverger.com/;Traité
Camping des Bords de l'Huisne;2 Rue de l'Huisne 61110 Rémalard en Perche France;https://campingdesbordsdelhuisne.wordpress.com/;Traité
Camping le Moulin du Roy ***;Chem. de la Pergue 31250 Revel France;http://www.camping-lemoulinduroy.com/;Traité
Camping Ar Kleguer;Plage Ste Anne Av. de la Mer 29250 Saint-Pol-de-Léon France;https://www.camping-ar-kleguer.com/;Traité
Camping Sunêlia la Baie de Saint Pol;140 Rue de la Grève du Man 29250 Saint-Pol-de-Léon France;http://www.camping-saintpoldeleon.com/;Traité
Camping Le Dossen - Santec;590 Rue du Theven Bras 29250 Santec France;https://www.ville-santec.fr/economie/camping-municipal-des-dunes/;Traité
Camping du bois de la Palud;Le Bois de la Palud 29250 Plougoulm France;https://boisdelapalud.wixsite.com/campingplougoulm;Traité
Camping du Domaine de la Biette;2 Chau. Brunehaut 62460 Divion France;https://julumachis.wixsite.com/ledomainedelabiette;Traité
Camping Le Domaine du Trappeur;4274 Rte du Col de la Croix de Fer Turin 73530 Saint-Sorlin-d'Arves France;https://www.domainedutrappeur.com/;Traité
Camping Le Champ d'été - Onlycamp;220 rue du plan d'eau 01190 Reyssouze France;https://camping-pont-de-vaux.fr/;Traité
Camping Moulin Dollay;206 Rte du Moulin Dollay 74570 Groisy France;https://www.moulindollay.fr/;Traité
Camping Le Terroir;99 Chem. de Clairjoie 74160 Présilly France;http://www.leterroir.net/%20%20--%20Poru%20demandes%20infos%20:%20camping@leterroir.net%20--%20R%C3%A9servations%20yourtes%20locatives%20et%20grande%20salle%20:%20reservation@leterroir.net%20--%20R%C3%A9servations%20Yourte%20Cours%20et%20stages%20:%20yourteacorps@leterroir.net;Traité
Camping de Journans;190 Mnt de Saint-Valérien 01250 Journans France;https://www.journans.fr/guide-pour-les-visiteurs/le-camping/;Traité
Camping Yelloh! Village Domaine de l'Esquiras;1280 Chem. du Fez 07150 Vallon-Pont-d'Arc France;https://www.camping-esquiras.com/?utm_source=google_my_business&utm_medium=organic&utm_campaign=cta_site_web;Traité
Camping de Chartres;9 Rue de Launay 28000 Chartres France;https://camping-de-chartres.com/;Traité
Camping Restaurant la petite rivière;1 Gane Chapou 19320 Clergoux France;http://correzecamping.com/;Traité
Camping L'Arquet;Chem. de la Batterie 13500 Martigues France;https://www.ctoncamping.com/;Traité
Camping Les Tamaris | Pausado;4 Chem. des Tamaris 13500 Martigues France;https://les-tamaris.pausado.com/;Traité
Camping Le Mas;Chem. de Sainte-Croix 13500 Martigues France;https://www.camping-le-mas.com/;Traité
Camping les Acacias;Rue de Hirtzbach 68130 Altkirch France;https://camping-acacias-altkirch.com/;Traité
Camping Night&Day Olivet;Rue du Pont Bouchet 45160 Olivet France;https://www.night-and-day.fr/camping/22-camping-dolivet;Traité
Camping de Strasbourg;9 Rue de l'Auberge de jeunesse 67200 Strasbourg France;https://www.camping-strasbourg.com/?utm_medium=organic&utm_source=gmb&utm_campaign=citykamp_strasbourg;Traité
Camping Fougeraie;Hameau de Champs 58120 Saint-Léger-de-Fougeret France;https://www.camping-fougeraie-bourgogne-morvan.com/;Traité
Camping La Bedure;27 Rte d'Autun 58170 Luzy France;https://www.campinglabedure.com/;Traité
Camping les Soulins;Les Soulins 58120 Corancy France;http://www.campinglessoulins.fr/;Traité
Les Alizés - Camping Côte de Granit Rose;Rue Jean François Champollion 22300 Lannion France;http://www.camping-lesalizes.fr/;Traité
Camping Liberté Landrellec;3 Chem. des Douaniers 22560 Pleumeur-Bodou France;https://www.libertelandrellec.com/;Traité
West Camping;105 Rue Gabriel Vicaire 22700 Perros-Guirec France;http://westcamping.com/;Traité
Camping le Petit Bocage - Onlycamp;Rue de la Piscine 85140 Essarts-en-Bocage France;https://camping-essarts-en-bocage.fr/;Traité
Camping Capfun - Hameau du Petit Lay;1 Chauvin 85640 Mouchamps France;https://www.capfun.com/camping-france-pays_de_la_loire-hameau_du_petit_lay-FR.html;Traité
Camping Yelloh! Village;Rte de Lésigny 86270 La Roche-Posay France;https://www.larocheposay-vacances.com/;Traité
Bureau du Parc Résidentiel de Loisirs / Camping ST VIT;14 Rue de Roth 57910 Neufgrange France;http://www.camping-st-vit-57.com/;Traité
Camping Vagues Océanes - Bois Joly;46 Rue de Notre Dame 85160 Saint-Jean-de-Monts France;https://www.camping-vagues-oceanes.com/camping-vendee/bois-joly.html;Traité
Camping Le Bois Verdon;62 Rue du Moulin Casse 85160 Saint-Jean-de-Monts France;http://www.camping-leboisverdon.com/;Traité
Camping Resort La Forêt;190 Chem. de la Rive 85160 Saint-Jean-de-Monts France;https://www.hpa-laforet.com/;Traité
Flower Camping La Davière Plage;10 Chem. de la Davière 85160 Saint-Jean-de-Monts France;https://www.daviereplage.com/;Traité
Camping Clicochic - Plage des Tonnelles;18 Rte de la Tonnelle 85160 Saint-Jean-de-Monts France;https://www.clicochic.com/camping-france-pays_de_la_loire-tonnelle-FR.html;Traité
Camping Les Amiaux;223 Rue de Notre Dame 85160 Saint-Jean-de-Monts France;http://www.amiaux.fr/;Traité
Camping Homair - Le Domaine du Clarys;77 Av. des Épines 85160 Saint-Jean-de-Monts France;https://www.domaine-du-clarys.com/?utm_campaign=gmb_search&utm_medium=organic&utm_source=google;Traité
Camping la Paoute;160 Rte de Cannes 06130 Grasse France;http://www.campinglapaoute.com/;Traité
Camping La Vallée;Verghia 20138 Coti-Chiavari France;http://www.camping-lavallee.fr/;Traité
Camping Yelloh! Village Luberon Parc;Av. du Bois 13350 Charleval France;https://www.campingluberonparc.fr/fr/?utm_source=google_my_business&utm_medium=organic&utm_campaign=cta_site_web;Traité
Camping Le Bord de Mer;71 Chem. d'Erromardie 64500 Saint-Jean-de-Luz France;http://www.camping-le-bord-de-mer.fr/;Traité
Camping l'Olivier Anduze;3 Rte de la Plaine 30140 Massillargues-Attuech France;https://www.campinglolivier.com/;Traité
Camping Le Val d'Hérault;d'Issenssac Saint Etienne 34190 Brissac France;http://www.camping-levaldherault.com/;Traité
Camping des Varennes;Chem. des Varennes 49610 Mûrs-Erigné France;https://www.murs-erigne.fr/entreprise/camping-des-varennes/;Traité
Camping Au Pont du Dognon;Le Pont du Dognon 87240 Saint-Laurent-les-Églises France;http://www.campingdognon.com/;Traité
Camping Des Drouilhèdes;100 Allée du Camping 30160 Peyremale France;http://www.campingcevennes.com/;Traité
Camping La Redoute - Campéole;Rue de la Garenne 17940 Rivedoux-Plage France;https://www.campeole.com/camping/charente-maritime/la-redoute-rivedoux-plage;Traité
Camping Capfun - Tensch Jolie;Domaine de la Tensch 57660 Grostenquin France;https://www.capfun.com/camping-france-lorraine-tensch-FR.html;Traité
Camping La Sorguette;871 Rte d'Apt 84800 L'Isle-sur-la-Sorgue France;http://www.camping-sorguette.com/;Traité
Camping des Maurois (95) Val D'Oise;4 Rue des Maurois 95810 Grisy-les-Plâtres France;http://campingdesmaurois.fr/;Traité
Camping Le Font du Merle;70 Le Fraissinet 30110 Branoux-les-Taillades France;https://www.campinglefontdumerle.com/;Traité
Camping du Port ( 1 étoile );Le Port de Besle 44290 Guémené-Penfao France;;
Camping du Bosc;1299 avenue de bordeaux Le bosc 47110 Le Temple-sur-Lot France;https://camping-du-bosc.com/;Traité
Camping Pian Del Fosse;Route de Sant'Amanza D58 20169 Bonifacio France;http://www.camping-piandelfosse.com/;Traité
Camping Campo Di Liccia;Route de Porto Vecchio 20169 Bonifacio France;http://www.campingdiliccia.com/;Traité
Camping des Iles;Route de Piantarella 20169 Bonifacio France;http://www.camping-desiles.com/;Traité
Camping Cavallo Morto;T10 T10 20169 Bonifacio France;http://www.camping-cavallomorto.com/;Traité
Camping Touristique du Canal;10 Chem. du Canal 45630 Beaulieu-sur-Loire France;http://www.beaulieu-sur-loire.fr/fr/information/101640/camping-municipal;Traité
Camping Bois Girault;Bois Girault 45500 Gien France;https://bois-girault.com/;Traité
Camping Le Parc de Launay;213 L'Aunay Marais 37330 Souvigné France;https://www.camping-parcdelaunay.com/;Traité
Camping Bassin d'Arcachon Fontaine Vieille;4 Bd du Colonel Wurtz 33510 Andernos-les-Bains France;https://www.fontainevieille.fr/;Traité
Camping Les Arbousiers;134 Av. de Bordeaux 33510 Andernos-les-Bains France;http://www.camping-les-arbousiers.fr/;Traité
Camping Les Goélands;64 Av. de la Libération 33740 Arès France;https://campinglesgoelands.fr/;Traité
Camping Les Allées;Rte des Allées 87500 Coussac-Bonneval France;http://www.campinglesallees.com/;Traité
Camping Le Hameau des Lacs;2 Rte de Rodez 12430 Villefranche-de-Panat France;https://le-hameau-des-lacs.fr/;Traité
Camping La Chapoulière;140 Chapoulière 07120 Ruoms France;https://www.lachapouliere.com/;Traité
Camping le Casque Roi;580 Rte de Barjac 07150 Salavas France;http://www.camping-casqueroi.com/;Traité
Camping Le Soleil;Av. Michel Crépeau 17000 La Rochelle France;https://www.aubergesdejeunesse17.fr/camping-le-soleil-la-rochelle/;Traité
Camping Clicochic - Lac Du Lit Du Roi;922 Montaplan 01300 Massignieu-de-Rives France;https://www.clicochic.com/camping-france-rhone_alpes-lac_du_lit_du_roi-FR.html;Traité
Camping La Pierre De L'aigle;1020 route du col des fillys 04340 Ubaye-Serre-Ponçon France;https://www.campinglapierredelaigle.fr/;Traité
Camping Huttopia Lac de Serre Ponçon;3440 Route d’Ubaye 04340 Ubaye-Serre-Ponçon France;https://europe.huttopia.com/site/lac-de-serre-poncon/?utm_medium=organic&utm_source=gmb&utm_campaign=lace_de_serre_poncon;Traité
Camping Domaine Loisirs De L'ubaye;D900 04340 Méolans-Revel France;https://www.domaineubaye.fr/;Traité
Flower Camping Les Iles;245 Rte des Lacs 74190 Passy France;https://www.campinglesiles.fr/?ept-publisher=uska&ept-name=Passy-les-iles;Traité
Camping du Chesney;192 Rte du Chesney 74700 Domancy France;;
Nature & Lodge - Camping les Domes de Miage;197 Rte des Contamines 74170 Saint-Gervais-les-Bains France;https://www.natureandlodge.fr/;Traité
Camping Clicochic - Petit Bec;57 Av. des Becs 85270 Saint-Hilaire-de-Riez France;https://www.clicochic.com/camping-france-pays_de_la_loire-petit_bec-FR.html;Traité
Camping Le Lac des Sapins;968 Rue du Stade 69550 Cublize France;http://www.camping-lacdessapins.com/;Traité
Camping du Breuil;Le Breuil 61190 Beaulieu France;https://www.camping-du-breuil.com/?utm_medium=referral&utm_source=gmb&utm_campaign=lnk-gmb;Traité
Camping Parc des FONTANELLE;523 Av. Marcel Paul 83500 La Seyne-sur-Mer France;http://www.camping-fontanettes.com/;Traité
Camping des Playes;419 Rue Grand 83140 Six-Fours-les-Plages France;http://www.camplayes.com/;Traité
Camping les Pins - Centre ANAS Fabregas;Boulevard pauline Chem. des Sous/bois 83500 La Seyne-sur-Mer France;http://www.anas.asso.fr/;Traité
Camping Youcamp Village - Marseille Provence;1915 Chem. de la Thuilière 13400 Aubagne France;https://www.youcamp-marseille.fr/;Traité
Camping Les Prés - Onlycamp;1 Chem. des Prés 77880 Grez-sur-Loing France;https://www.terracamps.com/camping-nature/camping-les-pres-fontainebleau;Traité
La Camassade Camping dans la Nature;523 Rte de Pie-Lombard 06140 Tourrettes-sur-Loup France;https://www.camassade.com/;Traité
Camping des Gorges du Loup - 4 Etoiles;965 Chem. des Vergers 06620 Le Bar-sur-Loup France;http://www.lesgorgesduloup.com/;Traité
Gîte et Camping Le Village des Pingouins;Rte de Keroustad 29840 Porspoder France;https://www.laroutedespingouins.fr/product/les-cabanes-des-pingouins-a-porspoder/;Traité
Camping du Sierroz;Bd Robert Barrier 73100 Aix-les-Bains France;http://www.camping-sierroz.com/;Traité
Camping Le Pêcheur;160 Av. du Petit Port 73100 Aix-les-Bains France;https://campingpecheuraixlesbains.com/;Traité
Camping Ile Aux Cygnes;Le 501 Bd Ernest Coudurier 73370 Le Bourget-du-Lac France;http://www.ileauxcygnes.fr/;Traité
Camping Tarn | Domaine du Koukano;290 impasse de Combe Ramond 81470 Maurens-Scopont France;https://www.koukano.fr/?utm_source=google&utm_medium=organic&utm_campaign=gmb;Traité
Camping Fleur de Brière;Route d'Herbignac 44410 Saint-Lyphard France;https://www.campingfleurdebriere.com/;Traité
Camping Le Clos Normand;235 Rue de Pont Audemer 27310 Bourg-Achard France;http://leclosnormand-camping.fr/;Traité
Camping Domaine De La Cigaliere;Rte du Thoronet 83340 Le Cannet-des-Maures France;http://www.domaine-lacigaliere.com/;Traité
Camping Tikayan Rives du Lac de Sainte Croix;Quartier Notre Dame  chemin de la blache  RD71 83630 Bauduen France;https://www.tikayan.com/fr/camping-rives-du-lac-de-sainte-croix-accueil?utm_source=google&utm_medium=organic&utm_campaign=GBP;Traité
Camping Paradis Le Ruou - Camping Gorges du Verdon;309 RD 560 83690 Villecroze France;https://www.leruou.com/;Traité
Camping Liberté Verdon;P3FV+7X 1134 Chem. de l'Eouvière 83630 Artignosc-sur-Verdon France;http://www.liberteverdon.com/;Traité
Camping Les Bruyeres;33 Rte des Mayons 83340 Le Luc France;https://www.camping-les-bruyeres-83.com/;Traité
Camping Emeraude - Sunêlia;7 Chem. de la Souris 35800 Saint-Briac-sur-Mer France;https://www.campingemeraude.com/fr/;Traité
Camping de la Baie à Asserac - Loire Atlantique;23 Rte de Keravelo 44410 Assérac France;https://www.camping-delabaie.com/?utm_source=google&utm_medium=organic&utm_campaign=GMB&utm_id=gmb-baie;Traité
Camping Les Prairies de l'Étang;20 Rue du Pont aux Pages 44410 Assérac France;https://www.lesprairies.net/?utm_source=google&utm_medium=organic&utm_campaign=gbp;Traité
Camping Municipal La Raza Meillonnas;292 Chem. du Bois d'Amont 01370 Meillonnas France;https://meillonnas.grandbourg.fr/1705-camping.htm;Traité
Camping Le Baylou;Le Baylou 46170 Pern-Lhospitalet France;https://www.bienvenue-a-la-ferme.com/occitanie/lot/lhospitalet/ferme/le-baylou/64306;Traité
Camping Les Joumiers;lieu dit les joumiers 89520 Saint-Sauveur-en-Puisaye France;http://www.camping-joumiers.com/;Traité
Camping le Rouge Gorge;2 Rte de la Verrie 85290 Saint-Laurent-sur-Sèvre France;https://www.camping-lerougegorge-vendee.com/;Traité
Camping Municipal du Violu;Route Nationale 59 Le Pré Battant 88520 Gemaingoutte France;http://www.gemaingoutte.fr/page/12-camping;Traité
Camping la Chaumière;62 Rue de Galfingue 68990 Heimsbrunn France;http://www.camping-lachaumiere.com/;Traité
Camping les Cascades Yelloh! Village;693 Rte de Donnât 30200 La Roque-sur-Cèze France;https://www.campinglescascades.com/;Traité
Camping La Coquille;Chem. Carmignan 30200 Bagnols-sur-Cèze France;http://www.campinglacoquille.com/;Traité
Camping Les Genêts d'Or à Bagnols-sur-Cèze;1840 Chem. Carmignan 30200 Bagnols-sur-Cèze France;https://www.camping-genets-dor.com/;Traité
Camping La Roche Martin;23 Rue des Étangs 49420 Ombrée d'Anjou France;https://www.campinglarochemartin.com/;Traité
Camping La Vallée De l'oust;Le Painfaut 56350 Saint-Vincent-sur-Oust France;https://camping-lavalleedeloust.fr/;Traité
Camping de l'Etang du Goulot;2 Rue des Campeurs 58140 Lormes France;https://campingetangdugoulot.com/;Traité
Camping Night&Day de Courtille;Rue Georges Aulong 23000 Guéret France;https://www.night-and-day.fr/camping/12-camping-de-courtille;Traité
Camping Les Quatre Saisons;Chignat 7 23250 Soubrebost France;http://www.les-4-saisons.com/;Traité
CAMPING LES GENETS D`OR;151 Rte du camping 29380 Bannalec France;https://www.campinglesgenetsdor29.com/;Traité
Camping Nature et Vézère;18 route de Treignac 19260 Peyrissac France;https://campingnatureetvezere.fr/;Traité
Camping des Monédières;Croix de la Mission 19300 Saint-Yrieix-le-Déjalat France;;
Camping Municipal De L'enclose à Tarnac;Rue de l'Enclose 19170 Tarnac France;https://camping-municipal-de-lenclose.jimdosite.com/;Traité
Camping Vagues Océanes - Charmilles;1541 Rte de l'Océan 17450 Saint-Laurent-de-la-Prée France;https://www.camping-vagues-oceanes.com/camping-charente-maritime/domaine-les-charmilles.html;Traité
Camping de la Croze;48 Rte de Mozac 63140 Châtel-Guyon France;https://www.campingdelacroze.com/;Traité
Camping de Courte Vallée;8 Rue de Courte Vallée 79600 Airvault France;http://www.caravanningfrance.com/;Traité
Camping Le Martinet Rouge;2 Chemin du Lac des Rochers 11390 Brousses-et-Villaret France;https://www.camping-martinet.fr/;Traité
Camping Les Cochards - Onlycamp;1 Rue du Camping 41110 Seigy France;https://www.lescochards.com/;Traité
Camping du Méridien;Rue de la Dronne 24490 La Roche-Chalais France;https://campingdumeridien.wixsite.com/campinglarochechalai;Traité
Camping La Tuilière;La Tuilière 24700 Saint Rémy sur Lidoire France;http://www.camping-la-tuiliere-24.com/;Traité
Camping l’eau vive;126 Chem. des Eaux Vives 83460 Les Arcs France;http://www.campingleauvive.fr/;Traité
Camping Rives des Corbières - Port-Leucate;800 Av. Georges Candilis 11370 Leucate France;https://camping.rivesdescorbieres.com/;Traité
Camping Le Metz - Arlanc;14 Rue Jean Marotte 63220 Arlanc France;https://bnbofr.click/camping-metz-arlanc-r371t9;Traité
Camping municipal du ramier;Unnamed Road 31810 Vernet France;https://www.mairie-le-vernet-31.fr/la-commune/camping/;Traité
Camping Le Savoy;115 Av. du Parc 73190 Challes-les-Eaux France;https://www.family-camping-le-savoy.com/;Traité
Camping Vagues Océanes - Boudigau;45 Av. de la Plage 40530 Labenne France;https://www.camping-vagues-oceanes.com/camping-landes/le-boudigau.html;Traité
Camping Parc de La Garenne;CAMPING PARC 3 Chemin de la Garenne La Garenne 60870 Villers-Saint-Paul France;https://campingparcdelagarenne.fr/;Traité
Camping Le Tivoli;8 Imp. du Tivoli 48000 Mende France;http://camping-tivoli.com/;Traité
Camping Les Roussilles;2 Les Roussilles 87240 Saint-Sylvestre France;http://www.lesroussilles.com/;Traité
CAMPING MARMOTEL;La Salle 12130 St Geniez d'Olt et d'Aubrac France;http://www.marmotel.com/;Traité
Camping La Vieille Ferme;6 Chem. sous le Roc 05200 Embrun France;http://www.campingembrun.com/;Traité
Camping Municipal de La Clapière;Le Plan d'Eau 05200 Embrun France;http://www.camping-embrun-clapiere.com/;Traité
Camping du Club Nautique Alpin;9 Chem. de Chadenas 05200 Embrun France;https://www.cna-embrun.com/fr/hebergements;Traité
Camping les Tourelles;Quartier Chem. de Sainte-Marthe 05200 Embrun France;https://www.camping-alpes-les-tourelles.com/;Traité
Camping de la Tour;La Madeleine 05200 Embrun France;http://www.campinglatour.fr/;Traité
Camping Homair - Loyada;111 Rue de la Source 85440 Talmont-Saint-Hilaire France;https://www.camping-loyada.fr/?utm_campaign=gmb_search&utm_medium=organic&utm_source=google;Traité
Camping à la ferme Mas Carriere;30570 Saint-André-de-Majencoules France;http://camping-mas-carriere.com/;Traité
Camping Ardèche Le Verger de Jastres bord de rivière;44 Rte de Montélimar 07200 Saint-Didier-sous-Aubenas France;https://www.camping-levergerdejastres.com/;Traité
Flower Camping Le Plan d'Eau - Ardèche;42 Rte de L’Echelette 07200 Saint-Privat France;http://www.campingleplandeau.com/;Traité
Camping Ardèche Domaine de Gil;91 Rte de Vals 07200 Ucel France;http://www.domaine-de-gil.com/;Traité
Camping La Chaup;1637 Av. Honoré Couttolenc 04400 Enchastrayes France;http://www.campinglachaup.fr/;Traité
Camping le Tampico;70 Av. Emile Aubert 04400 Barcelonnette France;https://www.letampico.fr/;Traité
Camping le Planet;place d'Arnaudville 04850 Jausiers France;https://www.camping-jausiers.fr/;Traité
Camping Municipal Bel-Iscle;LE VILLAGE 04530 Saint-Paul-sur-Ubaye France;https://www.ubaye.com/camping/camping-bel-iscle/;Traité
Camping les Sorbiers;15 Rue de Fressain 59151 Bugnicourt France;;
Camping Chateau La Garenne;14260 Les Monts d'Aunay France;https://www.ukcampsite.co.uk/sites/details.asp?revid=10214;Traité
Camping Pause Loire (Belle Rivière);45 Rte des Perrières 44980 Sainte-Luce-sur-Loire France;http://www.camping-pauseloire.com/;Traité
Camping Beau Rivage;Lieu dit Rivière Haute Av. Paul Ramadier 12300 Livinhac-le-Haut France;;
Camping Municipal de la Vée;11 Avenue du Président René Coty 61140 Bagnoles de l'Orne Normandie France;http://www.campingbagnolesdelorne.com/;Traité
Camping de la Citadelle;2 Quai des Chantiers 33710 Bourg France;;
camping de la sauzelle;1 Francicot 33820 Saint-Aubin-de-Blaye France;;
Camping Le Parc;408 Quartier Trestaure 83440 Saint-Paul-en-Forêt France;http://www.campingleparc.com/?utm_source=gmb;Traité
Camping Le Reclus;Rte de Tignes 73700 Séez France;http://www.campinglereclus.com/;Traité
Camping Namasté;27 route de Toulouse 31480 Puysségur France;https://www.camping-namaste.com/fr/;Traité
camping les Hirondelles;Rue du Moulin de Dona 52150 Bourg-Sainte-Marie France;http://campingleshirondelles.ellohaweb.com/;Traité
Camping du Parc***;15 Laval Rd 53200 Château-Gontier-sur-Mayenne France;https://camping-chateau-gontier.fr/;Traité
Camping Le Bois Coudrais;Le Bois Coudrais 35270 Cuguen France;http://www.leboiscoudrais.com/;Traité
Camping La Gravière Du Moulin 3 étoiles;7 Rte de Frangey 89160 Lézinnes France;http://gravieredumoulin.lezinnes.fr/;Traité
Le Camping du Sans Souci;allée andré chevalier 72130 Fresnay-sur-Sarthe France;https://camping.fresnaysursarthe.fr/;Traité
"Camping ""Les Confluents"" de Migennes";Allée Léo Lagrange 89400 Migennes France;https://www.night-and-day.fr/camping/28-camping-les-confluents;Traité
Camping Sunelia l'Etang de Sologne;Rue des Peupliers 41600 Nouan-le-Fuzelier France;http://camping-sologne.com/;Traité
Camping L'Oasis;810 Chemin du Petit Chaleat 07370 Eclassan France;https://www.oasisardeche.com/;Traité
Camping et gîtes de Pont Augan;Camping De Pont Augan N°6 56150 Baud France;https://www.camping-pontaugan.fr/;Traité
Camping La Bruyère;594 Rte de la Bruyère 73160 Saint-Jean-de-Couz France;https://www.camping-labruyere-savoie.com/;Traité
Camping de Pors Ar Vag;Goulit ar Guer 29550 Plomodiern France;http://www.porsarvag.com/;Traité
Camping Gwel Kaër;Port du Fret 40 Rue de Pen an Ero 29160 Lanvéoc France;https://www.camping-crozon-bretagne.com/;Traité
Camping Les Régnières;29 Rte du Tracol 42220 Saint-Sauveur-en-Rue France;https://camping-les-regnieres-60.webself.net/;Traité
Le camping des ch'tis;Les Gaudes nèches 23190 Bellegarde-en-Marche France;https://www.lecampingdeschtis-23.fr/;Traité
Camping Municipal Aubusson;63 Côte Ribière 23200 Moutier-Rozeille France;https://www.aubusson.fr/camping-municipal/;Traité
Camping du Puy de Faux La Montagne;Chemin des étoiles 23340 Faux-la-Montagne France;https://gitesetcamping.fauxlamontagne.fr/camping-creuse-vassiviere/;Traité
Camping A l’abri de l'océan;LD 591 Rte de la Madeleine 29300 Baye France;https://www.alabridelocean.fr/fr-fr/;Traité
Camping Entre Terre Et Mer;Sapin En Gam Route d'Arzano 56620 Pont-Scorff France;https://www.camping-terre-et-mer.com/?utm_source=google&utm_medium=organic&utm_campaign=gbp;Traité
Camping Paradis La Baie de Ploemeur;Bd des Sables Blancs 56270 Ploemeur France;https://camping-labaiedeploemeur.com/?utm_source=google&utm_medium=organic&utm_campaign=gbp;Traité
Camping De Locouarn;1 ld Locouarn 29360 Clohars-Carnoët France;http://camping-locouarn.com/?utm_source=gmb&utm_medium=referal&utm_campaign=ref-juin-2025-26;Traité
Camping de Pen er Malo;route côtière D152 56520 Guidel France;http://www.camping-penermalo.fr/;Traité
Camping Paradis du Quinquis;Le Pouldu Lieu dit Quinquis n°2 29360 Clohars-Carnoët France;https://www.campingquinquis.fr/;Traité
Domaine Les Rives de l'Oust Camping Privé;3 Rue des Tanneurs 56140 Malestroit France;http://www.campingmalestroit.com/;Traité
Camping du Halage;Rte de Malestroit 56140 Saint-Congard France;https://www.broceliande-vacances.com/en/offers/camping-municipal-du-halage-saint-congard-en-2280370/;Traité
Camping municipal la Digue;56200 Saint-Martin-sur-Oust France;;
Camping Municipal Les Greves;Rue Jean Claude Papon 87700 Aixe-sur-Vienne France;https://www.mairie-aixesurvienne.fr/decouvrir-sortir/culture-sports-et-loisirs/camping-municipal/;Traité
Camping Les Acacias - Vichy Bord de l'Allier;Rue Claude Decloitre 03700 Bellerive-sur-Allier France;http://www.camping-acacias.com/;Traité
Camping Coccinelle;d 40a 66300 Banyuls-dels-Aspres France;http://www.camping-coccinelle.fr/;Traité
Camping Capfun - Malissonne;1845 D66 83740 La Cadière-d'Azur France;https://www.capfun.com/camping-france-provence_alpes_cote_d_azur-malissonne-FR.html;Traité
Camping du Cottage Fleuri;4 Imp. du Cottage 85360 La Tranche-sur-Mer France;http://thelisresa.webcamp.fr/?camping=cottagefleuri&PHPSESSID=7hn0hu8jcqegkcaclskgb360n0;Traité
La Carabasse - Camping Siblu;Av. de la Méditerranée 34450 Vias France;http://www.lacarabasse.fr/;Traité
Camping Le Mas de la Plage;211 Av. de la Plage 34450 Vias France;http://www.lemasdelaplage.com/;Traité
Camping du lac d'Aydat;Forêt du Lot 63970 Aydat France;http://www.camping-lac-aydat.com/;Traité
"Camping Intercommunal ""La Prairie""";La Chalotiére 61170 Saint-Julien-sur-Sarthe France;http://camping-la-prairie.com/;Traité
Camping à la maison;8 Troussel 61150 Vieux-Pont France;;
Camping Le Bois Flottant;3 Le Roussy 81210 Lacrouzette France;http://leboisflottant.fr/;Traité
Camping Municipal Le Vert ***;21 Av. du Stade 15600 Maurs France;https://www.ville-maurs.fr/camping-municipal-le-vert/;Traité
"camping ""Au bord de Bruche""";11 Rue Pierre Marchal 67570 Rothau France;https://www.auborddebruche.fr/;Traité
Camping de Milieee ????;Rue de Rohrbach 57412 Achen France;;
Camping des Loges;Rte de Bourgueil 49390 La Breille-les-Pins France;;
Camping du Letty;4 Chem. de Creisanguer 29950 Bénodet France;http://www.campingduletty.com/;Traité
Camping Homair - Port de Plaisance;7 Rte de Bénodet 29950 Clohars-Fouesnant France;https://www.camping-portdeplaisance.com/?utm_campaign=gmb_search&utm_medium=organic&utm_source=google;Traité
Camping de Bénodet;26 Rte de Kerangales 29950 Bénodet France;https://benodet-camping.fr/;Traité
Camping Huttopia Bourg Saint Maurice;1525 Rte des Arcs 73700 Bourg-Saint-Maurice France;https://europe.huttopia.com/site/camping-bourg-saint-maurice/?utm_medium=organic&utm_source=gmb&utm_campaign=bsm;Traité
Camping Club Les Dinosaures;360 Av. de la Plage 85440 Talmont-Saint-Hilaire France;http://www.campinglesdinosaures.com/;Traité
Camping Les Flots de l'Océan;759 Av. de la Plage 85440 Talmont-Saint-Hilaire France;https://campinglesflotsdelocean.com/;Traité
Camping Paradis la Pomme de Pin;Rue Vincent Auriol 85520 Jard-sur-Mer France;http://www.campingjard.fr/;Traité
Camping*** La Rincerie;La Hugerie 53800 La Selle-Craonnaise France;https://www.la-rincerie.com/les-hebergements/le-camping/;Traité
Camping de la Vallée;101 Rue de la Vallée 76730 Gueures France;http://www.camping-de-la-vallee.com/;Traité
Camping de la Châtaigneraie;Bourg 19430 Camps-Saint-Mathurin-Léobazel France;http://www.correze-camping.fr/;Traité
Camping Les Mimosas;Chem. de la Carosaccia 20090 Ajaccio France;http://www.camping-lesmimosas.com/;Traité
Camping Le Floréal;Rue de la Première Ecluse 34970 Lattes France;http://www.camping-lefloreal.com/;Traité
Camping municipal Les Prunettes;"44°04'14.1""N / 2°05'38.1""E 44.070583 / 2.093917 Fenouillet 81640 Monestiés France";https://www.monesties.fr/camping-municipal-les-prunettes-monesties-tarn_fr.html;Traité
Camping Capfun - Duravel;2344 Rte de Vire 46700 Duravel France;https://www.capfun.com/camping-france-midi_pyrenees-duravel-FR.html;Traité
Vakantie appartementen en camping Viens et Vois;15 Rue Gros Didier 55300 Rouvrois-sur-Meuse France;http://komenzie.nl/boerderij;Traité
Camping Clicochic - La Coutelière;2765 Route de Fontaine de Vaucluse / Fontaine de Vaucluse 84800 Lagnes France;https://www.lacouteliere.com/;Traité
Camping Port La Vallée;Rue des Gabares 49250 Loire-Authion France;https://camping-portlavallee.com/;Traité
Camping Municipal de l'Hippodrome;All. du Québec 72300 Sablé-sur-Sarthe France;http://camping.sablesursarthe.fr/;Traité
Camping du Toy;1284 Rte des Carroués 40990 Herm France;http://www.camping-du-toy.com/;Traité
Camping le Laha;3000 Route de Linxe 40260 Lesperon France;https://www.lelaha.com/;Traité
Camping insolite sur le chemin d'escoubes;211 Chem. d'Escoubes 32370 Manciet France;https://villafr.click/camping-insolite-sur-41j8cm;Traité
Camping L'Arc en Ciel **;705 Rue de la Halle 88170 La Neuveville-sous-Châtenois France;https://www.larcenciel.eu/;Traité
Camping du Pont d'Oust;1 Le Pont d'Oust 56220 Peillac France;http://www.campingdupontdoust.com/;Traité
camping Le val boisé;56 Av. du Captain Portheous 76370 Petit-Caux France;http://www.camping-levalboise.fr/;Traité
Camping des Hêtres;Rue du Cimetière 68480 Bendorf France;;
Camping rue du château;3 Rue du Château la Pommeraie 79190 Clussais-la-Pommeraie France;http://www.campingduchateaufr.com/;Traité
Camping Le Saint Martin - Landes;2655 Av. de l'Océan 40660 Moliets-et-Maa France;https://www.camping-saint-martin.fr/;Traité
Camping de la Gères;10 Rue de la Gérés 17700 Surgères France;http://www.campingdelageres.com/;Traité
Camping Îlot Du Chail;Rue des Gravées 79270 Sansais France;http://www.camping-ilotduchail.fr/;Traité
Camping du plan d'eau de vieure;La Bordé 03430 Vieure France;;
Camping Le Jardin du Marais;208 Rte de Saint-Gilles 85300 Le Perrier France;https://www.camping-le-jardin-du-marais.com/;Traité
Camping Le Grand Jardin - Vendée;50 Rue de la Barre 85690 Notre-Dame-de-Monts France;http://www.legrandjardin.net/;Traité
Camping la Fresnerie;La Fraignerie 85230 Saint-Gervais France;;
Camping Le Clos du Bourg NOTRE DAME DE MONTS;11 Rue du Perrier 85690 Notre-Dame-de-Monts France;https://www.campingclosdubourg.com/?utm_source=google&utm_medium=organic&utm_campaign=gbp;Traité
Camping Les Lacs d'Armagnac;Camping les Lacs d'Armagnac 2113 route de Castelnau d'Auzan 32800 Bretagne-d'Armagnac France;https://www.leslacs-darmagnac.com/;Traité
Camping La Forêt du Morvan;1 La Forêt 58370 Larochemillay France;https://campinglaforetdumorvan.com/;Traité
Camping Capfun - Oursière;1080 Av. du Général de Gaulle 38250 Villard-de-Lans France;https://www.capfun.com/camping-france-rhone_alpes-oursiere-FR.html;Traité
Camping Domaine LaCanal **;La Canal 81320 Nages France;https://www.lacanal.com/;Traité
Camping du Val de Blois;Lac de Loire D951 41350 Vineuil France;https://www.camping-loisir-blois.com/;Traité
Camping le pré fleuri;4 Rue de Predefin 62960 Febvin-Palfart France;https://www.facebook.com/profile.php?id=100091168762269;Traité
Camping du Vignal Ardèche;929 Chem. du Vignal 07230 Lablachère France;http://www.campingduvignal.com/;Traité
Camping Nature Parc L'Ardechois;934 Rte des Gorges 07150 Vallon-Pont-d'Arc France;http://www.ardechois-camping.com/;Traité
Camping de l'Ardèche - Vallon-Pont-d'Arc;100 Chem. de la Plage 07150 Salavas France;https://www.campingdelardeche-vallonpontdarc.com/;Traité
Camping Lou Vincen;Rte d'Aramon 30300 Vallabrègues France;http://www.campinglouvincen.fr/;Traité
Camping Les Mancellières;1300 Rte de Longeville 85440 Avrillé France;https://www.lesmancellieres.com/;Traité
Camping La Bolée D'Air - Chadotel;31 Rte du Bouil 85520 Saint-Vincent-sur-Jard France;https://www.chadotel.com/camping-la-bolee-dair-saint-vincent-sur-jard/;Traité
Camping Capfun - Eve;51 Rte du Fort de l'Eve 44600 Saint-Nazaire France;https://www.capfun.com/camping-france-pays_de_la_loire-l_eve-FR.html;Traité
Camping des Carrières et Nature;Rle Legrand 62170 Boisjean France;https://www.campingdescarrieres.fr/;Traité
Camping La Borie Basse;Caillogue 15190 Condat France;https://campinglaboriebasse.com/;Traité
Camping Chez de Vergne;6 Chez de Vergne 15190 Chanterelle France;https://www.chezdevergne.fr/#camping;Traité
Camping La Santoire;19 Rue des Rochers Le Bourg 15190 Saint-Bonnet-de-Condat France;https://www.campinglasantoire.fr/;Traité
Camping de Bourges - Onlycamp;26 Bd de l'Industrie 18000 Bourges France;https://www.terracamps.com/camping-nature/camping-de-bourges;Traité
Camping Ushuaïa Villages de Pont Calleck;Le Grayo 56240 Inguiniel France;http://www.camping-pontcalleck.fr/;Traité
Camping des Deux Jumeaux;Rte de la Corniche 64700 Hendaye France;http://www.camping-des-2jumeaux.com/;Traité
Camping Eskualduna;Rte de la Corniche 64700 Hendaye France;http://www.camping-eskualduna.fr/;Traité
Camping Alturan;64700 Hendaye France;http://www.camping-alturan.com/;Traité
Camping de la Corniche | Camping Hendaye | Flower;Chemin Antziola 64122 Urrugne France;https://www.camping-corniche.com/;Traité
Camping Abaya - Vacances André Trigano;5 Chem. de Ascoube Fagady 64700 Hendaye France;https://vacances-andretrigano.com/camping/pyrenees-atlantiques/abaya-hendaye;Traité
Camping Juantcho;875 Rte de la Corniche D912 64122 Urrugne France;http://www.camping-juantcho.com/?utm_source=gmb;Traité
Camping Le Parc;chemin Départemental 172 Rte de Mauguio 34970 Lattes France;http://www.leparccamping.com/;Traité
Camping Club Médoc Plage - MS Vacances;33 Av. de l'Europe 33930 Vendays-Montalivet France;https://www.ms-vacances.com/destinations/nouvelle-aquitaine/campings-gironde/camping-club-medoc-plage/?utm_source=gmb;Traité
Camping de Maxonchamp Leduc Olivier;3 Rue du Camping 88360 Rupt-sur-Moselle France;https://www.camping-vosges-88.com/;Traité
Camping de la Fontaine;Camping de la Fontaine Rue de Quéhello 56260 Larmor-Plage France;https://www.vvf.fr/destination/ete/camping-larmor-plage;Traité
Campingcar Park;19 Bd de la 2E Div d'Infanterie 08300 Rethel France;;
Camping L’oree de bairon;Derrière-Saint-Brice 08390 Bairon et ses environs France;https://www.facebook.com/share/17AiodtdwD/;Traité
Camping Homair - L'Ile du Rhin;Île du Rhin 68600 Vogelgrun France;https://www.campingiledurhin.com/?utm_campaign=gmb_search&utm_medium=organic&utm_source=google;Traité
Camping de Cornaton;N46 175 Imp. de Pouret 15 22 E 5 4 37 01310 Confrançon France;https://www.facebook.com/pages/category/Farm/Earl-de-Cornaton-1548090395317880/;Traité
Camping-Caravaneige municipal La Buidonnière***;Route de Cottériat 73500 Aussois France;https://www.aussois360.com/Camping/#des-emplacements-adaptes-toute-l-annee;Traité
Camping Municipal Parc Servois;11 Rue du Bac 24680 Gardonne France;http://www.parcservois.com/;Traité
Campix camping;2 Rue de la Goulette 60340 Saint-Leu-d'Esserent France;http://www.campingcampix.com/;Traité
Camping du Trou d'Argot;Rue Basse 21610 Montigny-Mornay-Villeneuve-sur-Vingeanne France;https://tourfr.click/camping-trou-argot-rkf6he;Traité
Camping les Verguettes****;119 Rte de Carpentras 84570 Villes-sur-Auzon France;http://www.provence-camping.com/;Traité
Camping Chateaumeillant;Camping Etang Merlin Rte de Vicq Exemplet 18370 Châteaumeillant France;;
Camping de la Meije***;Le Village 05320 La Grave France;http://www.camping-delameije.com/;Traité
CAMPING LES MOULETTES;5 Chem. de Félines 43800 43800 Vorey France;http://www.camping-les-moulettes.fr/;Traité
Camping de Saint Disdille - Au bord du Lac Leman;117 Av. de Saint-Disdille 74500 Thonon-les-Bains France;http://www.disdille.com/;Traité
Camping Le Rys;38 Rte de Rys 74500 Lugrin France;http://campinglerys.fr/;Traité
Camping Airotel Pyrenees;46 Avenue du Barège Esquièze-Sère 65120 Luz-Saint-Sauveur France;http://www.airotel-pyrenees.com/;Traité
Camping Le Bergons;Rte de Bareges 65120 Esterre France;https://www.camping-bergons.com/?utm_source=gmb;Traité
Camping le Bastan;Rte de Bareges 65120 Esterre France;http://www.luz-camping.com/;Traité
Camping Le HOUNTA ***;Camping Le Hounta 65120 Sassis France;http://www.campinglehounta.com/;Traité
Camping International;50 Av. du Barège 65120 Esquièze-Sère France;http://www.international-camping.fr/;Traité
Camping La Varenne - Onlycamp;34 Rue de Veillas 41210 Neung-sur-Beuvron France;https://www.camping-neung-sur-beuvron.fr/;Traité
Camping Les Chaumes du Mont - Onlycamp;Rte de Couches 21340 Nolay France;https://www.camping-de-nolay.fr/;Traité
Camping du lac Fontclaire 3 étoiles;Campsadourny Rte de l'Escale 11230 Puivert France;https://www.campings11.fr/;Traité
Camping Les Amandiers;6 Rue Eole 34120 Castelnau-de-Guers France;https://www.camping-les-amandiers.fr/;Traité
Camping Du Bois Vert;2 Rue du Bois Vert 56910 Carentoir France;https://www.camping-du-bois-vert.fr/;Traité
Camping de l'île aux pies;L'Île aux Pies 35600 Bains-sur-Oust France;http://www.campingileauxpies.com/;Traité
Camping du Littoral;Ker Eugène 56190 Ambon France;https://www.campingdulittoral.com/;Traité
Camping Les Goélands;Betahon - Plage 13 Rue du Bedume 56190 Ambon France;http://www.campinglesgoelands.com/;Traité
Camping La Blanche Hermine;Le Petit Boissignan 56190 Muzillac France;https://www.lablanchehermine.fr/;Traité
Camping Domaine du Morbihan;20 Rue de l'Ancienne Gare 56190 Ambon France;https://www.camping-domaine-du-morbihan.fr/;Traité
Camping Floral;75 N7 26740 La Coucourde France;http://www.campingfloral.com/;Traité
Camping du Bourg - Camping Alpes de Haute Provence;Route de Barcelonnette 20 Av. du Souvenir Français 04000 Digne-les-Bains France;http://www.campingdigne.com/;Traité
Camping Le Péguère;31 Rte de Pierrefitte 65110 Cauterets France;https://www.campingpeguere.com/;Traité
Camping Les Étangs Mina;17 Rte de Rochefort 17600 Saint-Sornin France;http://www.campingmina.com/;Traité
Camping Le Roc Qui Parle;12230 Nant France;http://www.camping-roc-qui-parle-aveyron.fr/;Traité
Camping Saint Paul;2 Rte Saint-Paul 27480 Lyons-la-Forêt France;https://campingsaintpaul-27.fr/;Traité
Camping Aix-en-Provence;41 Av. du Val Saint-André 13100 Aix-en-Provence France;https://www.camping-aix-en-provence.com/?utm_medium=organic&utm_source=gmb&utm_campaign=citykamp_aix_en_provence;Traité
Camping Le Vieux Berger;2 Rte de Julos 65100 Lourdes France;http://www.campingvieuxberger.fr/;Traité
Camping Domec;3 Rte de Julos 65100 Lourdes France;http://www.camping-domec-lourdes.com/;Traité
Camping Plein Soleil;11 Av. du Monge 65100 Lourdes France;https://www.camping-pleinsoleil.com/;Traité
Camping De Sarsan;4 Av. Jean Moulin 65100 Lourdes France;http://www.camping-sarsan.fr/;Traité
Camping La Via Natura D'Arrouach - Lourdes;9 Rue des 3 Archanges 65100 Lourdes France;https://www.camping-arrouach.com/;Traité
CAMPING LA FORET;Rte de la Forêt 65100 Lourdes France;http://www.camping-hautes-pyrenees.com/;Traité
Camping du Loup;Chem. de la Forêt 65100 Lourdes France;http://www.camping-du-loup-lourdes.com/;Traité
Camping Le Vallon Des Cigales;31 Route de St Chamas 13800 Istres France;http://levallondescigales.fr/;Traité
Camping du Muhlenbach;10 Rte de la Muhlenbach 57230 Sturzelbronn France;http://www.camping-muhlenbach.com/;Traité
La Pignade - Camping Siblu;45 Av. du Monard 17390 La Tremblade France;https://www.lapignade.fr/;Traité
Camping Capfun - Pinèdes du Lubéron;Av. Pierre Augier 84120 Pertuis France;https://www.capfun.com/camping-france-provence_alpes_cote_d_azur-pinedes_du_luberon-FR.html;Traité
Camping les Coullemières;Chem. des Coullemières 89270 Vermenton France;http://www.camping-vermenton.com/;Traité
village Camping de l'Ostriconi;route du bord de mer T30 village Camping de l Ostriconi lieu dit 20226 Palasca France;http://www.village-ostriconi.com/;Traité
Camping U Sole Marinu Location mobil Home;Camping U Sole Marinu Lieu-dit Catarelli 20253 Patrimonio France;http://www.usolemarinu.com/;Traité
Camping Nature L'Ombrage;6440 route de Ruoms Petit Chaussy Quartier le 07150 Lagorce France;http://www.campinglombrage.com/;Traité
Camping les Terrasses de Xapitalia;115 Chem. de Xixtartegia 64240 Hasparren France;http://www.camping-au-pays-basque.fr/;Traité
Camping Mas de la Cam Saint Jean du Gard;La Camp 30270 Saint-Jean-du-Gard France;http://www.camping-cevennes.info/;Traité
Camping Le Nauzan Plage;39 Av. de Nauzan Plage 17640 Vaux-sur-Mer France;https://campinglenauzanplage.com/?utm_source=google&utm_medium=organic&utm_campaign=gmb;Traité
Camping de Montéglin;26 Av. de Montéglin 05300 Laragne-Montéglin France;https://camping-monteglin.com/;Traité
Camping du Hameau des Damias;Ham. des Damias 05300 Éourres France;https://www.lesdamias.com/;Traité
Camping Les Princes d'Orange - Ciela Village;185 chemin des bouissettes 05700 Orpierre France;https://www.camping-princes-orange.fr/;Traité
Camping Les 2 Soleils - Ciela Village;845 Chem. du Sacre 05700 Serres France;https://www.domaine-2soleils.com/;Traité
Camping Le Garillon;10 Rue des Anciens Combattants 10500 Radonvilliers France;http://www.campinglegarillon.fr/;Traité
Camping Aquarev;Rte de Rennes 22600 Loudéac France;https://campingaquarev.fr/;Traité
Camping Figurotta;Rte de Narbonne 11200 Bizanet France;http://www.campingfigurotta.com/;Traité
Camping Le Marais Sauvage - Marais Poitevin;12 Rte de la Sèvre 85420 Le Mazeau France;https://thelisresa.webcamp.fr/cart-informations.php?camping=marais85&PHPSESSID=8snkc90gm0f749nfdshpnhi341;Traité
Camping des Conches;6 Rte du Grand Port 85420 Damvix France;http://www.camping-des-conches.fr/;Traité
Camping Les Bruyères***;Le Bouis D255 MORGAT MORGAT FR 29160 Crozon France;http://www.camping-bruyeres-crozon.com/;Traité
Camping Homair - La Vallée;88 Rue de la Vallée 14510 Houlgate France;https://www.campinglavallee.com/?utm_campaign=gmb_search&utm_medium=organic&utm_source=google;Traité
Camping Bonneval;165 Bonneval 07380 Fabras France;http://www.campingbonneval.com/;Traité
Camping Municipal Saint Pierre Château;Rue de St Pierre Château 87120 Eymoutiers France;;
Camping Le Cheyenne Limousin;Av. Michel Sinibaldi 87130 Châteauneuf-la-Forêt France;http://camping-le-cheyenne.com/;Traité
Camping La Calanque;La calanque 2875 Rte de la Calanque lieu-dit 89170 Saint-Fargeau France;http://www.camping-lacalanque.fr/?utm_source=gmb;Traité
Camping île Blanche - Ile de Ré;CAMPING ILE BLANCHE 9 Chem. des Bardonnières 17630 La Flotte France;https://www.ile-blanche.com/;Traité
Camping Les rives du lac;286 Av. Gambetta 46250 Cazals France;http://lesrivesdulac-cazals.com/;Traité
FLOWER CAMPING La Pointe Du Talud;Chem. de Kerroch 56270 Ploemeur France;https://www.campingpointedutalud.com/;Traité
Camping Rondinara;Suartone 20169 Bonifacio France;https://www.camping-rondinara.com/;Traité
Camping Les Mouettes;1 Rue de l'Étang 57815 Gondrexange France;https://www.camping-gondrexange.fr/;Traité
Camping Les Orangers;4 Chem. de Fiumicellu 20200 San-Martino-di-Lota France;http://www.camping-lesorangers.com/;Traité
Camping Aux Portes de Cassis;1120 Rte de Cassis 13830 Roquefort-la-Bédoule France;http://auxportesdecassis.com/;Traité
Camping du Pont Picot;Rue de Chevroches 58500 Clamecy France;http://www.clamecy.fr/;Traité
Camping Brasserie les Argousiers;766 Rue des Hemmes d'Oye 62215 Oye-Plage France;http://lesargousiers.com/;Traité
Camping du Port Mulon;Rue des Mares Noires 44390 Nort-sur-Erdre France;https://www.night-and-day.fr/camping/35-camping-du-port-mulon;Traité
Village et camping Les Bris Vacances passion;70 Bd de Gatseau 17370 Saint-Trojan-les-Bains France;https://www.vacances-passion.org/vv/vacances/a-chacun-ses-vacances/;Traité
Camping Sous Le Clocher;: Route de Vincelles lieu dit Le Clocher de Dormans 02850 Trélou-sur-Marne France;https://www.camping-sousleclocher.com/;Traité
Camping les Domes;Les quatre routes de 63210 Nébouzat France;https://www.les-domes.com/;Traité
Camping de la Haute Sioule;59 Route de la Sioule 63210 Saint-Bonnet-près-Orcival France;https://www.camping-hautesioule.fr/?utm_medium=referral&utm_source=gmb&utm_campaign=lnk-gmb;Traité
Motorcamping LEF;Cezenne 03250 La Guillermie France;https://www.motorcampinglef.com/;Traité
Camping Le Ventoulou - Lot;208 route de Mayrinhac 46500 Thégra France;https://www.camping-leventoulou.com/;Traité
Camping La Pommeraie;2 bis Av. Philadelphe de Gerde 65200 Gerde France;http://www.campinglapommeraie.com/?utm_source=gmb;Traité
Camping Le Lizot;Le Lizot 17470 Saint-Mandé-sur-Brédoire France;http://www.camping-lelizot.fr/;Traité
Camping Terre de Loire;6 route du 6 Port Saint-Maur route du 49250 La Ménitré France;https://camping-terredeloire.fr/;Traité
Camping de l'Ile Chambod ***;3232 Rte du Port 01250 Hautecourt-Romanèche France;http://www.campingilechambod.com/;Traité
Camping le Fromentel;Etang Moulin De Fromentel 1558 Rte de Bavay 59144 Gommegnies France;http://www.facebook.com/campinglefromentel/?utm_source=gmb;Traité
Camping de l'Ill - Colmar;Colmar 1 All. du Camping 68180 Horbourg-Wihr France;https://www.campingdelill.fr/?utm_medium=organic&utm_source=gmb&utm_campaign=citykamp_colmar;Traité
Camping Le Bodri;1 Ldt Palaja 20256 Corbara France;http://www.campinglebodri.com/;Traité
Camping Le Ruisseau;900 Rue Burruntz 64210 Bidart France;https://www.camping-le-ruisseau.fr/fr/?utm_source=google&utm_medium=organic&utm_campaign=my_business;Traité
Camping Rendezvous Lunas;11 Rte de Joncels 34650 LUNAS France;https://rendezvouslunas.com/;Traité
camping le cap du roc;1700 route de la palme 11210 Port-la-Nouvelle France;http://www.camping-cap-du-roc.com/;Traité
Camping Au Pré de l'Étang;L'Elemière 85150 Sainte-Foy France;http://www.camping-aupredeletang.com/;Traité
Fred's Place Camping Le Grand Chemin;15 Rte des Jaunets 50870 Subligny France;http://www.fredsplace.nl/php/start.php?lang=en;Traité
Camping de la Tour - Oudon;la Gare 44521 Oudon France;https://campingoudon.fr/;Traité
Camping des Halles - Onlycamp;All. Marcel Merle 58300 Decize France;https://camping-des-halles-decize.fr/;Traité
Camping La Ferme de la Maison Neuve;La Maison Neuve 85280 La Ferrière France;http://www.vendee-location-camping.com/;Traité
Camping La sensée;59265 Rue Jean Baptiste Alphonse 59265 Aubigny-au-Bac France;;
Camping de La Bradiere / Ouvert toute l'année;chemin de la bradière 49170 Savennières France;http://campinglabradiere.fr/;Traité
Camping Capfun - Grenouillère;Château de la Grenouillere 41500 Suèvres France;https://www.capfun.com/camping-france-centre-grenouillere-FR.html;Traité
Camping municipal du Freyssinet;PELVOUX Plateau des Essarts 05340 Vallouise-Pelvoux France;http://camping-le-freyssinet.weebly.com/;Traité
Camping d'Ailefroide;3405 Rte d'Ailefroide 05340 Vallouise-Pelvoux France;;
Camping Tikayan La Célestine;D907 04270 Beynes France;https://www.tikayan.com/fr/camping-la-celestine-accueil;Traité
"Camping Lozère Lac de Naussac ""Le Vieux Moulin""";Védilhon 48600 Grandrieu France;https://www.camping-lozere.info/;Traité
Camping Capfun - Lou Village;Chem. des Montilles 34350 Vendres France;https://www.capfun.com/camping-france-languedoc_roussillon-lou_village-FR.html;Traité
Camping Homair - Plage et Bord de Mer;Av. de la Méditerranée 34350 Vendres France;https://www.camping-plageetmer.com/?utm_campaign=gmb_search&utm_medium=organic&utm_source=google;Traité
Camping Côte du Soleil - Vacances André Trigano;chemin Des Pêcheurs Valras 34410 Sérignan France;https://vacances-andretrigano.com/camping/herault/cote-du-soleil-serignan;Traité
Camping Valras Monplaisir;Chem. des Montilles 34350 Valras-Plage France;http://www.camping-monplaisir.com/;Traité
Camping car et van camp Hello Summer Inn;0 Av. Charles Cauquil 34350 Valras-Plage France;https://hellosummerinn.fr/;Traité
Le Garrigon - Camping Vaucluse & Drôme provençale;69 Anc. Chem. Anc. Chem. de Visan 84 600 84600 Grillon France;https://www.camping-garrigon.com/?utm_source=google&utm_medium=organic&utm_campaign=gmb;Traité
Camping les Pins d'Ucel - 4 étoiles;35 Rte de Brechignac 07200 Ucel France;http://www.campinglespinsducel.com/;Traité
Camping Du Lac Terre d'Auge - Lodge 5 personnes - Lodge 2 chambres - sans sanitaires;14130 Pont-l'Évêque France;;
Camping du lac Terre d'Auge à Pont-l'Evêque;D48 14130 Pont-l'Évêque France;https://www.terredauge-camping.fr/fr/;Traité
Camping de la Verdière | Camping avec piscine | Les Gorges du Verdon;345 Rte de Manosque 83560 La Verdière France;https://www.camping-la-verdiere-83.com/;Traité
Camping Capfun - Sagittaire;Le Pont de Mirabel 26110 Vinsobres France;https://www.capfun.com/camping-france-rhone_alpes-sagittaire-FR.html;Traité
Camping Vagues Océanes - Lac de Panthier;1 Chemin du Lac 21320 Vandenesse-en-Auxois France;https://www.camping-vagues-oceanes.com/camping-cote-d-or/lac-de-panthier.html;Traité
Camping de Sologne Salbris;8 All. de la Sauldre 41300 Salbris France;https://www.campingdesologne.fr/;Traité
Camping La Simioune Vaucluse & Drôme Provençale;2100 Chem. de Guffiage 84500 Bollène France;https://www.la-simioune.fr/?utm_source=google&utm_medium=organic&utm_campaign=GBP;Traité
Camping La Résidence d'été - Mobilhome 8 personnes - Cottage Prestige Famille Clim - 35 m² - 3 chambres - 6/8 pers - climatisation & plancha;07700 Saint-Remèze France;https://www.holidu.de/d/63561395?ref_source=google_vr&utm_source=google_vr_eb;Traité
Camping La Résidence d'été - Mobilhome 4 personnes - Cottage Confort Clim - 24 m² - 2 chambres - 4 pers - climatisé;07700 Saint-Remèze France;https://www.holidu.de/d/63561399?ref_source=google_vr&utm_source=google_vr_eb;Traité
Camping Le Picard- Camping en Normandie - Camping Bayeux;Calvados Normandy 48 Voie Hubert 14330 Tournières France;http://www.camping-lepicardnormandy.com/;Traité
Camping Le Mouriol;RD680 15140 Salers France;https://www.salers.fr/camping-mouriol-salers-cantal_fr.html;Traité
Piscine du Camping Le Val d'Amour;1 Rue du Val d'Amour 39380 Ounans France;;
Flower Camping Le Fondespierre - Mobilhome 6 personnes - Premium - 28m²;34160 Castries France;https://www.holidu.de/d/50153459?ref_source=google_vr&utm_source=google_vr_eb;Traité
Flower Camping Le Fondespierre - Mobilhome 4 personnes - STANDARD - 26m²;34160 Castries France;https://www.holidu.de/d/48292218?ref_source=google_vr&utm_source=google_vr_eb;Traité
Flower Camping Le Fondespierre - Mobilhome 2 personnes - Mobil-home standard - 15 m² (1 chambre - climatisation - TV);34160 Castries France;https://www.holidu.de/d/55556241?ref_source=google_vr&utm_source=google_vr_eb;Traité
Flower Camping Le Fondespierre - Mobilhome 5 personnes - STANDARD 28M²;34160 Castries France;;
Flower Camping Le Fondespierre - Mobilhome 4 personnes - CONFORT - 26m² (2 chambres + climatisation);34160 Castries France;https://www.holidu.de/d/50151468?ref_source=google_vr&utm_source=google_vr_eb;Traité
Flower Camping Le Fondespierre - Mobilhome 6 personnes - CONFORT 4/6 pers 31 m²;34160 Castries France;;
Camping Municipal de Vire;Route de Maisoncelles 14500 Vire Normandie France;https://www.virenormandie.fr/decouvrir-vire-normandie/commune-nouvelle-attractive/camper-a-vire-normandie/;Traité
Camping Municipal des Bords de Vire;Le Moulin de sous le Bois 50420 Tessy-Bocage France;https://www.tessybocage.fr/annuaire/services/camping-de-pont-farcy/;Traité
Camping 3* Le Lac des Charmilles;Route de Vire 50160 Torigny-les-Villes France;http://www.camping-lacdescharmilles.com/;Traité
Flower Camping La Pibola Ariège Pyrénées;Le Cazalet 09500 Camon France;http://www.lapibola.com/;Traité
Camping Les Nysades;Camping Les Nysades Av. Jean Durroux 09500 Mirepoix France;http://www.camping-mirepoix-ariege.com/;Traité
Camping du Chêne Vert - Castelnau-de-Montmiral - Séjour ressourcant au coeur du tarn;342 Grande route de Grésigne 81140 Castelnau-de-Montmiral France;https://www.campingduchenevert.com/fr-fr/;Traité
Camping La Prade - Tente en toile et en bois 6 personnes - LE NID ECOLODGE AVEC COUCHAGES EN ETAGE;81190 Montirat France;https://www.holidu.de/d/47946925?ref_source=google_vr&utm_source=google_vr_eb;Traité
Camping La Périgourdine;La Périgourdine 24370 Pechs-de-l'Espérance France;http://campinglaperigourd.wixsite.com/la-perigourdine;Traité
Camping Les Belles Rives;624 Rue de la Rivière 24370 Cazoules France;https://www.night-and-day.fr/camping/37-camping-les-belles-rives;Traité
Flower Camping Les Ondines;Rue des Ondines 46200 Souillac France;https://www.camping-lesondines.com/?ept-publisher=uska&ept-name=souillac-les-ondines;Traité
Flower Camping Les Ilates;Le Petit Boucheau Rte du Grouin 17111 Loix France;https://www.camping-loix.com/?ept-publisher=uska&ept-name=loix-les-ilates;Traité
Camping So De Prous;19 Larise 65120 Saligos France;https://www.guide-toulouse-pyrenees.com/fr/tourisme/se-loger/camping/campings/luz-saint-sauveur-1209/camping-so-de-prous-7082.html;Traité
CAMPING AU VALLON ROUGE · APV · 4 Etoiles avec piscine - Provence;Rte de Gréolières 06480 La Colle-sur-Loup France;https://www.camping-apv.com/mediterranee/camping-provence-alpes-maritimes/la-colle-sur-loup/camping-au-vallon-rouge?utm_source=googlemybusiness&utm_medium=organic;Traité
Camping Sites et Paysages - Les Pinèdes - Mobilhome 4 personnes - Grand confort Riviéra;06480 La Colle-sur-Loup France;https://www.holidu.de/d/62454045?ref_source=google_vr&utm_source=google_vr_eb;Traité
Camping Sites et Paysages - Les Pinèdes - Mobilhome 4 personnes - Cottage Premium Bora;06480 La Colle-sur-Loup France;https://www.holidu.de/d/61992385?ref_source=google_vr&utm_source=google_vr_eb;Traité
Camping Le Champ Long;Camping Le Champ Long 52 allée du drac Chemin de 38350 La Salle-en-Beaumont France;https://www.camping-champlong.com/;Traité
Camping Belvédère de l'Obiou ****;Les Égâts n°4692 38350 Saint-Laurent-en-Beaumont France;https://camping-obiou.com/;Traité
Camping Saumur;Imp. de la Brèche 49730 Varennes-sur-Loire France;;
Camping Le Pyrénéen;rue du Bois de Pan 31110 Salles-et-Pratviel France;https://www.campinglepyreneen-luchon.com/;Traité
Camping le Domaine de Gajan - Mobilhome 4 personnes - Confort + LIFE PMR;34160 Boisseron France;https://www.holidu.de/d/47107770?ref_source=google_vr&utm_source=google_vr_eb;Traité
Camping Parc du Val de l'Eyre;8 Rte de Minoy 33770 Salles France;https://girondecamping.fr/;Traité
Camping l'Horizon;754 Le Thoron 74290 Talloires-Montmin France;http://www.camping-horizon.fr/;Traité
Camping du Lac;558 Rte d'Angon 74290 Talloires-Montmin France;http://du-lac.camp/;Traité
Camping La Chapelle Saint-Claude;125 Rte du Ponton 74290 Talloires-Montmin France;http://www.lachapellesaintclaude.com/;Traité
Camping Le Clos Don Jean;435 Rte du Clos Don Jean 74290 Menthon-Saint-Bernard France;https://www.campingclosdonjean.com/;Traité
Camping Le Lanfonnet;948 Rte d'Angon 74290 Talloires-Montmin France;http://www.camping-lanfonnet.com/;Traité
Lac d'Annecy Camping ****;1184 Rte d'Albertville 74410 Saint-Jorioz France;https://www.camping-lac-annecy.com/;Traité
Camping le Crêtoux - Lac d'Annecy;1059 Rte d'Entredozon 74410 Saint-Jorioz France;https://www.campinglecretoux.fr/;Traité
Le Bloemstraete (camping / gites / chambres d'hotes / camping car);1 Rue du Bloem Straete 59173 Renescure France;http://www.lebloemstraete.com/;Traité
Camping *** les Prés de la Mer;61 Grande Rue 76450 Vittefleur France;http://www.lespresdelamer.com/;Traité
Camping**** Maupassant;12 Rue de la Folie 76450 Vittefleur France;http://www.camping-maupassant.com/;Traité
Camping Vosges - Au Clos de la Chaume Sites et Paysages;671 Rue d'Alsace 88430 Corcieux France;https://www.camping-closdelachaume.com/;Traité
Camping Barre Y VA;16 Rte de Villequier 76490 Rives-en-Seine France;http://www.camping-barre-y-va.com/;Traité
Grand camp Famille de Camping pleine nature Maison Espalanusse;64360 Lucq-de-Béarn France;https://www.greengo.voyage/hote/camping-pleine-nature-maison-espalanusse/logement/grand-camp-famille-emplacement-de-camping;Traité
Camping Le Val de Cesse - Mobilhome 4 personnes - PREMIUM 30m² - 2 chambres - TV - lave-vaisselle - climatisation - terrasse;11120 Mirepeisset France;https://www.holidu.de/d/57069334?ref_source=google_vr&utm_source=google_vr_eb;Traité
Camping Le Val de Cesse - Mobilhome 6 personnes - PREMIUM 32m² - 3 chambres - TV - lave-vaisselle - climatisation - terrasse;11120 Mirepeisset France;https://www.holidu.de/d/57069335?ref_source=google_vr&utm_source=google_vr_eb;Traité
Camping Le Val de Cesse - Mobilhome 4 personnes - WELCOME 27m² - 2 chambres - TV - climatisation - terrasse;11120 Mirepeisset France;https://www.holidu.de/d/57069332?ref_source=google_vr&utm_source=google_vr_eb;Traité
Camping Le Val de Cesse - Mobilhome 6 personnes - WELCOME 32m² - 3 chambres - TV - climatisation - terrasse;11120 Mirepeisset France;;
Camping Les Roches;215 Mnt des Carriers 07200 Vogüé France;http://www.campinglesroches.fr/;Traité
Camping Les Peupliers en sud Ardèche à Vogüé;350 Chem. de l'Auzon 07200 Vogüé France;https://www.camping-ardeche-vogue.com/;Traité
Camping la Sousta;28 Av. du Pont du Gard 30210 Remoulins France;https://www.lasousta.com/;Traité
Camping Clicochic - Gorges du Gardon;762 Chem. de la Barque Vieille 30210 Vers-Pont-du-Gard France;https://www.clicochic.com/camping-france-languedoc_roussillon-gorges_du_gardon-FR.html;Traité
Camping Gorges du Gardon;Chem. du Passeur 30210 Vers-Pont-du-Gard France;https://www.capfun.com/camping-france-languedoc_roussillon-gorges_du_gardon-FR.html;Traité
Camping De la Belle Étoile;Rue du Stade 42380 Saint-Bonnet-le-Château France;http://www.campingdelabelleetoile.com/;Traité
Camping La Marmotte Sites et Paysages - Caravaneige;1228 Av. Maréchal Leclerc 63150 La Bourboule France;https://www.campinglamarmotte.com/fr/;Traité
Camping Le Panoramique;Rte de la Gacherie 63150 Murat-le-Quaire France;http://www.campingpanoramique.fr/;Traité
Camping Le Montbartoux - Auvergne - Puy de Dôme - 3 étoiles;1838 Montbartoux 63120 Vollore-Ville France;http://www.campingmontbartoux.com/;Traité
Camping Capfun - Mirabelle;Rte de Luttange 57940 Volstroff France;https://www.capfun.com/camping-france-lorraine-la_mirabelle-FR.html;Traité
Camping Mercone;2357 Route du Boziu 20250 Corte France;https://www.campingmercone-corte.com/;Traité
Camping U Sognu;Route de la Restonica 20250 Corte France;;
Camping Saint Pancrace;Chem. de Saint-Pancrace 20250 Corte France;http://www.campingsaintpancrace.com/;Traité
CAMPING ALIVI DI A RESTONICA;3 Faub. St-Antoine 20250 Corte France;https://www.alividiarestonica.com/?id=1&langue=fr;Traité
Camping La Restonica;2 Faub. St-Antoine 20250 Corte France;https://campingrestonica.com/;Traité
Camping de Tuani;Vallée de la Restonica 20250 Corte France;http://www.camping-corte.com/;Traité
Camping Campita;20236 Omessa France;http://www.campita.fr/;Traité
Camping Les Chaumettes;441 Chem. de Chambarot 83440 Montauroux France;;
Camping du Pont des Bergers;11 Rue du Pont des Bergers 86600 Sanxay France;http://sanxay.fr/;Traité
Camping Le Soulhol;Quai Auguste Salesse 46400 Saint-Céré France;https://www.camping-le-soulhol.fr/;Traité
Camping Lou Cornal;212 Chem. du Cornal 47270 Saint-Pierre-de-Clairac France;;
Camping municipal St Jacques;Quartier St Jacques 06430 Tende France;https://www.menton-riviera-merveilles.fr/mercantour-roya-bevera/vallee-de-la-roya/tende/;Traité
Camping à la Ferme du Seuillet;Rte de Turini 06380 Moulinet France;https://www.moulinet.net/site2/pages/Camping.php;Traité
Camping Le Romantic - Emplacements toiles de tentes et camping-cars - Parcelles résidentielles (ouvert à l'année);51 Rue des Frères Patteyn 59114 Steenvoorde France;https://www.campingleromantic.fr/;Traité
Camping La Joletiere;D99 85200 Mervent France;http://www.campinglajoletiere.fr/;Traité
Camping Domaine de La Tour - Camping Hautes Pyrénées;41 Av. du Lavedan 65400 Agos-Vidalos France;https://www.domainelatour.com/?utm_source=google&utm_medium=organic&utm_campaign=gmb;Traité
Camping La Ribère / Location Chalets et Emplacements;30 Rte de Labatsus 65120 Barèges France;https://www.laribere.fr/;Traité
Camping les Avignon - la Laune;Chem. de Saint-Honoré 30400 Villeneuve-lès-Avignon France;https://www.camping-villeneuvelezavignon.com/;Traité
Camping PYRENEVASION;954 Route de L'Ardiden 65120 Sazos France;https://www.campingpyrenevasion.com/;Traité
Camping La Mousquère;9 route de la mousquère 65170 Bourisp France;http://www.campinglamousquere.com/;Traité
Camping le Rioumajou;65170 Bourisp France;http://www.camping-le-rioumajou.com/;Traité
Camping du Val d'Autun;11 Rte d'Autun 65170 Saint-Lary-Soulan France;http://www.camping-saint-lary.com/camping-autun-st-lary.html;Traité
Camping De Bernadou;738 Chem. de Lisar 31340 Villemur-sur-Tarn France;https://www.complexedebernadou.com/;Traité
Camping les Oliviers;Chem. de Saint-Sauveur 04700 Oraison France;http://www.camping-oraison.com/;Traité
Camping Base De Plein Air;4 Chem. du Gué Rappeau 55300 Saint-Mihiel France;https://saint-mihiel.fr/camping/;Traité
Camping les Rives d'Auzon - Mobilhome 8 personnes - Confort pour 6/8 personnes;07170 Saint-Germain France;;
Camping les Rives d'Auzon - Mobilhome 6 personnes - Confort pour 4/6 personnes - NEW;07170 Saint-Germain France;;
Camping les Charmilles - Ardèche;1935 Route de Mirabel Quartier le Clapas 07170 Darbres France;http://www.campinglescharmilles.eu/;Traité
Camping - Gîte les Myrtilles Luchon Eté-Hiver;2 Chem. de la Tribune 31110 Moustajon France;http://www.camping-myrtilles-luchon.com/;Traité
Camping De KerEmma;Sablière 29430 Tréflez France;https://campingdekeremma.fr/;Traité
Camping Le Moulin des Effres;Complexe des Effres 79130 Secondigny France;https://www.camping-lemoulindeseffres.com/;Traité
Camping Domaine de la Pinède - Vacances André Trigano;Rte de Melgven 29910 Trégunc France;https://vacances-andretrigano.com/camping/finistere/domaine-de-la-pinede-tregunc;Traité
Camping Le bourgogne;14 Rue du Saucil 89500 Villeneuve-sur-Yonne France;;
Camping La Vallée Bleue Sahune;277 Rte de Nyons 26510 Sahune France;http://lavalleebleue.jimdofree.com/;Traité
ZEcamping 3 étoiles familial piscine chauffée locatif TV BBQ 32m2;80132 Port-le-Grand France;;
Camping municipal de Beausoleil;42310 La Pacaudière France;;
Camping sauvage chez l'habitant et Equest Terrain pour camping car;Sous le Mont 14260 Les Monts d'Aunay France;;
Camping des Rosaires;Chem. de Cadoret 3 b 22190 Plérin France;http://campingdesrosaires.jimdofree.com/;Traité
Camping Les Madières;le Vau Madec Lieu dit 22590 Pordic France;https://www.campinglesmadieres.com/;Traité
Camping La Petite Ville;75 Rue Lamartine 22590 Pordic France;https://www.campinglapetiteville.com/;Traité
Camping Les Mouettes **;Rue de la ville Ernault 22190 Plérin France;https://www.camping-cotesdarmor-lesmouettes.com/;Traité
ZEcamping 3 piscine chauffée sauna jacuzzi chalet 8m2 2 pers;29690 Huelgoat France;;
Camping Yelloh Village L'Etoile des Neiges;201 route de Serre-Nauzet 04140 Montclar France;https://www.etoile-des-neiges.com/;Traité
Camping Lou Passavous;3 Rte de Roussimal 04140 Le Vernet France;https://loupassavous.com/;Traité
Camping Capfun - Fort Falabraque;Rue des peupliers 67470 Seltz France;https://www.capfun.com/camping-france-alsace-fort_falabraque-FR.html;Traité
Camping Capfun - Val d'Authie;20 Rte de Vercourt 80120 Villers-sur-Authie France;https://www.capfun.com/camping-france-picardie-val_authie-FR.html;Traité
Piscine du camping Capfun Château d’Arvid;17 Rue Fernand Ledoux 14113 Villerville France;http://capfun.com/;Traité
Camping Capfun - Château D'Arvid;Rte du Val 14113 Villerville France;https://www.capfun.com/camping-france-basse_normandie-chateau_arvid-FR.html;Traité
Camping Capfun Plantas;1910 Rte des Plantas 07360 Saint-Vincent-de-Durfort France;https://www.capfun.com/camping-france-rhone_alpes-plantas-FR.html;Traité
Camping La Bourgnatelle - Mobilhome 4 personnes - LOGGIA;46130 Bretenoux France;https://www.holidu.de/d/40184622?ref_source=google_vr&utm_source=google_vr_eb;Traité
Camping Capfun - Parc de Paris;24 Rue Adèle Claret 77410 Villevaudé France;https://www.capfun.com/camping-france-ile_de_france-parc_de_paris-FR.html;Traité
Le Camping de Cucugnan;9 lieu dit de pla de l'oum 11350 Cucugnan France;http://www.campingcucugnan.com/;Traité
CAMPING DU LAC ****;CAMPING DU LAC 22 Imp. du Plan d'Eau Rue du 72160 Tuffé Val de la Chéronne France;http://www.camping.tuffe.fr/;Traité
Camping Municipal de Tulette;143 Av. du Château 26790 Tulette France;http://www.campingtulette.com/;Traité
Camping EAU NATURELLE 2 étoiles Dordogne-Périgord Noir;102 Chem. de la Combe 24620 Tursac France;https://www.campingeaunaturelle.com/?utm_source=google&utm_medium=wix_google_business_profile&utm_campaign=4493479566587087404;Traité
Camping La Ferme du Pelou Dordogne Périgord noir;Le pelou 24620 Tursac France;http://lafermedupelou.com/;Traité
ZEcamping 4 piscine chauffée toboggans animaux acceptés locatif 20m2;07200 Ucel France;;
ZEcamping 2 étoiles piscine animaux acceptés locatif 4 pers;20240 Ghisonaccia France;;
Camping Le Martinet - Onlycamp;14 Rte du Martinet 39200 Villard-Saint-Sauveur France;https://www.camping-saint-claude.fr/;Traité
Camping Du Lac Terre d'Auge - Mobilhome 4 personnes - Premium 2 chambres 31m²;14130 Pont-l'Évêque France;https://www.holidu.de/d/63794465?ref_source=google_vr&utm_source=google_vr_eb;Traité
Camping Tentes Gîtes Le Vallon d'Estivaux - Corrèze Nouvelle Aquitaine;11 Route de Moncoulon 19410 Estivaux France;https://vallon-estivaux.fr/;Traité
Flower Camping Le Soleil des Bastides - Mobilhome 6 personnes - Mobil home Lodgia option climatisation (4 adultes max + 2 pers. - 18 ans) 4/6 pers;81140 Cahuzac-sur-Vère France;;
Camping du Pont à Cochons;113 Rue des Pierres 59229 Téteghem-Coudekerque-Village France;http://www.campingdupontacochons.fr/;Traité
Camping Le Daguet - Mobilhome 4 personnes - PANORAMA;24170 Saint-Laurent-la-Vallée France;https://www.holidu.de/d/45745130?ref_source=google_vr&utm_source=google_vr_eb;Traité
Camping Le Céou - Bungalow toilé 4 personnes - 2 chambres (sans sanitaire);24250 Saint-Cybranet France;;
Camping Les Rives de la Dordogne - Vacances André Trigano;1871 Rte de la Forêt 24250 Domme France;https://vacances-andretrigano.com/camping/dordogne/les-rives-de-la-dordogne-domme;Traité
Camping Le Verdoyant;211 Chem. du Jarry Carrey 24210 Thenon France;https://campingleverdoyant.fr/;Traité
Camping La Garenne - Mobilhome 4 personnes - 22 Résidence les tournesols + Terrasse couverte +Télévision 1/4 pers;24210 Peyrignac France;https://www.holidu.de/d/44422800?ref_source=google_vr&utm_source=google_vr_eb;Traité
Camping La Garenne - Mobilhome 6 personnes - 24 Résidence Noisette 32m2 Terrasse Couverte + télevision + Lave vaisselle + climatisation 1/6 pers;24210 Peyrignac France;;
Camping La Garenne - Mobilhome 4 personnes - 71 Résidence les chênes + Terrasse couverte +Télévision 1/4 pers;24210 Peyrignac France;https://www.holidu.de/d/63747557?ref_source=google_vr&utm_source=google_vr_eb;Traité
Camping Municipal Solange Sand **;2 Pl. de Verdun 36400 Montgivray France;;
Camping les Peupliers - Tente en toile et en bois 5 personnes - Ecolodge;34440 Colombiers France;https://www.holidu.de/d/62318880?ref_source=google_vr&utm_source=google_vr_eb;Traité
Camping de la Pelouse;6 Chem. du Fey 54470 Jaulny France;https://bookingpremium.secureholiday.net/fr/4835/;Traité
Camping La Palhère;Camping la Palhère 373 Rte du Mas de la Barque 48800 Pourcharesses France;https://www.campinglapalhere.com/;Traité
Camping Lac de Villefort;846 rue de Bayard 48800 Pourcharesses France;https://camping-lac-cevennes.com/;Traité
Camping de Saint-Aygulf Plage;270 Bd Salvarelli Quartier de 83370 Fréjus France;https://www.campingdesaintaygulf.fr/?utm_source=google&utm_medium=my-business&utm_campaign=google-my-business;Traité
Camping de l'Étang;14 Rue de l'Étang 28480 Thiron-Gardais France;http://www.campingdeletang.fr/;Traité
Camping Paradis Les 2 îles - Peyrat-le-Château;130 Rte du Barrage 87470 Peyrat-le-Château France;https://campingles2iles.fr/;Traité
Camping Les Couesnons près du Mont Saint Michel;8 L'Hôpital 35610 Roz-sur-Couesnon France;https://lescouesnons.com/;Traité
Camping La Marjorie - Chalet 6 personnes - Class 3;39000 Chille France;;
ZEcamping 4 étoiles piscine mobil-home TV BBQ clim 36m2;30140 Mialet France;https://www.expedia.com/Hotel.h118917154.Hotel-Information?mdpcid=META.HPA.WEB-ORGANIC.VR;Traité
Camping Les Rivages Sandaya - Millau - 4 étoiles;860 Av. de l'Aigoual 12100 Millau France;https://www.sandaya.fr/nos-campings/les-rivages?utm_campaign=cta_site_web_les_rivages&utm_medium=gbp&utm_source=google;Traité
Camping de Thoissey - Val de Saône*** - Porte Dombe Beaujolais;Le Port 01140 Thoissey France;https://www.campingdethoissey.fr/;Traité
Camping de l'Hofland;1482 Rte de Bourbourg 59285 Rubrouck France;http://www.campingdelhofland.com/;Traité
Camping Les Goélands proche Dieppe - Seine Maritime;11 Rue des Grèbes 76370 Petit-Caux France;https://www.camping-les-goelands.fr/;Traité
Camping de la Base Nautique;1 chemin de la plage 12490 Saint-Rome-de-Tarn France;http://www.camping-aveyron-tarn.com/;Traité
Camping la Kilienne;1 Rue du Moulin 62760 Warlincourt-lès-Pas France;https://www.lakilienne.fr/?utm_source=gmb;Traité
camping la kilienne passage camp 4;22 Rue de la Vallée 62760 Grincourt-lès-Pas France;https://www.lakilienne.fr/;Traité
Camping Le Lac de Thoux - Ciela Village - Gers;lieu dit Lannes 32430 Thoux France;https://www.camping-lac-thoux.fr/;Traité
Camping Meilhan sur Garonne;Lieu dit Au Jardin 47180 Meilhan-sur-Garonne France;;
Camping La Forêt;Falguières 30270 Saint-Jean-du-Gard France;http://www.camping-cevennes-nature.com/;Traité
Camping du Port d'Alon;1647 Rte de Port d'Alon 83270 Saint-Cyr-sur-Mer France;https://www.saintcyrsurmer.com/hotellerie-plein-air/camping-du-port-dalon-saint-cyr-sur-mer/;Traité
Camping des Eydoches;515 Av. des Marais 38260 Faramans France;https://www.camping-bievre-isere.com/;Traité
Camping municipal L'Etoile Saint-Hilaire-de-Chaléons;place Rue Eloi Guitteny 44680 Saint-Hilaire-de-Chaléons France;http://www.saint-hilaire-de-chaleons.fr/;Traité
Camping La Rabine - Piscine chauffée & Nature (Rétro-littoral);All. de la Rabine 44270 Machecoul-Saint-Même France;http://camping-la-rabine.com/;Traité
Camping Domaine du Collet - Loire Atlantique;Le Collet 44760 Les Moutiers-en-Retz France;https://www.domaine-du-collet.com/?utm_source=google&utm_medium=organic&utm_campaign=gbp;Traité
Camping Les Chênes Verts;215 Rue des Prés Morin 44580 Villeneuve-en-Retz France;http://www.leschenesverts.info/;Traité
Camping Ile aux loisirs;102 Rte de Saint-Savinien 17350 Le Mung France;https://campingileauxloisirs.fr/;Traité
Camping Las Prades;Chem. de Lasprades 31250 Vaudreuille France;https://www.campinglasprades.fr/;Traité
Camping Flower Au Bois des Biches à Saint Hilaire de Riez;9 Chem. de Petite Baisse 85270 Saint-Hilaire-de-Riez France;https://www.camping-les-biches.com/;Traité
Camping Odalys L'Etang de Besse;2 Av. de la Parée Préneau 85270 Saint-Hilaire-de-Riez France;;
Aloa Vacances - Camping Riez à la Vie;23 Av. de la Parée Préneau 85270 Saint-Hilaire-de-Riez France;https://www.riezalavie.com/;Traité
Camping Panorama du Rohou (Ouvert du 15 Mars au 1er Novembre);17 Chem. du Rohou 22620 Ploubazlanec France;http://www.campingpanorama.com/;Traité
Camping Paradis Le Vallespir | Camping Arles-sur-Tech (66);Avenue Alzine Rodone 66150 Arles-sur-Tech France;http://www.campingvallespir.com/?utm_source=gmb&utm_medium=organic;Traité
Camping du Riuferrer - Bungalow toilé 4 personnes - MARQUISE;66150 Arles-sur-Tech France;https://www.holidu.fr/d/56843964?ref_source=google_vr&utm_source=google_vr_eb;Traité
Camping LES FOULONS;220 Rte de Lamastre 07300 Tournon-sur-Rhône France;http://camping-les-foulons.com/;Traité
Camping Eurosol Yelloh Village - Landes;4259 Rte de la Plage 40560 Vielle-Saint-Girons France;https://www.camping-eurosol.com/;Traité
Camping L'Océane | Camping 4 étoiles Landes;6348 Rte des Lacs 40560 Vielle-Saint-Girons France;https://www.camping-oceane.fr/;Traité
Campings Anwb;Parc de Fierbois 37800 Sainte-Catherine-de-Fierbois France;;
Camping de la Motte;Le Port de Nouatre 37800 Marcilly-sur-Vienne France;https://campingdelamotte.com/;Traité
Camping Saintes Grandes Rives - Tente en toile et en bois 4 personnes - Safari Lodge - 2 chambres + Frigidaire + Terrasse;17810 Saint-Georges-des-Coteaux France;https://www.holidu.de/d/61775533?ref_source=google_vr&utm_source=google_vr_eb;Traité
Camping des Salines - Salies de Béarn | BEARN;1 Chem. de Mosqueros 64270 Salies-de-Béarn France;https://camping-bearn.com/;Traité
Camping Résidence Mare e Monte - Maison 4 personnes - Villa Stella 2/4 personnes (41 m²);France;;
Camping La Source;425 Rte des Gweiots 56360 Sauzon France;http://www.belleile-lasource.com/;Traité
Camping Le Tivoli - Camping ouvert du 1er mai au 31 août;38 Rue du Ponteil 34190 Laroque France;http://www.camping-letivoli-laroque.fr/;Traité
Camping Sites et Paysages - Le Vaubarlet - Mobilhome 6 personnes - ROCHEBARON - Mobil Home 5 6 pers;43600 Sainte-Sigolène France;;
Camping Sites et Paysages - Le Vaubarlet - Mobilhome 7 personnes - LA TRIBU- Mobil Home 4 7 pers;43600 Sainte-Sigolène France;https://www.holidu.de/d/51460755?ref_source=google_vr&utm_source=google_vr_eb;Traité
Camping Ushuaïa villages Sabot - Mobilhome 4 personnes - OHARA TYPE 2;43200 Saint-Maurice-de-Lignon France;https://www.holidu.fr/d/36380259?ref_source=google_vr&utm_source=google_vr_eb;Traité
Camping 4 étoiles - Piscine - ccbgafi;49700 Doué-en-Anjou France;https://www.expedia.com/Hotel.h132329556.Hotel-Information?mdpcid=META.HPA.WEB-ORGANIC.VR;Traité
Camping;72 A Rte de la Hingrie 68660 Rombach-le-Franc France;http://www.eurocampings.co.uk/;Traité
Camping Les Cerisiers du Jaur - Mobilhome 4 personnes - COTTAGE BIGARREAU 26 m² 2 CHAMBRE C;34220 Saint-Pons-de-Thomières France;https://www.holidu.de/d/44422447?ref_source=google_vr&utm_source=google_vr_eb;Traité
Camping Municipal Le Claps;268 Route de Vieussan 34390 Mons France;http://www.camping-leclaps.fr/;Traité
Camping Car Mobil-home Tentes Lamalou les Bains Domaine de Gatinié;801 Rte de Gatinié 34600 Les Aires France;https://www.domainegatinie.com/;Traité
Camping La Plage de L'Orb - Mobilhome 4 personnes - 2 chambres 4 personnes;34460 Cessenon-sur-Orb France;https://www.holidu.fr/d/47897711?ref_source=google_vr&utm_source=google_vr_eb;Traité
Camping Les Cerisiers du Jaur - Mobilhome 2 personnes - COTTAGE SWEET 18 m² 1 CHAMBRE;34220 Saint-Pons-de-Thomières France;;
Camping 3 étoiles - Piscine - ccbgaci;28120 Illiers-Combray France;;
Camping Les Mouettes – Agon-Coutainville – Manche;7 Rue du Dr Viaud 50230 Agon-Coutainville France;http://camping-les-mouettes.com/;Traité
Camping Capfun - Suzel;Rte de Herrlisheim D1 68127 Sainte-Croix-en-Plaine France;https://www.capfun.com/camping-france-alsace-suzel-FR.html;Traité
Camping D'auberoche - Mobilhome 4 personnes - Trigano Confort 4 personnes;24640 Bassillac et Auberoche France;;
Camping D'auberoche - Mobilhome 4 personnes - MERCURE 29m² - 2 chambres;24640 Bassillac et Auberoche France;https://www.holidu.de/d/51210598?ref_source=google_vr&utm_source=google_vr_eb;Traité
Camping Le Clupeau;Le Clupeau 451 Rte de Génis 24390 Cherveix-Cubas France;https://camping-leclupeau.com/;Traité
Camping fondespierre;277 Pioch Viala 34160 Castries France;http://www.camping-fondespierre.com/?utm_source=gmb;Traité
ZEcamping 4 étoiles piscine couverte club enfant locatif 28m2 8 pers;40160 Gastes France;https://www.expedia.com/Hotel.h110738640.Hotel-Information?mdpcid=META.HPA.WEB-ORGANIC.VR;Traité
ZEcamping 4 animé piscine couverte animaux acceptés locatif clim 28m2;40160 Gastes France;https://www.expedia.com/Hotel.h110981394.Hotel-Information?mdpcid=META.HPA.WEB-ORGANIC.VR;Traité
ZEcamping 4 familial piscine couverte animaux acceptés locatif clim;40160 Gastes France;https://www.expedia.com/Hotel.h110981373.Hotel-Information?mdpcid=META.HPA.WEB-ORGANIC.VR;Traité
ZEcamping 4 piscine couverte locatif clim 36m2;40160 Gastes France;https://www.expedia.com/Hotel.h110981361.Hotel-Information?mdpcid=META.HPA.WEB-ORGANIC.VR;Traité
ZEcamping 4 familial piscine couverte chiens acceptés locatif clim;40160 Gastes France;https://www.expedia.com/Hotel.h110981382.Hotel-Information?mdpcid=META.HPA.WEB-ORGANIC.VR;Traité
ZEcamping 4 familial piscine couverte locatif clim 28m2 6 pers;40160 Gastes France;https://www.expedia.com/Hotel.h110981388.Hotel-Information?mdpcid=META.HPA.WEB-ORGANIC.VR;Traité
ZEcamping 4 piscine couverte animations locatif clim 36m2 6 pers;40160 Gastes France;https://www.expedia.com/Hotel.h110738633.Hotel-Information?mdpcid=META.HPA.WEB-ORGANIC.VR;Traité
ZEcamping 4 étoiles piscine couverte locatif TV LV clim 36m2;40160 Gastes France;https://www.expedia.com/Hotel.h110738642.Hotel-Information?mdpcid=META.HPA.WEB-ORGANIC.VR;Traité
Camping aux 4 vues;2190 Rte de Lasbordes 11400 Saint-Papoul France;http://www.campingauxquatrevues.fr/;Traité
Camping Le Pré aux Moines - Onlycamp;Av. de la Gare 41360 Savigny-sur-Braye France;http://www.camping-savigny-sur-braye.fr/;Traité
Camping 3 étoiles Borepo - Villeveyrac;domaine st raymond 34560 Villeveyrac France;https://www.campingborepo.fr/;Traité
Camping & Gîtes l'AFFENAGE Vallée de l'Hérault;Av. de Canet 34230 Le Pouget France;https://campinggite-affenage.com/;Traité
Camping Paradis Family les Rives de l'Hérault;Chem. de la Meuse 34150 Gignac France;https://www.familys-camping-lesrivesdelherault.fr/;Traité
Camping Capfun - Hauts de Ratebout;1892 Rte de Ratebout 24170 Sainte-Foy-de-Belvès France;https://www.capfun.com/camping-france-aquitaine-haut_ratebout-FR.html;Traité
Camping Les Bords de Creuse;Rue du Pont 37290 Yzeures-sur-Creuse France;https://www.campingcarpark.com/fr_FR/camping-car/centre-val-de-loire/indre-et-loire/yzeures-sur-creuse;Traité
Camping le Rousieux - Tente en toile et en bois 4 personnes - Lodge Safari - 25m² - 2 chambres + terrasse 10m2;81220 Serviès France;;
Camping le Domaine des Guifettes · APV · 3 étoiles;Rue de la Clairaye 85400 Luçon France;https://www.camping-apv.com/atlantique/camping-vendee/camping-lucon/domaine-des-guifettes?utm_source=googlemybusiness&utm_medium=organic;Traité
Camping 3 étoiles en Vendée à l'Aiguillon la Presqu'Île - Flower camping Le Pré des Sables;Rue Jean Racine 85460 Grues France;https://www.campinglepredessables.fr/?utm_source=gmb&utm_medium=organic;Traité
Camping Du Lac Terre d'Auge - Mobilhome 4 personnes - Mobil home 2 chambres 25m²;14130 Pont-l'Évêque France;https://www.holidu.de/d/62369579?ref_source=google_vr&utm_source=google_vr_eb;Traité
Aire naturelle de camping Sore;183 Rue de la Piscine 40430 Sore France;https://www.sore.fr/Vie-pratique/Hebergements/Aire-naturelle-de-camping-2-epis;Traité
Camping 4 étoiles - Piscine - ccbade0;09240 La Bastide-de-Sérou France;https://www.vrbo.com/pdp/lo/113870396?MDPCID=VRBO-META.HPA.WEB-ORGANIC.VR;Traité
Camping prévert 2 épis Gites de Fr à Lespielle 64350;8 Chem. du Bourg 64350 Lespielle France;https://gitesmoulinbellegarde64350.fr/;Traité
Camping 2 étoiles - Piscine - ccbgbhe;06380 Sospel France;;
Camping Village des Monedières - Insolite 2 personnes - CABANE LE POD sans sanitaires;19370 Chamberet France;;
Camping la Comtesse I Camping nature à Bélus;1188 Route de Claquin Lieu dit Claquin 40300 Bélus France;https://campinglacomtesse.com/;Traité
Camping du Lac de Paladru - Le Sans Souci;3360 Rte des Chevaliers de l'An Mil 38620 Montferrat France;https://www.camping-sanssouci.com/;Traité
Flower Camping Le Fondespierre - Tente en toile et en bois 5 personnes - Free Flower Tente Bali;34160 Castries France;;
Camping de la Cornée du Der;1 La Cornée 51290 Sainte-Marie-du-Lac-Nuisement France;http://www.camping-cornee-lac-du-der.com/;Traité
Camping Homair - Le Cormoran;2 Le Cormoran 50480 Sainte-Mère-Église France;https://www.camping-lecormoran.fr/?utm_campaign=gmb_search&utm_medium=organic&utm_source=google;Traité
Camping Piscine Saint-Jean-de-Vaux;Rue de la Piscine 71640 Saint-Jean-de-Vaux France;https://www.wmoer.com/bourgogne/camping.php;Traité
Camping Le Large;Le Large 01330 Villars-les-Dombes France;http://camping-le-large.com/;Traité
Camping La Gravière;Rue de la Gravière 03270 Saint-Yorre France;https://camping-lagraviere.com/;Traité
Camping Les Marguerites - Tente en toile et en bois 5 personnes - SLOW LODGE - sans sanitaire;80220 Gamaches France;https://www.holidu.fr/d/61868266?ref_source=google_vr&utm_source=google_vr_eb;Traité
Camping Le Rivage;Rue André Toutain 76111 Yport France;https://www.camping-lerivage.com/;Traité
Camping Lot - Les Granges - OUVERT;Impasse des 401 Rte des Granges de Mezels 46110 Vayrac France;https://www.les-granges.com/;Traité
Camping Latapie;Latapie 82220 Vazerac France;http://www.campinglatapie.com/;Traité
Piscine du camping;3083 Pass. de la Negade 33780 Soulac-sur-Mer France;;
Camping Goyenetche;Route des grottes - D306 64310 Sare France;http://campinggoyenetche6.wixsite.com/camping-goyenetche;Traité
Camping Côte des Nacres;5273 ROUTE DE BONIFACIO 20240 Solaro France;http://www.campingdesnacres.fr/;Traité
Camping Sole D'oru;693 STRADA DI U MARE 20240 Solaro France;http://www.soledoru.net/;Traité
Camping U Rosumarinu;Route Bavella 20145 Sari-Solenzara France;http://urosumarinu.fr/;Traité
Camping au fil de l'eau Dordogne Périgord Piscine Rivière;6 All. des Platanes 24420 Antonne-et-Trigonant France;http://campingaufildeleau.com/;Traité
Camping d'Esplantats;D929 Imp. du Cap de Paou 65410 Sarrancolin France;http://www.camping-esplantats.com/;Traité
Camping De Larbey;2 Rte de Cauterets 65260 Pierrefitte-Nestalas France;http://www.camping-de-larbey.com/?utm_source=gmb;Traité
Mobile-home 6 personnes dans camping avec piscine - accès direct plage - MADEN;56370 Sarzeau France;https://deals.vio.com/?sig=73aca13c7f952d2641c156f3e69125e1eb497c325f122828ee5aa8797168b9a12d32303331333438363233&turl=https%3A%2F%2Fwww.vio.com%2FHotel%2FSearch%3FhotelId%3D148649832%26utm_source%3Dgha-vr%26utm_campaign%3Dstatic%26openHotelDetails%3D1;Traité
Camping L'Oiseau Blanc;10 Rue du Moulin 76540 Sassetot-le-Mauconduit France;https://www.campingloiseaublanc.com/;Traité
Camping Yelloh Village Perla Di Mare à Ghisonaccia en Corse;Rte de la Mer 20240 Ghisonaccia France;https://www.perla-di-mare.fr/;Traité
Camping Les Fontaines - Ciela Village;125 Chem. de la Chapelette 84210 Pernes-les-Fontaines France;https://www.campingfontaines.com/;Traité
Camping Homair - Atlantic Club Montalivet;47 Av. de l'Europe 33930 Vendays-Montalivet France;https://www.campingacm.com/?utm_campaign=gmb_search&utm_medium=organic&utm_source=google;Traité
Camping Sites et Paysages - Les Pinèdes - Mobilhome 4 personnes - Cottage Privilège Pacifique;06480 La Colle-sur-Loup France;https://www.holidu.de/d/55309738?ref_source=google_vr&utm_source=google_vr_eb;Traité
Camping Sites et Paysages - Les Pinèdes - Mobilhome 4 personnes - Grand confort Figuéras;06480 La Colle-sur-Loup France;https://www.holidu.de/d/55198422?ref_source=google_vr&utm_source=google_vr_eb;Traité
Camping Sites et Paysages - Les Pinèdes - Mobilhome 6 personnes - Cottage Privilège Soléa;06480 La Colle-sur-Loup France;https://www.holidu.de/d/62548432?ref_source=google_vr&utm_source=google_vr_eb;Traité
Camping humawaka Gorges du Verdon et Artuby;77 Chem. de Deroc 83840 Comps-sur-Artuby France;https://www.humawaka.com/;Traité
Camping ClicoChic - Beau Rivage;24250 La Roque-Gageac France;https://www.camping-vagues-oceanes.com/camping-dordogne/beau-rivage.html;Traité
Camping Clicochic - Les Plages de Beg Léguer;Rte de la Côte 22300 Lannion France;https://www.clicochic.com/camping-france-bretagne-les_plages_de_beg_leguer-FR.html;Traité
Camping La Mare aux Fées;6 Rue de l'Eglise 11340 Roquefeuil France;http://www.camping-lamareauxfees.fr/;Traité
Les Dunes de Contis - Camping Siblu;Rte de Contis 40170 Saint-Julien-en-Born France;http://www.lesdunesdecontis.fr/;Traité
Village de vacances & Camping Cévéo de Mimizan Plage;18 Rue des Marsouins 40200 Mimizan France;http://www.ceveo.com/village/village-vacances-de-mimizan-plage;Traité
Camping Yelloh Village Le Talouch;D148 32810 Roquelaure France;https://www.talouch.com/fr/;Traité
Camping Capfun - Clown Ocean;40 Avenue de Sparben 40230 Tosse France;https://www.capfun.com/camping-france-aquitaine-clown_ocean-FR.html;Traité
Camping Voyageurs;54510 Tomblaine France;;
Camping Le Verdier Gard Cevennes;Parc national des Cévennes 1741 Route de la Vallée Borgne 30125 Saumane France;http://www.camping-le-verdier.com/;Traité
Camping du Château de l'Hom;Château de l'Hom 30125 Saumane France;https://www.maiana-holidays.com/camping/chateau-de-lhom/;Traité
Camping Le Caylou;Le Caylou 30122 Les Plantiers France;https://www.camping-caylou.fr/;Traité
Camping à la ferme Lou Mas del Miech;Lou Mas del Miech 48370 Saint-Germain-de-Calberte France;http://www.camping-mas-del-miech.com/;Traité
Camping Les Granges - Hébergement 2 personnes - Tente toilée Dk'Bane;46110 Vayrac France;https://www.holidu.fr/d/57013885?ref_source=google_vr&utm_source=google_vr_eb;Traité
Camping Les Granges - Mobilhome 4 personnes - Confort SAFARI 21 m² + terrasse couverte;46110 Vayrac France;https://www.holidu.de/d/57013880?ref_source=google_vr&utm_source=google_vr_eb;Traité
Camping Les Tamaris Sandaya - Frontignan Plage - 5 étoiles;140 Av. d'Ingril 34110 Frontignan France;https://www.sandaya.fr/nos-campings/les-tamaris?utm_source=google&utm_medium=gbp&utm_campaign=cta_siteweb_LesTamaris;Traité
Camping Champagne Ardenne;D974 52200 Saints-Geosmes France;;
Camping Le Sablon;Rabachou 47140 Saint-Sylvestre-sur-Lot France;https://campinglesablon.com/;Traité
Camping Berges du Lot;1 All. des Berges du Lot 47140 Saint-Sylvestre-sur-Lot France;https://www.facebook.com/share/1BWwmc19W5/?mibextid=wwXIfr;Traité
Camping du Plan d'Eau;Cartel 06660 Saint-Étienne-de-Tinée France;http://campingduplandeau.com/;Traité
Camping Caravaning Les Cerisiers;47 Rue du Pont Rouge 62180 Verton France;http://www.caravaninglescerisiers.com/?utm_source=gmb;Traité
Camping Les Tourterelles;500 Rue des Robert 62180 Rang-du-Fliers France;http://www.camping-lestourterelles.com/;Traité
Grand Marais Camping caravaning;25 Rue du Pont Rouge 62180 Verton France;https://www.camping-grandmarais.com/rubrique16/emplacement-mobil-home/;Traité
Camping Sigean - AZUREVA;1 Rue de la Clauze 11130 Sigean France;https://www.azureva-vacances.com/fr/hebergement/camping-sigean/;Traité
Camping SEASONOVA Ensoya - Sigean;54 Av. de Perpignan 11130 Sigean France;https://vacances-seasonova.com/fr/camping/ensoya/;Traité
Camping le Chêne Tallard;2 Le Chêne 05130 Tallard France;https://camping-lechene.com/;Traité
Flower Camping Les Cadenières - Provence;RD 560 1427 83690 Villecroze France;https://www.camping-lescadenieres-var.com/;Traité
Camping Le Verger;74320 Sevrier France;https://www.campingfrance.com/recherchez-votre-camping/auvergne-rhone-alpes/haute-savoie/sevrier/le-verger8;Traité
Camping SEASONOVA Les Mouettes - Veules les Roses;Av. Jean Moulin 76980 Veules-les-Roses France;https://vacances-seasonova.com/fr/camping/les-mouettes/;Traité
Camping de Veuzain sur Loire - Onlycamp;1 Imp. des Robiniers 41150 Veuzain-sur-Loire France;https://www.camping-veuzain-sur-loire.fr/;Traité
Camping Lot | Le Moulin du Bel-Air;685 Rte du Céou Claux de Bouyssole 46310 Saint-Germain-du-Bel-Air France;https://www.lot-camping.com/?lang=fr;Traité
Camping Le Moulin des Donnes ***;46310 Concorès France;http://www.camping-moulindesdonnes.com/;Traité
Camping Roudayres;Roudayres 46360 Les Pechs du Vers France;http://www.roudayres.com/;Traité
Camping Valbonheur;129 Imp. du Lac 38740 Valbonnais France;https://www.camping-valbonheur.com/;Traité
Camping Ushuaïa villages Sabot - Mobilhome 4 personnes - OHARA TYPE 1;43200 Saint-Maurice-de-Lignon France;https://www.holidu.fr/d/36380252?ref_source=google_vr&utm_source=google_vr_eb;Traité
CAMPING DU MENHIR;19 Rte de Clos er Bé 56730 Saint-Gildas-de-Rhuys France;https://www.campingdumenhir.com/;Traité
Camping Les Genêts;30 Rue du Sens 56370 Sarzeau France;http://www.camping-les-genets.com/;Traité
Camping Valhalla entre le Havre et les falaises d'Etretat - Ouvert / Open 15/03/26;20 Rue des Oeillets 76280 Saint-Jouin-Bruneval France;https://www.campingvalhalla.fr/;Traité
Camping Les Amandaies;Attention !! ne pas prendre le chemin indiqué par GPS D25. il faut rester sur la D17 entre mouries et aureille .puis c' est le mas bou malek goudronné et il y a une pancarte indiquant le campingl FR 17 Chem. du Mas Saint-Paul 13890 Mouriès France;http://campinglesamandaies.fr/;Traité
Camping Ardeche Les Coudoulets;120 Chem. de l'Ardèche 07120 Pradons France;https://www.coudoulets.com/;Traité
Piscine du Camping Le Pont Astier;Pont Astier 63190 Orléat France;;
Camping Village Club L'Evasion - Tente en toile et en bois 5 personnes - Lodge sans sanitaire;46700 Puy-l'Évêque France;https://www.holidu.de/d/37917576?ref_source=google_vr&utm_source=google_vr_eb;Traité
Camping Village Club L'Evasion - Chalet 6 personnes - 2 chambres;46700 Puy-l'Évêque France;https://www.holidu.de/d/37851631?ref_source=google_vr&utm_source=google_vr_eb;Traité
Camping Village Club L'Evasion - Chalet 7 personnes - 3 chambres;46700 Puy-l'Évêque France;https://www.holidu.de/d/37851632?ref_source=google_vr&utm_source=google_vr_eb;Traité
Camping Village Club L'Evasion - Chalet 7 personnes - 7 Plus;46700 Puy-l'Évêque France;https://www.holidu.de/d/37851633?ref_source=google_vr&utm_source=google_vr_eb;Traité
Le Petit Réal Camping & Gites Ruraux;1095 Chem. de Sauvebonne 83210 Solliès-Pont France;http://lepetitreal.fr/;Traité
Domaine des Bois d’Anjou – Camping & Chalets;Moulin de Fontaine D 211 49250 Les Bois d'Anjou France;https://domainedesboisdanjou.fr/;Traité
Camping et Base de loisirs La Plaine Tonique;599 Rte d'Etrez 01340 Malafretaz France;http://www.laplainetonique.com/;Traité
ZEcamping 3 piscine chauffée sauna jacuzzi mobil-home 4 pers;29690 Huelgoat France;;
ZEcamping 3 piscine chauffée tente 30m2 4 pers;29690 Huelgoat France;;
ZEcamping 3 piscine chauffée animaux acceptés locatif 5 pers;29690 Huelgoat France;;
ZEcamping 3 étoiles piscine chauffée jacuzzi sauna tente 5 pers;29690 Huelgoat France;;
ZEcamping 3 piscine chauffée dog friendly mobil-home 5 pers;29690 Huelgoat France;;
ZEcamping 3 piscine chauffée dog friendly mobil-home 4 pers;29690 Huelgoat France;;
ZEcamping 3 piscine chauffée dog friendly sauna locatif 28m2 4 pers;29690 Huelgoat France;;
Camping Trion Guen;Trion Guen lieu dit 56360 Le Palais France;http://www.campingtrionguen-belleile.com/;Traité
Camping Clicochic - Bordénéo;Lieu Dit 56360 Le Palais France;https://www.clicochic.com/camping-france-bretagne-bordeneo-FR.html;Traité
Camping Municipal de Bangor;18 Rue Pierre Cadre 56360 Bangor France;http://www.camping.bangor.fr/;Traité
Camping Municipal Port Andro;Port Andro 56360 Locmaria France;http://www.belle-ile.com/se-loger/campings/135894-camping-municipal-port-andro;Traité
Camping Locronan en Finistère Sud;10 Rue de la Troménie 29180 Locronan France;https://www.camping-locronan.fr/fr/;Traité
Camping Sûnelia L'Aiguille Creuse;24 Rés de l'Aiguille Creuse 76790 Les Loges France;https://www.campingaiguillecreuse.com/;Traité
Flower Camping L'Épi Bleu;Les Gravières 04150 Banon France;https://www.campingepibleu.com/;Traité
Camping de Valsaintes;Domaine de 04150 Simiane-la-Rotonde France;http://www.valsaintes.com/;Traité
Chalets/Camping Plage du Midi;Les Branlasses Rive droite Lac des Settons Les Branlasses 58230 Montsauche-les-Settons France;https://www.settons-camping.fr/;Traité
Camping et Chalets Plage des Settons;Lac des Settons Rive Gauche Aval 58230 Montsauche-les-Settons France;https://www.camping-chalets-settons.com/;Traité
Camping au bord du lac de Settons;Impasse de la Presqu’ile 58230 Montsauche-les-Settons France;http://www.settons-camping.com/;Traité
Camping les Mésanges;L'Huis Gaumont Rive Gauche 58230 Montsauche-les-Settons France;http://www.campinglesmesanges.fr/;Traité
Camping Les Pourettes;Asnieres 17 Rongères 36160 Feusines France;https://lespourettes-eu.webnode.nl/;Traité
Camping La Gallouette Port & Plage - Normandie;10B Rue de la Gallouette 50550 Saint-Vaast-la-Hougue France;https://www.camping-lagallouette.fr/?utm_source=google&utm_medium=organic&utm_campaign=gmb;Traité
Camping des Bouleaux 70emplacements 43emplacements loisirs 5 locatifs 22 emplacements non desservis;24 Rte de l'Écluse 55700 Inor France;;
Camping La Tentation;Rue du Corroy 62560 Renty France;https://campinglatentation.com/camping-la-tentation/;Traité
Camping Municipal;48140 Le Malzieu-Ville France;http://lemalzieu-camping-gevaudan.fr/;Traité
Camping Les Portes du Perche;20 Rue de la Piscine 72600 Mamers France;https://www.campingdesportesduperche.com/;Traité
Camping du Puy-Mary;Route du Puy-Mary 15590 Mandailles-Saint-Julien France;http://www.camping-puymary.com/;Traité
Camping à la ferme la Morinière;1 La Morinière 50770 Geffosses France;https://www.bienvenue-a-la-ferme.com/manche/pirou/ferme/ferme-de-la-moriniere/128843;Traité
Camping Le Petit Pyrénéen | Camping en Ariège avec piscine;Castagnès 09290 Le Mas-d'Azil France;https://www.campinglepetitpyreneen.com/;Traité
Camping le Haut Salat;Rte de Soueix 09140 Seix France;http://www.camping-haut-salat.com/;Traité
Camping Huttopia Gorges du Tarn;lieu dit Le Beldoire 48210 Massegros Causses Gorges France;https://europe.huttopia.com/site/gorges-du-tarn/?utm_medium=organic&utm_source=gmb&utm_campaign=gorges_du_tarn;Traité
Piscine Camping Pleaux;8 Imp. des Quatre Rivières 15700 Pleaux France;;
Camping SEASONOVA Les Prés du Verdon - Quinson;All. des Prés du Verdon 04500 Quinson France;https://vacances-seasonova.com/fr/camping/les-pres-du-verdon/;Traité
Camping Les Trois Vallées;Av. des Pyrénées 65400 Argelès-Gazost France;https://www.camping3vallees.com/;Traité
Camping Les Oyats;272 Digue Verte 62215 Oye-Plage France;http://www.les-oyats.com/;Traité
Camping du Casino;237 Rte des Dunes 62215 Oye-Plage France;http://www.campingducasino.fr/;Traité
Camping Les Blés d'Or;12 Rue Roger Roullier 22380 Saint-Cast-le-Guildo France;http://www.campinglesblesdor.fr/;Traité
Camping du Cap Fréhel;D34A 22240 Plévenon France;https://www.facebook.com/CampingDuCapFrehel/;Traité
Camping La Sensation;48 Rue d'Hezecques 62310 Matringhem France;http://www.campinglatentation.com/;Traité
Piscine zen : Camping Capfun - Cénic;All. du Toquen 56760 Pénestin France;https://www.capfun.com/camping-france-bretagne-cenic-FR.html;Traité
Camping la plage des oliviers;53 Rte de la Bernerie 44760 Les Moutiers-en-Retz France;https://www.camping-la-plage-des-oliviers.com/;Traité
Camping Europa Beach;Camping Europa Beach_ Route de pinarello 20213 Sorbo-Ocagnano France;https://www.corsicacamping-europabeach.fr/;Traité
Camping Marina di Casinca;Crociera 20213 Penta-di-Casinca France;https://camping-marina-di-casinca.jimdosite.com/;Traité
Camping Les Cascades;Lieu dit Casette 20213 Pruno France;https://www.campinglescascades2b.fr/;Traité
Camping Champ la Chèvre et restaurant;430 Rte de la Jarjatte 26620 Lus-la-Croix-Haute France;http://www.campingchamplachevre.com/;Traité
Camping Homair - Le Mas de Sireuil;Chem. du Mas 24620 Les Eyzies France;https://www.campinglemas.com/?utm_campaign=gmb_search&utm_medium=organic&utm_source=google;Traité
Les Terrasses de Dordogne - Flower Camping;Touvent Bas 24580 Rouffignac-Saint-Cernin-de-Reilhac France;https://www.lesterrassesdedordogne.com/;Traité
Camping Ushuaia Villages Les Poutiroux 4*;335 Rte des Poutiroux 24510 Limeuil en Périgord France;https://poutiroux.com/;Traité
Village La Rivière Fleurie - Camping en Dordogne - Périgord Pourpre;180 Rue Théophile Cart 24230 Saint-Antoine-de-Breuilh France;https://www.la-riviere-fleurie.com/;Traité
Camping Les Sous Bois du Lac de Naussac lozere;Bessettes 48300 Chastanier France;https://www.campinglozere.com/;Traité
Camping Le Col Vert Sandaya - Lac de Léon - 4 étoiles;1548 Rte de l'Etang 40560 Vielle-Saint-Girons France;https://www.sandaya.fr/nos-campings/le-col-vert?utm_source=google&utm_medium=gbp&utm_campaign=cta_siteweb_LeColVert;Traité
Camping Les Cordeliers;Aux Communs du Lac 38119 Pierre-Châtel France;https://www.camping-les-cordeliers.fr/;Traité
Camping Naturiste Le Clos Barrat;205 Chem. de Causseran 46700 Sérignac France;https://www.leclosbarrat.fr/;Traité
Camping 46 rainettes;170 route des grillés 46250 Goujounac France;http://www.camping46rainettes.com/;Traité
Camping Des Arcades - Tente en toile et en bois 5 personnes - LODGE NATURE 35 m²;46800 Barguelonne-en-Quercy France;https://www.holidu.fr/d/40184187?ref_source=google_vr&utm_source=google_vr_eb;Traité
Camping Les Petites Martinies;la martinie 16320 Magnac-lès-Gardes France;http://www.lespetitesmartinies.fr/;Traité
Camping Les Cyprès;Fond de Barral 26770 Saint-Pantaléon-les-Vignes France;https://facebook.com/lescypres;Traité
Camping du Chateau;5 Av. de Grillon 26230 Grignan France;https://www.camping-grignan.com/;Traité
"Camping ""Le pré des arbres""";La Cheminade 26570 Montbrun-les-Bains France;http://camping-lepredesarbres.fr/;Traité
Camping le Mont Serein;D164A 84340 Beaumont-du-Ventoux France;https://www.campingventoux.com/;Traité
Camping LA CHUTE D'EAU;38 Rue de l'Église 62270 Rebreuve-sur-Canche France;http://campinglachutedeau.fr/;Traité
Camping La Pietra;Presa lieu dit 20233 Pietracorbara France;http://www.la-pietra.com/;Traité
Camping les Prés Marcotte;53 bis Rue de Doullens 80600 Occoches France;https://campinglespresmarcotte.jimdofree.com/;Traité
Camping Clicochic - Couriou;1874 route de Die 26310 Recoubeau-Jansac France;https://www.clicochic.com/camping-france-rhone_alpes-couriou-FR.html;Traité
Camping Municipal de l'Etang;Rue des Bas Gasts 35240 Marcillé-Robert France;https://www.tourismebretagne.com/offres/camping-municipal-de-letang-marcille-robert-fr-1964353/;Traité
Camping de mon Village (Camping-Car Park);23 Rue des Ponts 36260 Reuilly France;https://www.campingcarpark.com/fr_FR/camping-car/centre-val-de-loire/36-indre/reuilly?areaType=camping;Traité
Camping Eurosurf - Les Salines - Vacances André Trigano;2947 Rte de Giens 83400 Hyères France;https://vacances-andretrigano.com/camping/var/eurosurf-hyeres;Traité
Camping du Pin de Galle;225 Rue du Pin de Galle 83220 Le Pradet France;http://campingdupindegalle.biz/;Traité
Camping de Mayenne - Gué Saint-Léonard;818 Rue Saint-Léonard 53100 Mayenne France;https://www.mayenneco-camping.fr/;Traité
Maison mobile de vacances au camping 4 étoiles des Charmettes (17570);17570 Les Mathes France;https://br.bluepillow.com/search/648619c17f7e24c1922ed141?dest=bkng&cat=House&lat=45.71611&lng=-1.16229&language=pt;Traité
Camping Ecolodges Domaine de la Forêt - Mobilhome 8 personnes - ECOLODGE FAMILIAL (DF31) 3CH - 2SDB - CLIM - WIFI - PISCINE/JACUZZI - 2 TERRASSES 8 pers;17570 Les Mathes France;https://www.holidu.de/d/55178097?ref_source=google_vr&utm_source=google_vr_eb;Traité
Camping Ecolodges Domaine de la Forêt - Mobilhome 4 personnes - ECOLODGE AU CALME (DF19) - 2 CH - 2 SDB - WIFI - CLIM - PISCINE A L ANNEE 4 pers;17570 Les Mathes France;https://www.holidu.de/d/55178102?ref_source=google_vr&utm_source=google_vr_eb;Traité
AU CAMPING ROUBAISIEN;Rue de l'Abbaye 62860 Oisy-le-Verger France;https://au-camping-roubaisien.fr/;Traité
Camping Municipal La Petite Cabane;7 Pl. du Port 85420 Maillé France;https://ville-maille.fr/tourisme/camping-municipal-la-petite-cabane-et-son-aire-de-camping-cars;Traité
Camping les Genêts du Morvan;2 Le Grand Pré 58230 Ouroux-en-Morvan France;https://www.camping-genets-morvan.com/;Traité
Camping de Madiran;36 Rte du Vignoble 65700 Madiran France;http://campinglemadiran.jimdo.fr/;Traité
Camping municipal de la Vallée de l'Hyère;Rue de Kerniguez 29270 Carhaix-Plouguer France;http://www.ville-carhaix.bzh/accueil_carhaix/decouvrir_carhaix/tourisme_de_loisirs_et_daffaires/camping_municipal_de_la_vallee_de_lhyeres;Traité
Camping Le P'tit Bonheur;12 Rue Cappel Straete Voie communale 6 59284 Pitgam France;http://www.campingleptitbonheur.fr/;Traité
Camping A La Détente;18 Rte du Nieppe Cd 110 59284 Pitgam France;http://aladetente.fr.nf/;Traité
Camping du Vieux Château Tharon Plage 3 étoiles;Tharon Plage 54 Av. d'Anjou 44730 Saint-Michel-Chef-Chef France;https://www.camping-duvieuxchateau.com/;Traité
Camping Le Soleya;43 Av. du Cormier 44730 Saint-Michel-Chef-Chef France;http://www.campinglesoleya.com/;Traité
Camping Bel Essor;Rue de Tharon 44730 Saint-Michel-Chef-Chef France;http://www.campingbelessor.com/;Traité
Flower Camping Mas de Champel;135 dolce via 07360 Les Ollières-sur-Eyrieux France;https://www.masdechampel.com/?ept-publisher=uska&ept-name=ollieres-sur-eyrieux-mas-de-champel;Traité
Camping Rose de Provence Verdon;367 Rue Edouard Dauphin 04500 Riez France;http://www.rose-de-provence.com/;Traité
Camping Municipal Du Bois Feuillet;11 Rue de Feuillet 35640 Martigné-Ferchaud France;https://www.martigneferchaud.bzh/loisirs/tourisme/sejourner/camping-municipal-le-bois-feuillet;Traité
Camping Homair - Le Soleil des Landes;Route des Lacs 316 Av. du Marensin 40170 Lit-et-Mixe France;https://www.camping-litetmixe.com/?utm_campaign=gmb_search&utm_medium=organic&utm_source=google;Traité
Camping des 2 Rivières;Rd 154 76880 Martigny France;https://www.camping-2-rivieres.com/;Traité
Camping le Moulin Vieux / Vallée du Célé;Moulin Vieux 46320 Brengues France;http://www.camping-lemoulinvieux.com/;Traité
Flower Camping Les Granges;Av. de l'Europe 37230 Luynes France;https://www.campinglesgranges.fr/;Traité
Camping Des Neiges - Appartement 2 personnes - Meublé VF2;73260 Grand-Aigueblanche France;https://www.holidu.fr/d/57626130?ref_source=google_vr&utm_source=google_vr_eb;Traité
Camping Du Pas Des Biches - Mobilhome 6 personnes - Muguet - confort+;17520 Celles France;;
Camping Les Ormeaux;1466 Rte de Carteret 50260 Bricquebec-en-Cotentin France;;
Camping de l'Amitié;17 Rue du Camping 41220 Saint-Laurent-Nouan France;https://www.camping-stlaurentnouan.fr/;Traité
Camping La Rivière;168 Chem. des Salles 06800 Cagnes-sur-Mer France;http://www.campinglariviere06.fr/;Traité
Camping Sites et Paysages - Les Pinèdes - Mobilhome 4 personnes - Grand Confort Azur;06480 La Colle-sur-Loup France;https://www.holidu.de/d/36377148?ref_source=google_vr&utm_source=google_vr_eb;Traité
Camping Capfun - Marina d'Aléria;Padulone Plage de 20270 Aléria France;https://www.capfun.com/camping-france-corse-marina_aleria-FR.html;Traité
Camping Les Eaux Claires;95 Rte des Bouveries 26190 Saint-Nazaire-en-Royans France;https://campingleseauxclai.wixsite.com/les-eaux-claires;Traité
Camping Pont de Manne;135 chemin de manne 26190 Saint-Thomas-en-Royans France;https://www.campingdupontdemanne.fr/;Traité
naturcamping fourbanne;5 Chem. du Tunnel 25110 Fourbanne France;http://lamaisonimparfaite.fr/;Traité
Camping L'Air du Temps - Lodge 4 personnes - TOILE EVASION;15270 Beaulieu France;;
Camping Les Bouleaux;11 Rue Jaune 21200 Vignoles France;http://campinglesbouleaux.wixsite.com/lesbouleaux;Traité
Camping La Font de Bleix;Chemin des Roches 63730 Les Martres-de-Veyre France;https://camping-la-font-de-bleix.fr/;Traité
Camping Homair - Riva Bella;1 Rue de la Haie Breton 14150 Ouistreham France;https://www.campingrivabella.com/?utm_campaign=gmb_search&utm_medium=organic&utm_source=google;Traité
Camping SEASONOVA Point du Jour - Merville Franceville Plage;Rte de Cabourg 14810 Merville-Franceville-Plage France;https://vacances-seasonova.com/fr/camping/le-point-du-jour/;Traité
Camping Le Riva Bella - Mobilhome 6 personnes - Comfort | 3 Ch. | 6 Pers. | Terrasse surélevée | Clim.;14150 Ouistreham France;https://www.holidu.de/d/55234694?ref_source=google_vr&utm_source=google_vr_eb;Traité
Camping La Tuilerie - Mobilhome 8 personnes - Mobil home super cordelia 3 chambres avec terrasse semi couverte ( annee 2025);57630 Vic-sur-Seille France;https://www.holidu.de/d/62050442?ref_source=google_vr&utm_source=google_vr_eb;Traité
Camping Mas de Rey;166 chemin du pre de mieres Chem. d'Arpaillargues 30700 Uzès France;http://campingmasderey.com/;Traité
Camping d'Hurongues - Mobilhome 4 personnes;69590 Pomeys France;https://www.holidu.de/d/40183886?ref_source=google_vr&utm_source=google_vr_eb;Traité
Camping d'Hurongues - Mobilhome 6 personnes;69590 Pomeys France;https://www.holidu.de/d/40183887?ref_source=google_vr&utm_source=google_vr_eb;Traité
1e Camping 2020;D25 43350 Saint-Paulien France;;
Camping La Galupe;242 Rte du Camping 40300 Sorde-l'Abbaye France;http://www.sordelabbaye.fr/tourisme.htm;Traité
Camping de Chauvigny;42 Rue de la Fontaine 86300 Chauvigny France;https://www.chauvigny.fr/index.php/tourisme-patrimoine/chauvigny-vous-accueille/211-camping-la-fontaine;Traité
Camping Le Gué - Mobilhome 4 personnes - 24 m² - 2 chambres;41700 Chémery France;;
Camping Le Gué - Mobilhome 4 personnes - 24 m² avec clim - 2 chambres - 4 personnes;41700 Chémery France;https://www.holidu.de/d/56380996?ref_source=google_vr&utm_source=google_vr_eb;Traité
Camping Le Gué - Mobilhome 6 personnes - 26 m² - 2 chambres;41700 Chémery France;https://www.holidu.de/d/51596736?ref_source=google_vr&utm_source=google_vr_eb;Traité
Camping Le Gué - Mobilhome 8 personnes - 28 m² - 3 chambres 6/8 personnes avec Clim;41700 Chémery France;https://www.holidu.de/d/57076188?ref_source=google_vr&utm_source=google_vr_eb;Traité
Camping Le Gué - Mobilhome 7 personnes - 28 m² - 2 chambres;41700 Chémery France;https://www.holidu.de/d/51596733?ref_source=google_vr&utm_source=google_vr_eb;Traité
Camping municipal d'Allemans-du-Dropt;5 Rue du Moulin 47800 Allemans-du-Dropt France;https://www.paysdelauzun.com/offres/camping-municipal-dallemans-du-dropt/;Traité
Camping Municipal;8 Rue du Port 25160 Saint-Point-Lac France;https://www.camping-saintpointlac.fr/;Traité
Camping du Lac;10 Rue du Lac 25160 Labergement-Sainte-Marie France;https://www.camping-lac-remoray.fr/;Traité
Camping le Larmont;7 rue Edwige Feuillère 25300 Pontarlier France;http://www.camping-pontarlier.fr/;Traité
Camping des Etangs de Marsalin;3 Pl. du Général de Gaulle 28500 Vert-en-Drouais France;http://www.campingdemarsalin.fr/camping-eure-et-loir.html;Traité
Camping Le Daguet - Tente 6 personnes - TENTE NAVAJO 6 Couchages;24170 Saint-Laurent-la-Vallée France;https://www.holidu.de/d/55009565?ref_source=google_vr&utm_source=google_vr_eb;Traité
Camping Le Daguet - Mobilhome 6 personnes - CORDELIA;24170 Saint-Laurent-la-Vallée France;https://www.holidu.de/d/45745127?ref_source=google_vr&utm_source=google_vr_eb;Traité
Camping du Haut-Rhône;23 Rue des Acacias 74910 Seyssel France;https://www.camping-seyssel-viarhona.fr/;Traité
Camping Municipal de Montech ***;520 Chem. de la Pierre 82700 Montech France;http://www.camping-montech.fr/;Traité
Chalet dans camping résidentiel en Sud Ardèche;07110 Montréal France;;
Camping Val de Vie;71 Rte de Sully 45260 Châtenoy France;;
Camping SEASONOVA l'Etang des bois - Vieilles-maisons-sur-Joudry;sur Jourdy 59 Rte de l'Étang des Bois 45260 Vieilles-Maisons-sur-Joudry France;https://vacances-seasonova.com/fr/camping/letang-des-bois/;Traité
Camping Night&Day Les Ceriselles;Rue de Vincelottes 89290 Vincelles France;https://www.night-and-day.fr/camping/29-camping-les-ceriselles;Traité
Camping Neptune 3 Etoiles Plage de Massane Saint Mitre les Remparts;4 All. Gustave Eiffel 13920 Saint-Mitre-les-Remparts France;http://www.camping-neptune.fr/;Traité
Camping Lou Cigalon 3 étoiles | Martigues - Côte Bleue;Chem. des Tamaris 13500 Martigues France;https://www.loucigalon.com/;Traité
Camping La Source La Couronne;Rte de la Saulce 13500 Martigues France;http://www.camping-la-source-martigues.com/;Traité
Camping Marius;7 Rte de la Saulce 13500 Martigues France;http://www.camping-marius.com/;Traité
Camping Homair - Lou Souleï;76 Av. Draio de la Mar 13620 Carry-le-Rouet France;https://www.lousoulei.com/?utm_campaign=gmb_search&utm_medium=organic&utm_source=google;Traité
Camping la Route Bleue;410 Chem. de la Route Bleue 42510 Balbigny France;https://www.campingdelaroutebleue.com/;Traité
camping de KERDUAL;Plage de Pors Mabo Chem. de Parc ar C Han 22560 Trébeurden France;https://www.campingdekerdual.fr/;Traité
Camping de ROZ AR MOR;10 Rte de Pors Mabo 22560 Trébeurden France;http://campingderozarmor.fr/;Traité
Camping de l'Espérance | Camping Côte de Granit Rose | GR34;82 Cor de Goas Treiz 22560 Trébeurden France;http://www.camping-esperance.com/;Traité
Camping Les Bouleaux;5 Rue des Trois Journeaux 57370 Vilsberg France;http://www.campinglesbouleaux.fr/;Traité
Camping Municipal des Écureuils;4 Rte Nationale 87380 Magnac-Bourg France;https://www.magnac-bourg.fr/camping-les-ecureuils-magnac-bourg-87_fr.html;Traité
CAMPING DU SOLEIL;Route de Lava 20167 Appietto France;https://www.campingdusoleil.com/;Traité
Camping à la ferme Les Boudougnes;3353b Rte de Menerbes D3 84580 Oppède France;http://www.campinglesboudougnes.fr/;Traité
Camping Le Clos Imbert - Onlycamp;13 Rue de la Grande Côté de Crevant 79100 Thouars France;https://www.camping-thouars.com/;Traité
Camping Le Both d'Orouet;77 Av. d'Orouet 85160 Saint-Jean-de-Monts France;https://camping-lebothdorouet.com/;Traité
Camping Les Samaras;53 Chem. du Champ de Bataille 85160 Saint-Jean-de-Monts France;http://www.camping-lessamaras.fr/;Traité
Camping L'International Erromardie - Chadotel;235 All. de la Source 64500 Saint-Jean-de-Luz France;https://www.chadotel.com/camping-linternational-erromardie-saint-jean-de-luz/;Traité
Camping Paradis La Ferme Erromardie | Camping Saint Jean de luz;40 Chem. d'Erromardie 64500 Saint-Jean-de-Luz France;https://www.camping-erromardie.com/;Traité
Arena Camping Pays Basque;Quartier Acotz Av. Napoléon III 64500 Saint-Jean-de-Luz France;http://www.arenacamping.com/;Traité
Camping Maya;650 Chem. d'Aguerria 64500 Saint-Jean-de-Luz France;http://campingmaya-stjeandeluz.fr/;Traité
Camping Itsas Mendi (ouverture du 27/03 au 01/11/2026);Camping Itsas Mendi 115 Chem. de Duhartia 64500 Saint-Jean-de-Luz France;http://www.itsas-mendi.com/;Traité
Camping Le Basque;Chem. de Gassinenia 64500 Saint-Jean-de-Luz France;;
Camping Saint Jean de Luz - Camping Merko Lacarra;820 Rte des Plages 64500 Saint-Jean-de-Luz France;https://www.merkolacarra.com/;Traité
Camping le Domaine de Gajan - Mobilhome 2 personnes - Twin;34160 Boisseron France;https://www.holidu.de/d/53018807?ref_source=google_vr&utm_source=google_vr_eb;Traité
Camping de la chapelette;3523 Rte des Carmes 13310 Saint-Martin-de-Crau France;http://www.camping-la-chapelette.com/;Traité
Camping le Gardian - Arles;D453 13280 Arles France;http://www.camping-le-gardian.fr/;Traité
Camping de la Vallée Lisieux;9 Rue de la Vallée 14100 Lisieux France;https://www.gaia-vacances.fr/camping-de-lisieux;Traité
Camping Municipal Les Mélèzes;Pont la Place 05800 La Chapelle-en-Valgaudémar France;https://www.ecrin-des-alpes-en-valgaudemar.com/;Traité
Camping Les Marines;Route de Gioberney 05800 La Chapelle-en-Valgaudémar France;http://campinglesmarines.com/;Traité
camping municipal des eaux douces;1 Chem. des Eaux Douces 05800 Villar-Loubière France;https://campingdeseauxdouc.wixsite.com/camping;Traité
Camping La Villette;La Villette 05800 Saint-Firmin France;http://campinglavillette.fr/;Traité
Camping les Richardes;188 Rte du Laisinant 73150 Val-d'Isère France;http://campinglesrichardes.free.fr/;Traité
Camping de Pont Charlet;35 Rle de la Blanche 59116 Houplines France;http://www.camping-du-pont-charlet.fr/;Traité
Camping Club Pontaillac Plage - MS Vacances;16 Rue du Colonel Lachaud 17200 Royan France;https://www.ms-vacances.com/destinations/nouvelle-aquitaine/campings-charente-maritime/camping-club-pontaillac-plage/?utm_source=gmb;Traité
Camping le Royan;Camping le 10 Rue des Bleuets 17200 Royan France;https://www.le-royan.com/;Traité
Camping Les voiles des 2 caps;901 Rue Principale (Cd 244) 62179 Hervelinghen France;http://www.lesvoilesdes2caps.fr/;Traité
Camping Les Primevères;578 Chem. de la Creuse 62250 Leubringhen France;https://www.campinglesprimeveres.com/;Traité
Camping Nostradamus - Le Nostra;2837 Route d'Eyguières 13300 Salon-de-Provence France;https://www.camping-nostradamus.com/;Traité
Camping Capfun - An Trest;1 Chem. de Treste 56370 Sarzeau France;https://www.capfun.com/camping-france-bretagne-an_trest-FR.html;Traité
Camping Domaine de Kersial *** Sarzeau;10 Rue Toul Ségal 56370 Sarzeau France;https://domainedekersial.com/;Traité
Camping Homair - Saint Jacques;1 Rue de Pratel Vihan 56370 Sarzeau France;https://www.camping-stjacques.com/?utm_campaign=gmb_search&utm_medium=organic&utm_source=google;Traité
Camping Les Cantarelles - Ciela Village;1 Les Cantarelles 12430 Alrance France;https://www.camping-cantarelles.fr/;Traité
Camping du Lac de Carouge;Allée du Lac Base de Loisirs 73250 Saint-Pierre-d'Albigny France;https://www.campinglacdecarouge.fr/;Traité
Camping La Chèvre Verte;114 Chem. du Buis 38390 Bouvesse-Quirieu France;http://www.lachevreverte.com/;Traité
Camping Domaine VILLA VERDE - Camping 4 étoiles;Quartier Les Blimouses 1776 D225 83830 Callas France;http://www.camping-villaverde.com/;Traité
Camping Les Aventuriers de la Calypso · APV · 4 Etoiles;Rue de Notre Dame 85160 Saint-Jean-de-Monts France;https://www.camping-apv.com/atlantique/camping-vendee/camping-saint-jean-de-monts/les-aventuriers-de-la-calypso?utm_source=googlemybusiness&utm_medium=organic;Traité
Camping Duna Munguy | Camping Saint Jean de Luz;881 Chem. de Duhartia 64500 Saint-Jean-de-Luz France;https://www.camping-dunamunguy.com/;Traité
Camping de mon village;58240 Saint-Pierre-le-Moûtier France;;
Camping Homair - La Presqu'île de St Mandrier;Avenue Marie Fliche Bergis Le Pin Rolland 83430 Saint-Mandrier-sur-Mer France;https://www.camping-presquile-saint-mandrier.com/?utm_campaign=gmb_search&utm_medium=organic&utm_source=google;Traité
Camping les Tournesols;Le Landereau 72140 Le Grez France;https://www.camping-sarthe-les-tournesols.fr/;Traité
Le Conguel - Camping Siblu;7 Bd de la Teignouse 56170 Quiberon France;http://www.leconguel.fr/;Traité
Flower Camping Le Bois d'Amour;Rue de Saint-Clément 56170 Quiberon France;https://www.quiberon-camping.com/?ept-publisher=uska&ept-name=quiberon-le-bois-d-amour;Traité
Camping Les Joncs du Roch;Rue de L Aérodrome 56170 Quiberon France;http://www.campingquiberon.com/;Traité
Camping Beauséjour;13 Bd du Parco 56170 Quiberon France;https://www.campingbeausejour.com/;Traité
Camping Park Er Lann;4 Rue de l'École de Voile 56510 Saint-Pierre-Quiberon France;https://www.olela.fr/campings/camping-park-er-lann;Traité
Camping MARLICE 3 étoiles ouvert du 30 Avril au 10 octobre;248 Route du Pontet 73100 Trévignin France;http://www.camping-marlice.com/;Traité
Camping de Mindin Saint Brévin les Pins;32 Av. du Bois 44250 Saint-Brevin-les-Pins France;https://www.campingmindin.com/;Traité
Camping Les Chalands Fleuris;24 Rue du Stade 44117 Saint-André-des-Eaux France;https://www.olela.fr/camping-les-chalands-fleuris;Traité
Camping les Rives du Lac Cantalès - Mobilhome 2 personnes - Couple (1 Chambre);15150 Saint-Gérons France;https://www.holidu.de/d/53018918?ref_source=google_vr&utm_source=google_vr_eb;Traité
Camping La Poterie;La Poterie 37530 Mosnes France;http://www.camping-la-poterie-37.com/fr;Traité
Camping & Gîtes Verdon Les Grands Domaines – Emplacements nature – Gorges du Verdon;1785 Rte de Quinson 04500 Saint-Laurent-du-Verdon France;https://www.verdon-les-grands-domaines.com/;Traité
Camping Le Domaine de Pont Mahé loire atlantique;13 Rue Pont-Mahe 44410 Assérac France;http://www.pont-mahe.com/;Traité
Camping Capfun - Dune Fleurie;11 Av. des Pins 80120 Quend France;https://www.capfun.com/camping-france-picardie-dune_fleurie-FR.html;Traité
Camping Les Vertes Feuilles;23-25 Rte de la Plage 80120 Quend France;https://www.lesvertesfeuilles.com/;Traité
Camping les 2 Plages;15 Rue des Maisonnettes 80120 Quend France;https://www.camping2plages.com/;Traité
Camping Nature Lot'ge;Camping Nature Lot'ge Le Pit 46200 Mayrac France;https://www.campinglepic-rocamadour.com/;Traité
Camping du lac du Rousset;Étang du Rousset 71220 Le Rousset-Marizy France;http://www.lerousset-marizy.fr/decouvrir-la-commune/camping/;Traité
"Camping ""Les Frênes""";La Folie 36230 Neuvy-Saint-Sépulchre France;;
Camping du Goulet;285 Chem. de Lanhouarnec 29200 Brest France;http://www.campingdugoulet.fr/;Traité
Campings Pointe Bretagne;1 Pl. du 19eme Régiment d'Infanterie 29200 Brest France;https://www.campings-pointe-bretagne.com/;Traité
Camping Domaine des Bords de Cèze - Camping Gard;1044 chemin des campings 30630 Cornillon France;https://www.lesbordsdeceze.com/;Traité
Camping du Val Joyeux - Onlycamp;94 Rue du Camping 37330 Château-la-Vallière France;https://camping-chateau-la-valliere.fr/;Traité
Aire naturelle de camping de Gruellau;Le Haut Rocher 44170 Treffieux France;http://www.lemue.fr/;Traité
Camping Tourony - Camping Côte de granit rose -Trégastel - Ploumanac'h - Aire de camping car;105 Rue de Poul Palud 22730 Trégastel France;http://www.camping-tourony.com/;Traité
Camping Les Ajoncs d'Or - Vacances André Trigano;104-106 Rte des Traouiero 22730 Trégastel France;https://vacances-andretrigano.com/camping/cote-d-armor/les-ajoncs-d-or-tregastel?end_date=2024-06-25&start_date=2024-06-18;Traité
Camping Municipal de Baye;58110 Bazolles France;https://nuitfr.click/camping-baye-dv4wkb;Traité
Camping les Rives du Lac Cantalès - Mobilhome 4 personnes - Mobil home 2 Chambres Terra;15150 Saint-Gérons France;https://www.holidu.de/d/55347780?ref_source=google_vr&utm_source=google_vr_eb;Traité
Camping des Cinq Chemins Verts;688 Rue des Cinq Chemins Verts 59299 Boeschepe France;https://camping5cheminsverts.wixsite.com/boeschepe;Traité
Camping La Houblonnière;1345 Rte de Bray Dunes 59670 Winnezeele France;https://lahoublonniere.wixsite.com/camping-la-houblonni;Traité
Camping Saint Antoine;849 Chem. des 5 Rues 59470 Bollezeele France;http://campingbollezeele.free.fr/;Traité
Campings-rhone-alpes-france;164 Av. des Nations 01330 Villars-les-Dombes France;;
CAMPING LA DORDOGNE VERTE;avenue francois mitterrand lieu dit aux ponts 24410 St Aulaye-Puymangou France;https://camping-dordogneverte.fr/?utm_source=google&utm_medium=organic&utm_campaign=gbp;Traité
Camping Ushuaïa Villages la Colombière;7 Rue de Pechgrand 24440 Beaumontois en Périgord France;http://www.campingdelacolombiere.fr/;Traité
Camping Le Bois de Pins;Rte d'Opoul 66600 Salses-le-Château France;http://www.leboisdepins.com/;Traité
Camping International du Roussillon;900 Planal de Salses 66600 Salses-le-Château France;http://www.camping-roussillon.com/;Traité
Camping des deux Séquoias (ouvre le 1er juin 2026 ) dans le Larzac;Les Maillacs Bas D999 12230 Nant France;https://www.campingdesdeuxsequoias.fr/;Traité
Camping Homair - Domaine des Tours;Les Tours 12460 Saint-Amans-des-Cots France;https://www.campinglestours.com/?utm_campaign=gmb_search&utm_medium=organic&utm_source=google;Traité
Camping SEASONOVA Le Plan d'Eau - Saint Yrieix sur Charente;1 Rue du Camping 16710 Saint-Yrieix-sur-Charente France;https://vacances-seasonova.com/fr/camping/le-plan-deau/;Traité
Camping Le Paradis;2 Mareuil 16270 Terres-de-Haute-Charente France;http://campingleparadis.eu/en/;Traité
Camping Le Douvet;Charente Le Douvet 16270 Suris France;https://ledouvet.com/;Traité
Le Plantier gîtes et camping;4 Massignac 16450 Beaulieu-sur-Sonnette France;https://leplantier.info/;Traité
Camping de la Sapinière;12 Rue de l'Égalité 60550 Verneuil-en-Halatte France;http://www.campinglasapiniere.fr/?utm_medium=referral&utm_source=gmb&utm_campaign=lnk-gmb;Traité
Camping en Ardèche : Camping du Lion;Qur de l'Île du Chenevier 07700 Bourg-Saint-Andéol France;http://www.campingdulion.com/;Traité
Camping SEASONOVA Rives d'Olt et Aubrac - Saint-Geniez-d’Olt-et-d’Aubrac;Rte de la Cascade 12130 St Geniez d'Olt et d'Aubrac France;https://vacances-seasonova.com/fr/camping/les-rives-dolt-et-daubrac/;Traité
CAMPING MUNICIPAL DE GALINIERES;Galinière 12560 Saint-Laurent-d'Olt France;https://www.saintlaurentdolt.fr/decouvrir/tourisme-et-loisirs/hebergements/;Traité
Camping Croix Bleue (privé);162 Chem. de Greignac 07240 Vernoux-en-Vivarais France;http://www.croixbleue.fr/Camping-de-Vernoux;Traité
Camping Municipal Le Bois De Prat;All. de Prat 07240 Vernoux-en-Vivarais France;https://www.gites-camping-vernoux-en-vivarais.fr/;Traité
Camping L'Oasis Palavasienne;All. de Tournefort 34970 Lattes France;https://www.oasis-palavasienne.com/;Traité
Camping Club Les Tamaris - MS Vacances;Rte de Saint-Laurent 66420 Le Barcarès France;https://www.ms-vacances.com/destinations/occitanie/campings-pyrenees-orientales/camping-club-les-tamaris/?utm_source=gmb;Traité
Camping de la Plage | Camping familial - Location mobil-home | Sainte-Marie-La-Mer (66);36 Av. de las Illas 66470 Sainte-Marie-la-Mer France;https://www.camping-municipal-de-la-plage.com/?utm_source=google&utm_medium=organic&utm_campaign=gmb;Traité
camping du traspy;Rue du Pont Benoît 14220 Thury-Harcourt-le-Hom France;http://campingdutraspy.com/;Traité
Camping Municipal Les Iscles;1150 Chem. des Iscles 04170 Saint-André-les-Alpes France;https://campinglesiscles.fr/;Traité
Camping de Tignes - Onlycamp;Rte des Ruines 73320 Tignes France;http://www.camping-de-tignes.com/;Traité
Camping Dovecote;35 Chem. de Sainte-Colombe 06800 Cagnes-sur-Mer France;https://campinglecolombier.com/en/home-english;Traité
Camping Pierre et Sources - Onlycamp;Rue de Chancelas 63530 Volvic France;http://www.camping-volvic.com/;Traité
Camping du Surizet;31 Rue du Surizet 42600 Montbrison France;https://www.campingdusurizet.fr/;Traité
Camping de la Coudraye;23 Rue de la Coudraye 49750 Val-du-Layon France;https://www.campingdelacoudraye.fr/;Traité
Camping Mirabel Les Mielles;Bd de la Vieuxville 22380 Saint-Cast-le-Guildo France;http://www.mirabel-mielles.com/;Traité
Camping Capfun - Château de Galinée;Rue de Galinée 22380 Saint-Cast-le-Guildo France;https://www.capfun.com/camping-france-bretagne-chateau_de_galinee-FR.html;Traité
Camping De Pen-guen;Av. de Pen Guen 22380 Saint-Cast-le-Guildo France;http://www.campingpen-guen.com/;Traité
Camping Les Terrasses - Saint Chinian;Camping les Terrasses 65 chemin des cigales 34360 Saint-Chinian France;http://www.camping-les-terrasses.com/;Traité
Camping Municipal;Pl. des Anciens Combattants 63780 Saint-Georges-de-Mons France;https://www.tourisme-combrailles.fr/camping-municipal-de-saint-georges-de-mons-saint-georges-de-mons.html;
Camping le petit paradis;11 Rue de la Vigne 63780 Queuille France;;
Camping municipal saint leonard des bois;31 Rue des Alpes Mancelles 72130 Saint-Léonard-des-Bois France;http://www.saintleonarddesbois.fr/;
Camping Domaine de la Roselière - Mobilhome 8 personnes - Premium - 4 chambres;80860 Noyelles-sur-Mer France;https://www.holidu.de/d/49075169?ref_source=google_vr&utm_source=google_vr_eb;
Camping l'Etang Blanc - Vacances André Trigano;2 Rte Louis de Bourmont 40510 Seignosse France;https://vacances-andretrigano.com/camping/landes/l-etang-blanc-seignosse;
CAMPING DES CIGALES;537 Route de St Martin d'Ardèche 30760 Aiguèze France;https://www.camping-cigales.fr/;
Camping des Acacias;90 Rte de Barjac 30130 Saint-Paulet-de-Caisson France;http://www.campingdesacacias.com/;
Camping de la Roquette;Quartier La Roquette 30760 Aiguèze France;;
Camping Le Pontis - Mobilhome 6 personnes - 3 CHAMBRES;24320 Verteillac France;https://www.holidu.de/d/36757394?ref_source=google_vr&utm_source=google_vr_eb;
camping-caravaning municipal** Le vieux Châtel;1 Av. de Waldmunchen 35270 Combourg France;http://camping.combourg.bzh/;
Camping Vagues Océanes - Monte Cristo;639 Chem. des Canaux 30600 Vauvert France;https://www.camping-vagues-oceanes.com/camping-gard/monte-cristo.html;
Camping de l'Île d'Amour;175 route de bray 89140 Pont-sur-Yonne France;https://iledamour.com/;
Camping Saint Colomban des Villards;Hameau La Perrière 73130 Saint-Colomban-des-Villards France;https://www.capfun.com/camping-france-rhone_alpes-saint_colomban-FR.html;
Camping Le Roc de Lavandre - Tente 4 personnes - LODGE TOUT EQUIPE sans sanitaires - AU BORD DE L'ETANG DE PECHE;24260 Saint-Félix-de-Reillac-et-Mortemart France;https://www.holidu.de/d/45063523?ref_source=google_vr&utm_source=google_vr_eb;
Camping au Pradet Lou Pantaï : Ouvert toute l'année - Giens - Porquerolles - Hyères - Toulon;180 Chem. des Clapiers 83220 Le Pradet France;https://campingloupantai.com/;
Camping Homair - Les Salins de la Gardiole;31 Rte de Frontignan 34110 Vic-la-Gardiole France;https://www.campinglessalinsdelagardiole.com/?utm_campaign=gmb_search&utm_medium=organic&utm_source=google;
Camping à la ferme des Aresquiers;36bis Rte des Aresquiers 34110 Vic-la-Gardiole France;http://www.campingaresquiers.com/;
Camping l'oignon fait la force;Le Clos du Breuil 87600 Rochechouart France;https://www.leboncoin.fr/ad/locations_saisonnieres/2761598568;
Camping de Sainte-Mère-Église;6 Rue 505E Airborne 50480 Sainte-Mère-Église France;http://www.camping-sainte-mere.fr/;
Camping Beau Rivage - Chalet 6 personnes - Privilège 5/6 personnes 2 chambres;64190 Ogenne-Camptort France;;
Camping Puy de Dôme - LES NARCISSES;486 Route des Narcisses 63660 Saint-Clément-de-Valorgue France;http://www.campinglesnarcisses.com/;
Camping Municipal;Rte de Louhans 71330 Saint-Germain-du-Bois France;https://www.saintgermaindubois.fr/mairie-tourisme-bresse-71330/camping/;
Camping Beau Rivage - Tente 1 personne - Tente pélerins /randonneurs LIT A;64190 Ogenne-Camptort France;https://www.holidu.de/d/58359193?ref_source=google_vr&utm_source=google_vr_eb;
Camping Beau Rivage - Tente 1 personne - Tente pélerin randonneur LIT B;64190 Ogenne-Camptort France;https://www.holidu.de/d/58359194?ref_source=google_vr&utm_source=google_vr_eb;
Camping Beau Rivage - Tente 1 personne - Tente pélerins randonneurs LIT C;64190 Ogenne-Camptort France;https://www.holidu.de/d/58359195?ref_source=google_vr&utm_source=google_vr_eb;
Camping Beau Rivage - Tente 1 personne - Tente pélerins randonneurs LIT D;64190 Ogenne-Camptort France;https://www.holidu.de/d/58359196?ref_source=google_vr&utm_source=google_vr_eb;
Camping Moulin de Chaules - Tente 4 personnes - GLAMPING sans sanitaires;15600 Saint-Constant-Fournoulès France;;
Camping Aux Grands Espaces;36 Rue du Camping 50430 Saint-Germain-sur-Ay France;https://www.auxgrandsespaces.com/;
Camping Municipal Le Bocage;2 ter Rue Neuve 50700 Valognes France;http://www.valognes.fr/decouvrir-valognes/camping-municipal-bocage/;
Camping de la Grande Pâture;57 Rue de Vernoil 49390 Vernantes France;http://campinglagrandepature.com/;
Camping du Lac Marciac | 3 étoiles-familial-piscine | Gers;342 Chem. du Camping 32230 Marciac France;http://www.camping-marciac.com/;
Camping Le Grand Pré;16 Rte de Vicq 86260 Saint-Pierre-de-Maillé France;http://www.campinglegrandpre.com/?utm_source=google&utm_medium=wix_google_business_profile&utm_campaign=3352692174354298034;
Flower Camping Côté Lac;Etang du Prieuré Saint-Martin Plan d'eau de 79310 Verruyes France;https://campingcotelac.fr/;
Camping Le Clos des Pins;51 Chem. des Roselières 85270 Saint-Hilaire-de-Riez France;https://www.campingscollinet.com/campingleclosdespins/;
Camping du Lac de Condé;Promenade d'Orléans 02170 Le Nouvion-en-Thiérache France;http://www.camping-thierache.com/;
Camping Le Bosquet;7 Rue de l'Océan 85520 Jard-sur-Mer France;http://www.campinglebosquet.fr/;
Camping l’r pur;Beauregard 85520 Saint-Vincent-sur-Jard France;https://www.campinglrpur.com/;
camping municipal de la Sélune;Rue de Marly 50600 Saint-Hilaire-du-Harcouët France;http://st-hilaire.fr/;
Camping Sainte-Claire;19 rue grande Flandres 76270 Neufchâte-en-bray France;http://www.camping-sainteclaire.com/;
30€/nuit mobilhome 4 pers Camping Amour d’Ariege;63 Rte de Castillon 09200 Moulis France;https://www.guide-toulouse-pyrenees.com/fr/tourisme/se-loger/camping/campings/moulis-209/camping-amour-d-ariege-8594.html;
Camping Les Asphodèles Col de Portet d'Aspet;Col 31160 Portet-d'Aspet France;https://www.camping-frankrijk.nl/camping/portet-aspet/asphodeles/;
Camping Au Soleil d'Oc - Mobilhome 4 personnes - Cottage Grand Confort 2 chambres TV - Lave vaisselle;19400 Monceaux-sur-Dordogne France;https://www.holidu.de/d/61895954?ref_source=google_vr&utm_source=google_vr_eb;
Camping Au Soleil d'Oc - Mobilhome 6 personnes - FAMILY;19400 Monceaux-sur-Dordogne France;https://www.holidu.de/d/36370545?ref_source=google_vr&utm_source=google_vr_eb;
Camping Le Moulin de Serre;Les Moulins de Serre 63690 Singles France;https://www.moulindeserre.com/;
Camping En Salvan / Lac de Saint-Férréol;2645 ROUTE DU LAC 31250 Vaudreuille France;http://www.campingensalvan.com/;
Camping de la rigole 4* - Tarn - Les Cammazes - St Ferréol;4 Rte du Barrage 81540 Les Cammazes France;http://www.campingdelarigole.com/;
Base de Loisirs du Colvert - Camping/Aire d'accueil des camping-cars/Restaurant;Base de loisirs du Colvert Route de Fresnes 55160 Bonzée France;http://base-de-loisirs-du-colvert.fr/;
Camping Siblu Club Le Marisol Funpass inclus - Mobilhome 6 personnes - Essentiel 3ch 6p Basic Clim;66440 Torreilles France;https://www.holidu.de/d/62614451?ref_source=google_vr&utm_source=google_vr_eb;
Camping La Riviere;Camping à la ferme La Riviere 20110 Arbellara France;http://camping.la.riviere.encorsedusud.fr/;
Camping L'Avéna - Vacances André Trigano;route De Tizzano 20100 Sartène France;https://vacances-andretrigano.com/camping/corse-du-sud/l-avena-sartene;
Camping U Libecciu;route de porto pollo D157 20113 Olmeto France;https://campingulibecciu.com/;
Camping municipal Les Acacias;2 impasse des Acacias 76910 Touffreville-sur-Eu France;http://www.camping-acacias.fr/;
Camping de la Foux;933 Chem. de Saint-Jean la Foux 83300 Draguignan France;http://www.camping-lafoux.com/;
Camping Les Mouettes;43 Rue de la Plage 76910 Criel-sur-Mer France;http://www.camping-lesmouettes.fr/;
Camping L'Orée des Vosges - Onlycamp;Rue des Oeuvres 88340 Le Val-d'Ajol France;https://camping-val-dajol.fr/;
Camping La Crèche;9 Les Mousses 88340 Le Val-d'Ajol France;https://lacreche.com/;
Camping Fraiteux;81 Rue du Camping 88370 Plombières-les-Bains France;https://campingfraiteux.com/;
Camping de l’Étang du Merle;Le Merle 58330 Crux-la-Ville France;https://www.camping-etang-du-merle.fr/;
Camping Caravaning de Grand Vigne NATURA SERENA;11 RUE DU PARADIS 79120 Messé France;;
Camping La Petite Camargue Yelloh! Village;D62 30220 Aigues-Mortes France;https://www.yellohvillage-petite-camargue.com/?utm_source=google_my_business&utm_medium=organic&utm_campaign=cta_site_web;
Camping Ushuaïa Villages Le Viaduc - Unique 2 personnes - YOURTE sans sanitaires 26 m²;07410 Arlebosc France;https://www.holidu.de/d/36444412?ref_source=google_vr&utm_source=google_vr_eb;
Camping Ushuaïa Villages Le Viaduc - Unique 6 personnes - YOURTE sans sanitaires 30m²;07410 Arlebosc France;https://www.holidu.de/d/36377875?ref_source=google_vr&utm_source=google_vr_eb;
Camping Coeur d'Ardèche - Tente en toile et en bois 5 personnes - Grand lodge 25m² (2 chambres) 5 pers;07360 Saint-Vincent-de-Durfort France;https://www.holidu.fr/d/37699500?ref_source=google_vr&utm_source=google_vr_eb;
Camping Coeur d'Ardèche - Tente en toile et en bois 5 personnes - Petit Lodge 3 Pièces 5 Personnes Sans Sanitaire;07360 Saint-Vincent-de-Durfort France;https://www.holidu.fr/d/49257598?ref_source=google_vr&utm_source=google_vr_eb;
Camping Municipal du Pont Vieux;PONT VIEUX 30120 Avèze France;https://www.campingcarpark.com/fr_FR/sejour/camping/occitanie/30-gard/aveze;
Camping Le Salins les Bains;2 Av. Charles de Gaulle 39110 Salins-les-Bains France;https://www.campinglesalinslesbains.fr/;
Camping le Domaine de Gajan - Mobilhome 4 personnes - Prestige - 2 chambres;34160 Boisseron France;https://www.holidu.de/d/40185101?ref_source=google_vr&utm_source=google_vr_eb;
Camping le Domaine de Gajan - Mobilhome 6 personnes - Family plus - 3 chambres;34160 Boisseron France;https://www.holidu.de/d/40185096?ref_source=google_vr&utm_source=google_vr_eb;
Camping le Domaine de Gajan - Mobilhome 6 personnes - Confort Tribu - 3 chambres;34160 Boisseron France;https://www.holidu.de/d/40185102?ref_source=google_vr&utm_source=google_vr_eb;
Camping Le Bol d'Air;Le 73170 Saint-Paul-sur-Yenne France;https://campingleboldair.fr/;
Camping Ile De La Comtesse - Lodge 5 personnes - Lodge Havana 27m² 2 chambres 2020;01300 Murs-et-Gélignieux France;;
Camping Le Bilos;37 Rte de Bilos 33770 Salles France;http://lebilos.wixsite.com/camping-lebilos;
Camping Le Touring;20 route de Saint Martin 12410 Salles-Curan France;https://cyvp.com/camping/;
Camping les Genêts | Camping Aveyron;Lac de Pareloup 12410 Salles-Curan France;https://www.camping-les-genets.fr/fr/;
Camping Presqu'Ile Mas;Le Mas d'Atche 12410 Salles-Curan France;http://www.camping-lapresquile.com/;
Camping de Villapourçon;58370 Villapourçon France;https://7milepinecrest.com/camping-villapourcon-2hvv2d;
Camping la Fougeraie - Hébergement 2 personnes - Cocon pilotis;58120 Saint-Léger-de-Fougeret France;https://www.holidu.de/d/53798396?ref_source=google_vr&utm_source=google_vr_eb;
Camping la Fougeraie - Hébergement 2 personnes - Cocon Etang;58120 Saint-Léger-de-Fougeret France;https://www.holidu.de/d/53798391?ref_source=google_vr&utm_source=google_vr_eb;
Camping Le Roc de Lavandre - Mobilhome 2 personnes - 20.7 m²;24260 Saint-Félix-de-Reillac-et-Mortemart France;https://www.holidu.de/d/48189394?ref_source=google_vr&utm_source=google_vr_eb;
Camping de la Seuge | Saugues;Av. du Gévaudan 43170 Saugues France;https://www.campingdelaseuge.fr/;
Camping Bois Sigu;315 Vieille Route 38250 Lans-en-Vercors France;http://www.camping-lans-en-vercors.fr/;
Camping Sites et Paysages - Les Pinèdes - Chalet 2 personnes - Chalet Confort Duo Tonga (pas de possiblité de lit bébé);06480 La Colle-sur-Loup France;https://www.holidu.de/d/62548429?ref_source=google_vr&utm_source=google_vr_eb;
Camping des Cèpes;Pont de la Lune 34330 La Salvetat-sur-Agout France;http://www.camping-des-cepes.com/;
Camping les Fées du lac;12 Rte des Corniches 81320 Nages France;https://www.lesfeesdulac.com/;
Camping La Provençale;1198 Rue Jean Monnet 06210 Mandelieu-la-Napoule France;https://campingprovencale.com/;
Camping La Roubine Sandaya - Vallon Pont d'Arc - 5 étoiles;672 Chem. de la Roubine 07150 Vallon-Pont-d'Arc France;https://www.sandaya.fr/nos-campings/la-roubine?utm_source=google&utm_medium=gbp&utm_campaign=cta_siteweb_LaRoubine;
Camping des Noires Mottes;Rue Pierre Dupuy 62231 Sangatte France;https://www.campingdesnoiresmottes.fr/;
Camping l'Ardéchois - Mobilhome 4 personnes - 24.9 m²;07190 Gluiras France;https://www.holidu.de/d/47132679?ref_source=google_vr&utm_source=google_vr_eb;
Camping l'Ardéchois - Mobilhome 6 personnes - 33 m²;07190 Gluiras France;https://www.holidu.de/d/47132678?ref_source=google_vr&utm_source=google_vr_eb;
CAMPING CHAMP FOSSE;1 Rue du Champ Fossé 03360 Saint-Bonnet-Tronçais France;http://www.campingstroncais.com/;
Camping écologique Le Lac Ô Fées - Insolites en Bretagne - Via Natura;LAC DU BEL AIR 56320 Priziac France;http://www.campinglelacofees.fr/;
Camping Le Mas de l'Isle;85 Chem. du Clapas 34400 Lunel France;http://www.campingmasdelisle.com/;
Camping du Pont de Lunel;126 Chem. des Nouguies 34400 Lunel France;https://www.campingdupontdelunel.com/site-camping;
Camping de l'Ouveze;180 Chem. des Oliviers 07000 Saint-Julien-en-Saint-Alban France;https://campingdelouveze.com/;
Camping de Beaufort;Lieu-dit Beaufort 87400 Saint-Léonard-de-Noblat France;http://www.campingdebeaufort.fr/;
Camping Intercommunal Le Pâtis;Rue des Lavandières 70200 Les Aynans France;https://sites.google.com/view/camping-lesaynans/accueil;
Camping Paradis Le Tastesoule;2 Rte des Grigots 33590 Vensac France;https://www.campingletastesoule.fr/;
Camping des Familles;3 Chem. de la Lande 33590 Grayan-et-l'Hôpital France;https://www.camping-des-familles.com/;
Camping Yelloh! Village Medoc Ocean;44 Rte de Saint-Vivien 33590 Vensac France;https://www.medoc-ocean.com/;
Camping Municipal du Gurp;51 Rte de l'Océan 33590 Grayan-et-l'Hôpital France;https://campinglegurp-medoc.com/;
Camping Les Franquettes;50 Rue des Goélands 33590 Grayan-et-l'Hôpital France;http://www.camping-lesfranquettes.com/;
Camping Le Ranch;4 Rue de la Bâche 33990 Naujac-sur-Mer France;http://camping-ranch.fr/;
Nicoll's Camp - Camping des Pins à Soulac-sur-Mer en Gironde;213 Pass. de Formose 33780 Soulac-sur-Mer France;https://www.campingdespins.fr/;
Camping des Tourbières - OUVERT DU 3 Avril au 1 Octobre 2026;Rte des Tourbières 24320 Vendoire France;http://www.camping-des-tourbieres.com/;
Camping Le Pontis - Tente en toile et en bois 4 personnes - Tente africaine lodge avec sanitaires;24320 Verteillac France;https://www.holidu.de/d/51414881?ref_source=google_vr&utm_source=google_vr_eb;
Camping de La Dronne;Le Chalard E 24600 Villetoureix France;https://www.guide-du-perigord.com/fr/tourisme/se-loger/campings/villetoureix-154/camping-de-la-dronne-7879.html;
Camping d'Arpheuilles - Mobilhome 4 personnes - Mobil home 2 chambres avec télévision 4 pers;42590 Vézelin-sur-Loire France;https://www.holidu.de/d/62569310?ref_source=google_vr&utm_source=google_vr_eb;
Camping Les Résidences La Becque - Mobilhome 6 personnes - 3 chambres - PREMIUM - 2 salles de bain;59380 Warhem France;https://www.holidu.de/d/51596713?ref_source=google_vr&utm_source=google_vr_eb;
Camping Les Résidences La Becque - Mobilhome 6 personnes - Confort Plus -3 chambres;59380 Warhem France;https://www.holidu.de/d/51584812?ref_source=google_vr&utm_source=google_vr_eb;
Eden Camping Car Eurl;34 Av. Roger Cadet 64230 Lescar France;;
Camping Val de Boutonne;56 Quai de Bernouet 17400 Saint-Jean-d'Angély France;https://www.camping-charente-maritime-17.com/;
Camping La Nouvelle Plage;1 A Rue Principale 37250 Veigné France;https://www.campinglanouvelleplage-veigne.com/;
Camping Municipal de Sérent;29 Rue Général de Gaulle 56460 Sérent France;https://www.serent.fr/accueil-camping.html;
Camping du Perche Bellemois - Mobilhome 4 personnes - 2 chambres 4 pers-quartier premium;61130 Bellême France;https://www.holidu.de/d/51090335?ref_source=google_vr&utm_source=google_vr_eb;
Camping Le Panorama;41 Rte de la Turballe 44350 Guérande France;https://www.camping-lepanorama.fr/-Hebergement-locatif-;
Camping de la Cité d'Alet;All. Gaston Buy 35400 Saint-Malo France;https://www.camping-saintmalo.fr/;
Camping de Montfort changement de propriétaires;82 Rue Saint-Pierre 27290 Montfort-sur-Risle France;https://www.campingdemontfort.fr/;
Camping Municipal de Villes-sur-Auzon;30 Chem. du Stade 84570 Villes-sur-Auzon France;http://villes-sur-auzon.fr/campingmunicipal/index.html;
Restaurant & Camping La Cerise - Pizzeria & Pizza à emporter La Cerise;660 Chem. de l'Annonciade 84570 Malemort-du-Comtat France;https://www.campinglacerise.fr/;
Camping Domaine de la Bergerie - Vence;1330 Chem. de la Sine 06140 Vence France;https://www.camping-domainedelabergerie.com/;
Camping Le Val de Cesse - Tente en toile et en bois 4 personnes - Glamping Lodge PREMIUM 34m² - 2 chambres - TV - climatisation - terrasse couverte;11120 Mirepeisset France;;
Camping Le Val de Cesse - Mobilhome 4 personnes - MALIN 20m² - 2 chambres - climatisation - terrasse;11120 Mirepeisset France;https://www.holidu.de/d/57069331?ref_source=google_vr&utm_source=google_vr_eb;
Camping La Farigoulette - Ciela Village;lac de st laurent 1029 Rte de Montpezat 04500 Saint-Laurent-du-Verdon France;https://camping-la-farigoulette-verdon.com/;
Camping Estefana;Les Meynards Lieu dit 71110 Chambilly France;https://estefana.fr/;
Camping Clicochic - Grisière;7 Chem. du Langard 39130 Clairvaux-les-Lacs France;https://www.clicochic.com/camping-france-franche_comte-grisiere-FR.html;
Camping Capfun - Pergola;1 Rue des Vernois 39130 Marigny France;https://www.capfun.com/camping-france-franche_comte-pergola-FR.html;
Camping Clicochic - Trélachaume;50 Rue du Mont du Cerf Rte du 39260 Maisod France;https://www.clicochic.com/camping-france-franche_comte-trelachaume-FR.html;
Camping Homair - La Baie des Anges;Chem. des Plaine Baronnes 13600 La Ciotat France;https://www.camping-la-ciotat.com/?utm_campaign=gmb_search&utm_medium=organic&utm_source=google;
Camping Le Jardin des Cévennes;10 ROUTE DU CHATEAU D'AYRES 48150 Meyrueis France;http://www.campinglejardindescevennes.com/;
Camping le pré de Charlet;637 Rte de Florac 48150 Meyrueis France;http://www.camping-cevennes-meyrueis.com/;
Camping Le Capelan;Route de millau 48150 Meyrueis France;https://www.campingcapelan.com/fr/;
Camping de l'île Blanc;1205 Chem. de l'Île Blanc 26200 Ancône France;https://www.camping-montelimar.com/;
Les Eaux Chaudes | Camping Alpes de Haute-Provence;32 Av. des Thermes 04000 Digne-les-Bains France;https://www.campingleseauxchaudes.com/;
Camping Le Paisserou;Roc du Pont 12270 Najac France;http://www.camping-aveyron-najac.com/;
Camping des Etoiles;de Sourbins 12270 Najac France;http://www.campingdesetoiles.fr/;
Camping du Pré Morjal;4 chemin du Rte du Beldou 48320 Ispagnac France;http://camping-premorjal.com/;
Camping de l'Aiguebelle;l'aiguebelle lieu dit le cantonnet bas Aiguebelle 48320 Ispagnac France;http://www.camping-aiguebelle.fr/;
Camping Del Ron;Route des Gorges du Tarn 48320 Ispagnac France;http://camping-delron.com/;
Camping les 2 Vallées;Route de L'estrade Basse 12230 Nant France;https://www.lesdeuxvallees.com/;
CAMPING DES VERNEDES;Rte du Durzon 12230 Nant France;http://christophemalzac.wixsite.com/camping-les-vernedes;
Camping Le Vialaret;Route de Millau Le Vialaret 12230 Nant France;http://campinglevialaret.jimdo.com/;
Camping La Vallée des Vignes - Lodge 4 personnes - Mini-Wood Lodge Premium 2 chambres 4 pers;49700 Doué-en-Anjou France;;
Camping de Montolieu près de Carcassonne;775 Route de Carcassonne 11170 Montolieu France;https://www.campingdemontolieu.com/;
Camping Les Terrasses de Bertheaume;Rue du Perzel 29217 Plougonvelin France;http://www.camping-brest.com/;
Camping Les Allées;Les Allées 47430 Le Mas-d'Agenais France;;
Camping Les Ephélides;365 Quartier Tuves 26170 Buis-les-Baronnies France;http://www.ephelides.com/;
Camping Eden Villages - Palmyre Loisirs;28 Av. des Mathes 17570 Les Mathes France;https://www.eden-villages.fr/campings/palmyreloisirs/;
Camping Intercommunal 2* Les Royères du Prieuré;52 Chem. de la Combe Saint-Pierre 84660 Maubec France;http://www.campingmaubec-luberon.com/;
Camping La Draille;La Draille 46200 Souillac France;https://www.beteruitvakantieparken.nl/ladraille;
Camping Sites et Paysages - Les Hirondelles - Mobilhome 8 personnes - Premium Lacave - 3 ch - TV - clim - LV - 2 SDB;46350 Loupiac France;;
Camping Le Picouty - Mobilhome 5 personnes - Grand Large Clim 2 chambres;46350 Payrac France;https://www.holidu.de/d/54917337?ref_source=google_vr&utm_source=google_vr_eb;
Camping Sites et Paysages - Les Hirondelles - Mobilhome 6 personnes - Premium Lacave - 2 ch - TV - clim - LV - 2 SDB;46350 Loupiac France;;
Camping Sites et Paysages - Les Hirondelles - Mobilhome 4 personnes - Cottage Select TV LV Clim - 2 Ch / 2 Salles d'eau - 4 pers.;46350 Loupiac France;https://www.holidu.de/d/57514612?ref_source=google_vr&utm_source=google_vr_eb;
Camping La Tulipe de Vigne;Route de Lons-le-Saunier 39800 Poligny France;http://www.camping-poligny.com/;
Camping Homair - Lou Pignada;460 Rte du Qur Caliot 40660 Messanges France;https://www.loupignada.com/?utm_campaign=gmb_search&utm_medium=organic&utm_source=google;
Camping De La Côte;361 Chem. de la Côté 40660 Messanges France;http://www.campinglacote.com/;
Camping Landes - Camping De Moïsan à Messanges;1077 avenue de l'ocean 40660 Messanges France;https://www.camping-moisan.com/;
Camping Kalliste;332 Rte de la Roya 20217 Saint-Florent France;https://www.camping-saintflorent.com/?utm_campaign=gmb_search&utm_medium=organic&utm_source=google;
Camping Du Moulin Du Rayol;2295 Rte du Moulin du Rayol 07660 Lavillatte France;https://www.moulindurayol.com/;
Camping le Chamois Pralognan la Vanoise;193 Rte de l'Isertan 73710 Pralognan-la-Vanoise France;https://lecristalpralognan.fr/camping-le-chamois/;
Camping Le Port Chéri;2 Imp. du Petit Bois 44210 Pornic France;http://www.camping-leportcheri.com/;
Camping Capfun - Madrague;La Madrague 44210 Pornic France;https://www.capfun.com/camping-france-pays_de_la_loire-madrague-FR.html;
Camping Pornic | Les Bleuets;44210 Pornic France;https://www.campinglesbleuets.com/;
Camping Les Combes à Modane;830 Rte de Bardonnèche 73500 Modane France;https://www.campingmodane.com/;
Camping Le Jalinier - Onlycamp;108 Av. Guillaume de Plaisians 26170 Buis-les-Baronnies France;https://camping-buis-les-baronnies.fr/;
Eco-camping au jardin Le Houx;anciennement LA POMMERAYE FR 9 Le Houx 49620 Mauges-sur-Loire France;https://ecocampinglehoux.com/;
Camping Les Epinettes;Imp. du Mont Pinet 62231 Peuplingues France;http://www.lesepinettes.fr/;
Camping de la Mer;81 Rte de Cabourg 14810 Merville-Franceville-Plage France;https://camping-franceville.fr/;
Camping Oasis;Rte de Cabourg 14810 Merville-Franceville-Plage France;http://www.normandie-sur-mer.fr/;
Camping la Dune de Normandie - Cabourg;derrière le restaurant 83 Rte de Cabourg 14810 Merville-Franceville-Plage France;https://www.camping-la-dune-de-normandie.fr/;
Camping des Rivières;1 Rue du Port 53200 Daon France;https://camping-daon.fr/;
Camping Municipal du Bac;Rue du Port 53200 Ménil France;https://www.camping.menil53.fr/;
Camping l'Etoile du Drot;10 Le Stade 33580 Monségur France;http://www.camping-monsegur.com/;
Camping De La Bucle;15 Rue Germain Paget 39400 Morbier France;http://www.campingdelabucle.com/;
Camping et caravaneige Jura Le Champ de Mars;8 Rue du Camping 39150 Saint-Laurent-en-Grandvaux France;http://www.camping-saint-laurent-jura.fr/;
Camping le Beauvezé;Rte de la Moutonne 83320 Carqueiranne France;http://www.camping-beauveze.com/;
Camping l'Agrion Bleu;route du stade 120 Dessus de Chez Rouchillou 24300 Saint-Martial-de-Valette France;https://campinglagrionbleu.com/;
Camping Clicochic - Paradou;2 Imp. Ronsard 34340 Marseillan France;https://www.clicochic.com/camping-france-languedoc_roussillon-paradou-FR.html;
Camping La Plage;69 Chem. du Payrollet 34340 Marseillan France;http://www.laplage-camping.net/;
Camping Le Nautic;8 Imp. des Colverts 34340 Marseillan France;http://www.campinglenautic34.com/;
Camping Aici sèm pla **;2855 Rte de Montricoux 82800 Vaïssac France;http://www.aicisempla.com/;
Camping**** Le Garden;44 Pl. des Tamaris 34280 La Grande-Motte France;http://www.legarden.fr/fr/acces.html;
Camping Maïana;95 Pl. des Tamaris 34280 La Grande-Motte France;https://www.maiana-holidays.com/;
Camping Capfun - Or;All. des Pins 34280 La Grande-Motte France;https://www.capfun.com/camping-france-languedoc_roussillon-or-FR.html;
Camping La Petite Motte;195 All. des Peupliers 34280 La Grande-Motte France;https://camping-lapetitemotte.com/;
Tahiti Village | Camping La Grande Côte | Camping Saint Palais | Royan;167 Av. de la Grande Côte 17420 Saint-Palais-sur-Mer France;https://chadotel-tahitivillage.com/;
Camping Domaine de la Roselière - Mobilhome 6 personnes - Confort Plus - 3 chambres;80860 Noyelles-sur-Mer France;https://www.holidu.de/d/49075156?ref_source=google_vr&utm_source=google_vr_eb;
Camping Le Mayet de Montagne;03250 Le Mayet-de-Montagne France;https://www.le-mayet-de-montagne.fr/camping-municipal-mayet-de-montagne-;
Camping Municipal de la Boulère;03120 Arfeuilles France;https://www.intramuros.org/arfeuilles/page/camping;
Camping de La Route Bleue;57 b route bleue 03120 Saint-Prix France;https://www.campingdelaroutebleue.fr/;
Camping Sites et Paysages - Le Ventoulou - Tente en toile et en bois 4 personnes - Lodge Nature - Sans sanitaires;46500 Thégra France;https://www.holidu.de/d/36379272?ref_source=google_vr&utm_source=google_vr_eb;
Camping Sites et Paysages - Le Ventoulou - Mobilhome 4 personnes - Cottage Les Étoiles Occitanes (Arrivée dimanche);46500 Thégra France;https://www.holidu.de/d/50334233?ref_source=google_vr&utm_source=google_vr_eb;
Camping Sites et Paysages - Le Ventoulou - Mobilhome 6 personnes - Cottage Select TV LV Clim - 3 Ch / 2 Salles d'eau - 6 pers.;46500 Thégra France;https://www.holidu.de/d/57610199?ref_source=google_vr&utm_source=google_vr_eb;
Camping Vagues Océanes - Moulin de Cadillac;Moulin de Cadillac 56190 Noyal-Muzillac France;https://www.camping-vagues-oceanes.com/camping-morbihan/le-moulin-de-cadillac;
Camping Homair - Le Phare d'Opale;2 Rue de la Mer 62480 Le Portel France;https://www.campinglephare.com/?utm_campaign=gmb_search&utm_medium=organic&utm_source=google;
CAMPING LE MASSIOL;135 Traversée du Village 07200 Saint-Michel-de-Boulogne France;https://www.campinglemassiol.jimdofree.com/;
Camping Le Parc;3 chemin de chez Bouchet 86460 Availles-Limouzine France;http://www.camping-le-parc-availles.fr/;
Camping du Moulin de Prissey proche de Nuits-Saint-Georges;14 Rue du Moulin de Prissey 21700 Premeaux-Prissey France;http://www.cpg-moulin-prissey.fr/;
Camping Homair - La Plage d'Argens;541 Av. de la Cor d'Azur D559 83370 Fréjus France;https://www.laplagedargens.fr/?utm_campaign=gmb_search&utm_medium=organic&utm_source=google;
Le Petit Camping La Chagnée;5 la chagnee 79450 Saint-Aubin-le-Cloud France;https://www.lachagneevacances.fr/;
Camping Les Dolmens****;0 route d'Uzès 30430 Méjannes-le-Clap France;https://camping-lesdolmens.fr/;
Camping Domaine des Chênes Blancs Pausado - Lodge 5 personnes - LODGE PREMIUM;84490 Saint-Saturnin-lès-Apt France;;
Camping et Gîtes Les Trois Granges;Lieu-dit Les Trois Granges Ham. de Joncelets 34650 Joncels France;https://www.facebook.com/Camping-et-G%C3%AEtes-Les-3-Granges-100747059016398/;
Camping la Jonquille;6 rue des Jonquilles 70210 Hurecourt France;http://www.camping-la-jonquille.eu/;
Camping Le Tedey - Mobilhome 4 personnes - Premium - 2 chambres - Clim.;33680 Lacanau France;https://www.holidu.de/d/62330766?ref_source=google_vr&utm_source=google_vr_eb;
Mobilhome Reflet du Sud - Camping avec piscine à Port-la-Nouvelle;11210 Port-la-Nouvelle France;;
Camping Capfun - Côte Vermeille;2400 Chem. des Vignes 11210 Port-la-Nouvelle France;https://www.capfun.com/camping-france-languedoc_roussillon-cote_vermeille-FR.html;
Camping Les Bois Flottés de Camargue;Rte de la Mer 13129 Arles France;https://www.camping-les-bois-flottes.fr/;
Camping de Vaudois;169 Route Hypert Ollivier Route Départementale 7 83520 Roquebrune-sur-Argens France;https://www.campingdevaudois.com/;
camping la bayette;Chem. de la Carraire 83220 Le Pradet France;;
Camping Mauvallon 1;149 Chem. de la Gavaresse 83220 Le Pradet France;http://www.campingmauvallon.fr/;
Camping La Peyrade;24 Rue de la Peyrade Rte de Colombiès 12390 Rignac France;https://www.campinglapeyrade.fr/;
Camping Les Bords de Vienne - Onlycamp;4 Rue du Camping 37220 L'Île-Bouchard France;https://camping-ile-bouchard.fr/;
Camping & Camping-car Park du Layon ** - Saint-Aubin-de-Luigné;Rue Jean de Pontoise 49190 Val-du-Layon France;;
Camping Ferme de la Brauge;464 Rte de la Brauge 24620 Tursac France;https://www.ferme-labrauge.com/;
Camping Les Berges du Doux - Chalet 5 personnes - Panoramique 2021;07410 Colombier-le-Vieux France;;
Camping La Pensière;;;
AUBERGE CAMPING BASSOU;Talat nw akiwne Nkob 47072 Maroc;http://www.aubergebassou.com/;
Camping Aourir;5 Km after Aourir on the road (P1001) to Awrir 80000 Maroc;https://camping-aourir.com/;
Camping Assada;FXCC+MHP Asilah Maroc;;
Camping Atlantica d'Imourane;G868+3PM Tamraght Maroc;http://www.atlanticaparc.com/camping-imourane-km-14/;
Camping Auberge Ain Nakhla;douar tighmert ait massaoudAsrir 22 Guelmim 81000 Maroc;http://www.aainnakhla.jimdo.com/https://www.facebook.com/share/p/1BkVAsgxVS/;
Camping Auberge Touareg;W3V2+35J Tighmert Maroc;http://www.camping-touareg.com/;
Camping de la Vallée Abaynou;4X7H+XVG Guelmim 81000 Maroc;;
Camping Echrigui;Av. Khalid Ibn Oualid Asilah 90050 Maroc;;
Camping Equinox Tan Tan Plage;AVENUE AL WAHDA El Ouatia 82010 Maroc;;
Camping Hebergement Tissirt Errachidia;QQM9+RR8 Ouled Chaker Maroc;;
Camping La Palmeraie Tifnit - ???? ?????? ??????;Route de Tifnit Maroc;;
Camping Le Relais de Marrakech;P246+Q6R Ouahat Sidi Brahim Maroc;http://www.relaisdemarrakech.com/;
Camping l'Océan Bleu;PMQG+38H mansouria Mohammédia Maroc;;
Camping Mimosa;Mohammédia Maroc;https://www.campercontact.com/en/marocco/casablanca/mohammedia/74661/camping-mimosas;
Camping Palmeraie d'Amezrou;Zagora Maroc;;
Camping Riad Maissa;4 Km route Agadir Tiznit 85000 Maroc;;
Camping Riad Ocean View;El Berkanyine Maroc;;
Camping Said;Plage Tilal N°: 120 El Mansouria Mohammédia 13072 Maroc;;
Camping Village Touristique Briech;Route D'Asilah Briech Avenue Moulay Ismail Asilah 90050 Maroc;https://campingtouristique-hotelbriech.com/;
Accueil camping car Sajada;JRX7+XC Douar Erragueb Maroc;;
Camping Mehdia;Route Mehdya Kénitra Maroc;;
Camping Oasis Palmier;Zagora 47900 Maroc;;
Camping Spot ?????? ?????? ???????;6432+PHF Ajdir Maroc;;
SOUS LES PALMIERS BLEUS Camping Bivouac;OUIJJANE près de l'école Sebt Ouijjane 85003 Maroc;https://www.souslespalmiersbleus.com/;
Hamam Guelmim;XWRW+9H2 Guelmim 81000 Maroc;;
Hamam Istanbul ( Hamam beldi ) aux feux de bois;Hay lazrak Témara 12000 Maroc;;
Hamam Labita;R5J7+Q5X Sefrou Maroc;;
YUBA CYN SPA.hamam massage mixte jaccuzi sauna .;Just derrière l 14/16 rue kaab bno zohair résidence les roses/ Astoria. Champs de course vn Av. des Forces Armées Royales Fès Maroc;http://www.yubacynspa.com/;
Hamam El Mhirzat;JP29+QMW Rue Farhat Achad Kasbah Tadla Maroc;;
Hamam turk TAMO ELAISSAOUI PALACE;6X9V+88 Taza Maroc;;
Hamam Victoria;C87F+MF3 Bouskoura Maroc;;
Auberge des Dauphins - Département de la Drôme -maison de site de la forêt de Saoû;Girard 26400 Saou France;https://aubergedesdauphins.fr/;
Auberge du Lac;2887 Rte de Colmar 88400 Xonrupt-Longemer France;https://www.aubergedulac-gerardmer.com/;
Auberge Lou Jas;110 Rue des Bayles 04120 Soleilhas France;https://aubergeloujas.wordpress.com/;
Feel Jump Aubergenville Trampoline Park;Family Village ZAC du Trait d'Union 78410 Aubergenville France;https://aubergenville.feeljump.fr/;
Auberge de Jeunesse HI Cahors - Le Chai;52 Av. André Breton 46000 Cahors France;https://www.hifrance.org/auberges-de-jeunesse/cahors-le-chai/;
Auberge du pied des monts;6 Rue de la Fontaine 08400 Grivy-Loisy France;http://www.aubergedupieddesmonts.fr/;
Best Western Plus Pays du Mont Blanc - Auberge de l'Orangerie;3 CR dit de la Charlotte 74700 Sallanches France;http://www.orangeriemontblanc.com/;
Auberge du Presbytère;819 Rte des Collines;;
Auberge Les Cèdres;Auberge Les Cedres 5 Rue Lou Peyrol 24510 Saint-Marcel-du-Périgord France;http://www.lescedres.co/;
Auberge De CHAMPAGNE;1 Rue de Vertus 51130 Villeneuve-Renneville-Chevigny France;http://auberge-de-champagne.paqe.io/;
Auberge du Chaudron Fleuri;14 Rue Principale 55300 Rouvrois-sur-Meuse France;https://frmapsy.com/business/auberge-du-chaudron-fleuri;
Auberge Les Écureuils Restaurant Creperia Bar;Rue Carrer de la Coma 66340 Valcebollère France;https://www.aubergeecureuils.com/;
Auberge de la Petite Reine;21 Chem. du Moulin de Campagne 24170 Siorac-en-Périgord France;http://www.hotelperigordnoir.com/;
Aparra Surfcamp Auberge Saint-Jean-de-Luz;Dans Camping Municipal Chibau Berria 525 Chem. de Chibau Berria 64500 Saint-Jean-de-Luz France;https://aparra-surfcamp.com/;
Auberge de jeunesse HI Valdeblore - Le Chalet;48 Les Grêles 06420 Valdeblore France;https://www.hifrance.org/auberges-de-jeunesse/valdeblore-le-chalet/;
l'Auberge de la Fontaine;2 Pl. de la Fontaine 52210 Villiers-sur-Suize France;https://aubergedelafontaine.fr/;
L'Auberge du Lac;Route De La Digue 52200 Saint-Ciergues France;;
Auberg-In;lieu dit 4380 Rte d'Albi 81340 Saint-Julien-Gaulène France;https://www.salleaubergin.fr/;
Auberge de Saint-Aubin;21 Rue Saint-Barnabé 03160 Saint-Aubin-le-Monial France;http://aubergedesaintaubin.fr/;
Auberge Des Arcades;Le Bourg 12380 Pousthomy France;;
Logis Auberge des Moulins;2 Rue de Pontarlier 25110 Pont-les-Moulins France;https://www.auberge-des-moulins.fr/;
Auberge du Mesnil Rogues;route de l'auberge 50450 France;;
Auberge De La Charriole;225 Chem. de la Haute Fossé 88100 Taintrux France;http://www.charriole.fr/;
Auberge de Boisset;Le Bourg 42120 Notre-Dame-de-Boisset France;http://www.auberge-de-boisset.com/;
Auberge Des Etangs Roussent;91 Rue de la Vall. de l'Authie 62870 Roussent France;http://www.aubergedesetangs-roussent.fr/?utm_source=gmb;
Auberge le relais;2 Rue de Paris 02850 Reuilly-Sauvigny France;http://www.relaisreuilly.com/?utm_source=gmb;
La Petite Auberge;70 PLACE DU VILLAGE 71420 Marly-sur-Arroux France;http://www.la-petite-auberge-marly.com/;
Auberge Arougou;Auberge arougou km13 Route Oum rabiaa Aït Moussa 54000 Maroc;https://www.facebook.com/Aubergearougou/?locale=fr_FR;
auberge Brava Tifnit;5CP3+53 Laazib Maroc;;
Auberge de Tam;FWQH+39G Tameslohte Maroc;http://www.domainedetam.com/;
Auberge Derkaoua;7WR5+367 Douar Derkaoua Maroc;;
Auberge Jomana Park;P7223 Azrou Maroc;;
Aura Body & Head SPA;25 Rue Driot 80380 Villers-Bretonneux France;https://aurabodyheadspa-amiens.fr/;
Secret de Senteurs - Institut de Beauté;95 Grande Rue 91290 Arpajon France;https://www.secretdesenteurs.com/;
Destination bien être;2 Rue des Saules 70700 Gy France;http://www.institut-gy.fr/;
Aquabell'O;27 Rue Jeanne d'Arc 55140 Vaucouleurs France;https://aqua-bello.fr/?utm_source=gmb;
AQUAZEN;17 Rue Sébastopol 94510 La Queue-en-Brie France;;
Centre Thalaforme;2 Le Grand Pacage 87570 Rilhac-Rancon France;https://thalaforme.bonkdo.com/fr/;
La maison Maeva;la maison maeva 419 Av. du Born 40170 Lit-et-Mixe France;http://www.lamaisonmaeva.com/;
Milosun Soissons;12 Rue de la Buerie 02200 Soissons France;;
Aqualilya Beauty Hammam & Spa;N° 278 Sidi Kacem 16000 Maroc;;
Bilal Beauty Center;196 rue dakhla? Berrechid 26100 Maroc;;
Bouskoura Beauty;F85X+CHG P3009 Bouskoura Maroc;;
Center Benabidou;1éme étage immeuble khay Av. Bir Anzarane Taroudant 83000 Maroc;https://www.benabidou.com/;
Centre de Beauté Belle & Bien;8JHG+4Q5 Béni Mellal Maroc;;
Centre de beaute souha;5 ème étage num résidence Hania1 17 Av. des Forces Armées Royales Tétouan 93000 Maroc;;
Centre relaxanté;Témara Maroc;;
Costamar hammam and spa;JPJ9+QW8 Martil Maroc;http://www.costamar.com/;
Eucalyptus Spa;Promenade du Golf Ville Verte Bouskoura Casablanca Maroc;https://eucalyptus-spa.com/;
Five D Spa;Ahadaf Bd hassan 2 Lot Atlas N° 2 Etg 3 Azrou 53100 Maroc;https://www.5dspa.com/;
Instant Luxe Beauty&Spa;2F6G+HW Sidi Allal el Bahraoui Maroc;;
